frame_count,iat_mean,iat_std,iat_min,frame_rate_hz,unique_id_count,unknown_id_count,min_id,top_id_fraction,payload_mean,payload_std,payload_entropy,PWT_Speed_speed_kmh_max,PWT_Speed_speed_kmh_min,PWT_Speed_speed_kmh_range,BMS_State_battery_soc_max,BMS_State_battery_soc_min,BMS_State_battery_soc_range,BMS_State_pack_voltage_v_max,BMS_State_pack_voltage_v_min,BMS_State_pack_voltage_v_range,BMS_State_battery_temp_c_max,BMS_State_battery_temp_c_min,BMS_State_battery_temp_c_range,CHG_Status_grid_frequency_hz_max,CHG_Status_grid_frequency_hz_min,CHG_Status_grid_frequency_hz_range,CHG_Status_charging_state_max,CHG_Status_charging_state_min,CHG_Status_charging_state_range,window_index,start_s,end_s,label_binary,label_multi
67,0.007567727272727273,0.007761665276537877,0.0,134.0,5,0,192,0.3880597014925373,38.99626865671642,65.94856080798309,2.8786351102552303,5.88,0.54,5.34,85.0,85.0,0.0,401.1,399.70000000000005,1.3999999999999773,25.010000000000005,25.0,0.010000000000005116,50.0,49.96,0.03999999999999915,0.0,0.0,0.0,0,0.0,0.5,0,normal
62,0.007946229508196722,0.005721368964904462,0.00045000000000000595,124.0,5,0,192,0.4032258064516129,39.48991935483871,66.86357604560497,2.8970260476985494,8.57,3.73,4.84,85.0,84.99,0.010000000000005116,400.8,399.40000000000003,1.3999999999999773,25.010000000000005,25.0,0.010000000000005116,50.0,50.0,0.0,0.0,0.0,0.0,1,0.25,0.75,0,normal
61,0.008029166666666667,0.004568840586577257,0.0006000000000000449,122.0,5,0,192,0.4098360655737705,37.96516393442623,65.14256760611595,2.910047507120707,11.23,6.42,4.8100000000000005,85.0,84.99,0.010000000000005116,400.40000000000003,399.40000000000003,1.0,25.019999999999996,25.010000000000005,0.009999999999990905,50.03,49.99,0.03999999999999915,0.0,0.0,0.0,2,0.5,1.0,0,normal
63,0.00783258064516129,0.004551132058915667,8.000000000008001e-05,126.0,5,0,192,0.3968253968253968,36.28968253968254,62.42245516977868,2.885032589267297,13.91,9.1,4.8100000000000005,84.99,84.98,0.009999999999990905,399.8,398.5,1.3000000000000114,25.019999999999996,25.010000000000005,0.009999999999990905,50.03,49.97,0.060000000000002274,0.0,0.0,0.0,3,0.75,1.25,0,normal
62,0.008089672131147538,0.0047449842257206954,8.000000000008001e-05,124.0,5,0,192,0.4032258064516129,37.0,62.92084120595112,2.9548878882664016,16.48,11.75,4.73,84.99,84.98,0.009999999999990905,399.70000000000005,398.5,1.2000000000000455,25.040000000000006,25.019999999999996,0.020000000000010232,49.980000000000004,49.97,0.010000000000005116,0.0,0.0,0.0,4,1.0,1.5,0,normal
62,0.007944590163934426,0.0046740794039743724,0.00012999999999996348,124.0,5,0,192,0.4032258064516129,37.38709677419355,63.85233212168317,3.002162672114066,19.14,14.41,4.73,84.98,84.97,0.010000000000005116,399.70000000000005,399.0,0.7000000000000455,25.040000000000006,25.03,0.010000000000005116,49.980000000000004,49.980000000000004,0.0,0.0,0.0,0.0,5,1.25,1.75,0,normal
63,0.00800306451612903,0.004582966917841675,0.00012999999999996348,126.0,5,0,192,0.4126984126984127,38.54365079365079,65.4251213778517,2.9526666714575462,21.8,17.02,4.780000000000001,84.97,84.96000000000001,0.009999999999990905,399.6,398.90000000000003,0.6999999999999886,25.060000000000002,25.040000000000006,0.01999999999999602,50.01,49.980000000000004,0.02999999999999403,0.0,0.0,0.0,6,1.5,2.0,0,normal
63,0.007809677419354838,0.005792919194945453,0.00016999999999978144,126.0,5,0,192,0.3968253968253968,37.24603174603175,63.549997378384234,2.956112856766662,24.45,19.66,4.789999999999999,84.97,84.95,0.01999999999999602,399.6,398.70000000000005,0.8999999999999773,25.070000000000007,25.049999999999997,0.020000000000010232,50.03,50.01,0.020000000000003126,0.0,0.0,0.0,7,1.75,2.25,0,normal
63,0.00787822580645161,0.007804537043613851,7.00000000000145e-05,126.0,5,0,192,0.3968253968253968,35.88690476190476,61.249822700932704,2.962815059748544,27.05,22.330000000000002,4.719999999999999,84.96000000000001,84.94,0.020000000000010232,399.5,398.6,0.8999999999999773,25.090000000000003,25.070000000000007,0.01999999999999602,50.03,50.03,0.0,0.0,0.0,0.0,8,2.0,2.5,0,normal
62,0.007892622950819668,0.008014279449042346,7.00000000000145e-05,124.0,5,0,192,0.4032258064516129,36.497983870967744,61.7412328565352,2.9902294176296866,29.69,24.98,4.710000000000001,84.95,84.93,0.01999999999999602,399.20000000000005,398.40000000000003,0.8000000000000114,25.11,25.08,0.030000000000001137,50.03,50.02,0.00999999999999801,0.0,0.0,0.0,9,2.25,2.75,0,normal
62,0.007877377049180333,0.006917144275162121,0.00026999999999999247,124.0,5,0,192,0.4032258064516129,35.04032258064516,59.91127838158101,3.0012505940506555,32.26,27.580000000000002,4.679999999999996,84.93,84.91,0.020000000000010232,399.20000000000005,397.90000000000003,1.3000000000000114,25.129999999999995,25.099999999999994,0.030000000000001137,50.02,50.01,0.010000000000005116,0.0,0.0,0.0,10,2.5,3.0,0,normal
63,0.007777580645161287,0.006252223265337352,0.000360000000000138,126.0,5,0,192,0.3968253968253968,32.33134920634921,55.56055727909656,2.9676231149023264,34.76,30.19,4.569999999999997,84.92,84.9,0.01999999999999602,399.20000000000005,397.90000000000003,1.3000000000000114,25.150000000000006,25.120000000000005,0.030000000000001137,50.01,49.980000000000004,0.02999999999999403,0.0,0.0,0.0,11,2.75,3.25,0,normal
63,0.007848548387096777,0.006348750917731848,0.000360000000000138,126.0,5,0,192,0.3968253968253968,32.90079365079365,56.17961274571949,2.9551138962160204,37.160000000000004,32.76,4.400000000000006,84.9,84.88,0.020000000000010232,399.20000000000005,397.3,1.900000000000034,25.180000000000007,25.14,0.04000000000000625,50.01,49.980000000000004,0.02999999999999403,0.0,0.0,0.0,12,3.0,3.5,0,normal
62,0.00790344262295082,0.006780616028217372,4.000000000026205e-05,124.0,5,0,192,0.4032258064516129,35.38508064516129,59.53447513017776,3.0238222462194955,39.34,35.26,4.080000000000005,84.89,84.87,0.01999999999999602,398.8,397.3,1.5,25.200000000000003,25.159999999999997,0.04000000000000625,50.02,50.01,0.010000000000005116,0.0,0.0,0.0,13,3.25,3.75,0,normal
62,0.007928196721311478,0.0070870048491441795,4.000000000026205e-05,124.0,5,0,192,0.4032258064516129,36.274193548387096,61.323387727800494,3.028672895287202,41.410000000000004,37.56,3.8500000000000014,84.87,84.84,0.030000000000001137,398.8,398.0,0.8000000000000114,25.230000000000004,25.189999999999998,0.04000000000000625,50.02,49.980000000000004,0.03999999999999915,0.0,0.0,0.0,14,3.5,4.0,0,normal
63,0.007753870967741928,0.006477400751804691,0.00011999999999989797,126.0,5,0,192,0.3968253968253968,38.317460317460316,64.2598767399174,3.028429249939338,43.550000000000004,39.730000000000004,3.8200000000000003,84.86,84.83,0.030000000000001137,399.90000000000003,398.0,1.900000000000034,25.25,25.210000000000008,0.03999999999999204,50.0,49.95,0.04999999999999716,0.0,0.0,0.0,15,3.75,4.25,0,normal
63,0.00784451612903225,0.006665140338628364,9.000000000014552e-05,126.0,5,0,192,0.3968253968253968,38.44047619047619,62.50679668259504,3.0465486162420277,45.54,41.89,3.6499999999999986,84.84,84.81,0.030000000000001137,399.90000000000003,397.90000000000003,2.0,25.28,25.239999999999995,0.04000000000000625,50.01,49.95,0.05999999999999517,0.0,0.0,0.0,16,4.0,4.5,0,normal
62,0.0079211475409836,0.006952407791045179,7.00000000000145e-05,124.0,5,0,192,0.4032258064516129,34.038306451612904,56.018579006487556,3.038317997182925,47.44,43.94,3.5,84.82000000000001,84.79,0.030000000000001137,398.90000000000003,397.90000000000003,1.0,25.299999999999997,25.260000000000005,0.03999999999999204,50.03,50.01,0.020000000000003126,0.0,0.0,0.0,17,4.25,4.75,0,normal
62,0.008082786885245906,0.005790626153505697,7.00000000000145e-05,124.0,5,0,192,0.4032258064516129,34.306451612903224,59.42091890519686,3.073990363137649,49.21,45.910000000000004,3.299999999999997,84.8,84.76,0.03999999999999204,398.90000000000003,397.40000000000003,1.5,25.340000000000003,25.290000000000006,0.04999999999999716,50.03,49.980000000000004,0.04999999999999716,0.0,0.0,0.0,18,4.5,5.0,0,normal
63,0.007801451612903214,0.004155236046543872,0.0007700000000001594,126.0,5,0,192,0.3968253968253968,39.12103174603175,66.81420604253432,3.065874701651722,50.86,47.79,3.0700000000000003,84.78,84.75,0.030000000000001137,398.5,397.40000000000003,1.099999999999966,25.36,25.320000000000007,0.03999999999999204,50.050000000000004,49.980000000000004,0.07000000000000028,0.0,0.0,0.0,19,4.75,5.25,0,normal
63,0.007881290322580649,0.004742116202393522,0.0005000000000006111,126.0,5,0,192,0.3968253968253968,38.62103174603175,65.47049827950941,2.9773164544363264,52.49,49.57,2.9200000000000017,84.76,84.72,0.04000000000000625,398.6,397.6,1.0,25.400000000000006,25.349999999999994,0.05000000000001137,50.050000000000004,49.99,0.060000000000002274,0.0,0.0,0.0,20,5.0,5.5,0,normal
62,0.00800016393442623,0.005023439972116022,0.0005000000000006111,124.0,5,0,192,0.4032258064516129,37.118951612903224,64.00412634528703,3.050627544466394,54.08,51.19,2.8900000000000006,84.74,84.7,0.03999999999999204,398.6,398.20000000000005,0.39999999999997726,25.430000000000007,25.379999999999995,0.05000000000001137,50.02,50.0,0.020000000000003126,0.0,0.0,0.0,21,5.25,5.75,0,normal
63,0.007962419354838707,0.004665966582255173,6.000000000039307e-05,126.0,5,0,192,0.3968253968253968,37.867063492063494,64.56149543624453,3.0313944697319024,55.45,52.82,2.6300000000000026,84.71000000000001,84.67,0.04000000000000625,398.6,397.0,1.6000000000000227,25.47,25.42,0.04999999999999716,50.01,49.99,0.01999999999999602,0.0,0.0,0.0,22,5.5,6.0,0,normal
63,0.00780983870967742,0.004561945853907654,6.000000000039307e-05,126.0,5,0,192,0.3968253968253968,38.99007936507937,65.8682991892833,3.054104871666159,56.94,54.39,2.549999999999997,84.69,84.65,0.03999999999999204,398.8,397.0,1.8000000000000114,25.5,25.439999999999998,0.060000000000002274,50.01,49.99,0.01999999999999602,0.0,0.0,0.0,23,5.75,6.25,0,normal
62,0.008085245901639357,0.0051279119217510945,0.00016999999999978144,124.0,5,0,192,0.4032258064516129,39.32056451612903,65.4614826148395,3.0691047457388043,58.35,55.7,2.6499999999999986,84.66,84.62,0.03999999999999204,398.8,397.40000000000003,1.3999999999999773,25.540000000000006,25.480000000000004,0.060000000000002274,49.99,49.980000000000004,0.00999999999999801,0.0,0.0,0.0,24,6.0,6.5,0,normal
62,0.00793360655737705,0.005723061783090565,0.0005199999999998539,124.0,5,0,192,0.4032258064516129,35.83467741935484,61.27194214524933,3.0087507619480336,59.67,57.27,2.3999999999999986,84.64,84.60000000000001,0.03999999999999204,399.0,397.40000000000003,1.599999999999966,25.570000000000007,25.510000000000005,0.060000000000002274,50.02,49.980000000000004,0.03999999999999915,0.0,0.0,0.0,25,6.25,6.75,0,normal
62,0.008175901639344264,0.006210745151315251,0.0002200000000005531,124.0,5,0,192,0.4032258064516129,35.608870967741936,61.92936469582513,2.9528919145117585,60.980000000000004,58.63,2.3500000000000014,84.61,84.57000000000001,0.03999999999999204,399.0,397.70000000000005,1.2999999999999545,25.61,25.560000000000002,0.04999999999999716,50.03,50.02,0.00999999999999801,0.0,0.0,0.0,26,6.5,7.0,0,normal
63,0.007849838709677424,0.006305051863882015,7.999999999963592e-05,126.0,5,0,192,0.3968253968253968,34.96230158730159,62.0822272789004,3.0393756888072123,62.17,59.92,2.25,84.59,84.55,0.04000000000000625,398.5,397.8,0.6999999999999886,25.64,25.58,0.060000000000002274,50.03,49.980000000000004,0.04999999999999716,0.0,0.0,0.0,27,6.75,7.25,0,normal
61,0.008097833333333337,0.0056289907596497055,7.999999999963592e-05,122.0,5,0,192,0.4098360655737705,37.62090163934426,67.00013559448107,3.0231757562593056,63.35,61.25,2.1000000000000014,84.56,84.52,0.04000000000000625,398.20000000000005,397.6,0.6000000000000227,25.689999999999998,25.629999999999995,0.060000000000002274,50.0,49.980000000000004,0.01999999999999602,0.0,0.0,0.0,28,7.0,7.5,0,normal
62,0.007987213114754095,0.005243570029998606,0.0009400000000008291,124.0,5,0,192,0.4032258064516129,37.431451612903224,65.61126460489929,3.048639766408606,64.5,62.440000000000005,2.059999999999995,84.54,84.49,0.05000000000001137,398.0,397.40000000000003,0.5999999999999659,25.72,25.659999999999997,0.060000000000002274,50.02,50.0,0.020000000000003126,0.0,0.0,0.0,29,7.25,7.75,0,normal
64,0.007909047619047616,0.004827260458833235,0.000280000000000058,128.0,5,0,192,0.40625,34.78515625,60.666068035707454,2.9756532219668927,65.65,63.59,2.0600000000000023,84.51,84.46000000000001,0.04999999999999716,398.0,396.6,1.3999999999999773,25.769999999999996,25.700000000000003,0.06999999999999318,50.02,50.0,0.020000000000003126,0.0,0.0,0.0,30,7.5,8.0,0,normal
63,0.00782903225806452,0.0040786749546948865,0.00023999999999979593,126.0,5,0,192,0.3968253968253968,40.007936507936506,67.42620846381244,2.995978294100545,66.69,64.76,1.9299999999999926,84.48,84.44,0.04000000000000625,398.0,396.6,1.3999999999999773,25.799999999999997,25.730000000000004,0.06999999999999318,50.01,50.0,0.00999999999999801,0.0,0.0,0.0,31,7.75,8.25,0,normal
63,0.007990000000000013,0.003944697134618823,0.00023999999999979593,126.0,5,0,192,0.3968253968253968,41.26587301587302,68.52421616062689,3.0917777634931247,67.56,65.88,1.6800000000000068,84.45,84.4,0.04999999999999716,398.0,396.90000000000003,1.099999999999966,25.840000000000003,25.78,0.060000000000002274,50.01,49.95,0.05999999999999517,0.0,0.0,0.0,32,8.0,8.5,0,normal
62,0.008044426229508196,0.0033323621930308345,0.0003499999999991843,124.0,5,0,192,0.4032258064516129,38.90725806451613,64.89765102537088,3.0000661858469644,68.46000000000001,66.86,1.6000000000000085,84.43,84.38,0.05000000000001137,398.0,397.5,0.5,25.879999999999995,25.810000000000002,0.06999999999999318,49.99,49.95,0.03999999999999915,0.0,0.0,0.0,33,8.25,8.75,0,normal
63,0.007972096774193551,0.003970988394511322,0.0007500000000000284,126.0,5,0,192,0.3968253968253968,38.75595238095238,66.59065580664931,2.971691939930306,69.32000000000001,67.75,1.5700000000000074,84.39,84.34,0.04999999999999716,399.20000000000005,397.1,2.1000000000000227,25.92,25.86,0.060000000000002274,50.02,49.99,0.030000000000001137,0.0,0.0,0.0,34,8.5,9.0,0,normal
62,0.007932786885245905,0.005016949674508238,0.0006199999999996209,124.0,5,0,192,0.4032258064516129,37.96370967741935,65.294360565995,2.9984554272497097,70.15,68.62,1.5300000000000011,84.37,84.32000000000001,0.04999999999999716,399.20000000000005,397.0,2.2000000000000455,25.960000000000008,25.89,0.07000000000000739,50.02,49.99,0.030000000000001137,0.0,0.0,0.0,35,8.75,9.25,0,normal
61,0.008103999999999978,0.006706957631196437,4.000000000026205e-05,122.0,5,0,192,0.4098360655737705,36.53688524590164,61.65695910999625,3.0040281023856155,71.02,69.51,1.509999999999991,84.33,84.28,0.04999999999999716,398.5,397.0,1.5,26.010000000000005,25.939999999999998,0.07000000000000739,50.01,49.99,0.01999999999999602,0.0,0.0,0.0,36,9.0,9.5,0,normal
62,0.00794147540983606,0.006989327188254749,4.000000000026205e-05,124.0,5,0,192,0.4032258064516129,40.73790322580645,68.19652471130998,3.03509221807879,71.64,70.34,1.2999999999999972,84.31,84.26,0.04999999999999716,398.70000000000005,397.6,1.1000000000000227,26.040000000000006,25.97,0.07000000000000739,50.01,50.0,0.00999999999999801,0.0,0.0,0.0,37,9.25,9.75,0,normal
62,0.008108524590163925,0.00525118716821518,0.00046999999999997044,124.0,5,0,192,0.4032258064516129,40.479838709677416,68.83520817027397,3.027098513609622,72.4,71.13,1.2700000000000102,84.27,84.22,0.04999999999999716,398.70000000000005,396.5,2.2000000000000455,26.090000000000003,26.019999999999996,0.07000000000000739,50.0,49.980000000000004,0.01999999999999602,0.0,0.0,0.0,38,9.5,10.0,0,normal
63,0.007801612903225817,0.005146164620546915,0.0010499999999993292,126.0,5,0,192,0.3968253968253968,39.083333333333336,66.78294175553971,2.9585777175354475,73.03,71.78,1.25,84.25,84.19,0.060000000000002274,398.5,396.5,2.0,26.120000000000005,26.060000000000002,0.060000000000002274,50.01,49.980000000000004,0.02999999999999403,0.0,0.0,0.0,39,9.75,10.25,0,normal
63,0.007960806451612904,0.006788080706077075,1.9999999999242846e-05,126.0,5,0,192,0.3968253968253968,44.464285714285715,72.38353202639935,3.0121507835253043,73.69,72.56,1.1299999999999955,84.21000000000001,84.15,0.060000000000002274,397.8,397.0,0.8000000000000114,26.180000000000007,26.11,0.07000000000000739,50.02,49.99,0.030000000000001137,0.0,0.0,0.0,40,10.0,10.5,0,normal
62,0.00791409836065572,0.00749038583283622,1.9999999999242846e-05,124.0,5,0,192,0.4032258064516129,44.88508064516129,73.50935931189382,2.9537142637731053,74.24,73.14,1.0999999999999943,84.18,84.13,0.05000000000001137,397.6,397.0,0.6000000000000227,26.210000000000008,26.14,0.07000000000000739,50.02,49.980000000000004,0.03999999999999915,0.0,0.0,0.0,41,10.25,10.75,0,normal
62,0.008035573770491817,0.007635901510882902,9.999999999621423e-06,124.0,5,0,192,0.4032258064516129,38.17540322580645,65.01953397421813,3.018122229433038,74.84,73.81,1.0300000000000011,84.14,84.09,0.04999999999999716,398.1,397.0,1.1000000000000227,26.260000000000005,26.189999999999998,0.07000000000000739,49.980000000000004,49.96,0.020000000000003126,0.0,0.0,0.0,42,10.5,11.0,0,normal
63,0.0076814516129032305,0.007696332357934523,9.999999999621423e-06,126.0,5,0,192,0.3968253968253968,34.68849206349206,58.496304544348575,3.0047823865847985,75.47,74.36,1.1099999999999994,84.11,84.06,0.04999999999999716,398.20000000000005,397.5,0.7000000000000455,26.299999999999997,26.230000000000004,0.06999999999999318,50.0,49.96,0.03999999999999915,0.0,0.0,0.0,43,10.75,11.25,0,normal
63,0.007781290322580652,0.008167681687083612,9.999999999621423e-06,126.0,5,0,192,0.3968253968253968,38.20436507936508,63.575819477344716,3.011435993264457,76.12,74.96000000000001,1.1599999999999966,84.08,84.02,0.060000000000002274,398.20000000000005,396.5,1.7000000000000455,26.349999999999994,26.28,0.06999999999999318,50.01,49.99,0.01999999999999602,0.0,0.0,0.0,44,11.0,11.5,0,normal
62,0.007839180327868848,0.007722070625031463,3.0000000000640625e-05,124.0,5,0,192,0.4032258064516129,41.86290322580645,69.35928952335212,3.023345357078663,76.61,75.64,0.9699999999999989,84.05,84.0,0.04999999999999716,398.1,396.5,1.6000000000000227,26.379999999999995,26.310000000000002,0.06999999999999318,50.03,50.01,0.020000000000003126,0.0,0.0,0.0,45,11.25,11.75,0,normal
63,0.00784112903225807,0.007220512247228941,3.0000000000640625e-05,126.0,5,0,192,0.3968253968253968,40.77579365079365,70.94033465327976,3.0593287378903233,77.16,76.19,0.9699999999999989,84.01,83.96000000000001,0.04999999999999716,397.3,396.0,1.3000000000000114,26.430000000000007,26.36,0.07000000000000739,50.03,49.97,0.060000000000002274,0.0,0.0,0.0,46,11.5,12.0,0,normal
64,0.007919206349206356,0.0066983414913840515,0.00011000000000116472,128.0,5,0,192,0.40625,36.572265625,63.99403851281339,3.0118508126744006,77.62,76.71000000000001,0.9099999999999966,83.98,83.93,0.04999999999999716,397.5,396.0,1.5,26.47,26.400000000000006,0.06999999999999318,50.01,49.97,0.03999999999999915,0.0,0.0,0.0,47,11.75,12.25,0,normal
62,0.00805459016393442,0.006859817321510335,4.000000000026205e-05,124.0,5,0,192,0.4032258064516129,39.590725806451616,65.83520355320972,3.017959874130617,78.0,77.26,0.7399999999999949,83.94,83.89,0.04999999999999716,397.5,396.6,0.8999999999999773,26.519999999999996,26.450000000000003,0.06999999999999318,50.01,49.980000000000004,0.02999999999999403,0.0,0.0,0.0,48,12.0,12.5,0,normal
62,0.008132131147540982,0.006879320428397748,4.000000000026205e-05,124.0,5,0,192,0.4032258064516129,43.163306451612904,69.92610979457432,3.0182050799023616,78.35000000000001,77.71000000000001,0.6400000000000006,83.92,83.86,0.060000000000002274,397.40000000000003,396.6,0.8000000000000114,26.560000000000002,26.489999999999995,0.07000000000000739,49.99,49.980000000000004,0.00999999999999801,0.0,0.0,0.0,49,12.25,12.75,0,normal
63,0.00788209677419355,0.006560408901766502,9.999999999976694e-05,126.0,5,0,192,0.3968253968253968,39.08134920634921,64.3300897387738,3.009735133749929,78.82000000000001,78.07000000000001,0.75,83.88,83.82000000000001,0.05999999999998806,397.5,395.90000000000003,1.599999999999966,26.61,26.540000000000006,0.06999999999999318,50.01,49.97,0.03999999999999915,0.0,0.0,0.0,50,12.5,13.0,0,normal
64,0.007907460317460318,0.007074036581048545,0.00019999999999953388,128.0,5,0,192,0.40625,40.72265625,68.9901574896328,2.981227385418407,79.33,78.44,0.8900000000000006,83.85000000000001,83.79,0.060000000000002274,397.5,395.90000000000003,1.599999999999966,26.64,26.570000000000007,0.06999999999999318,50.01,49.97,0.03999999999999915,0.0,0.0,0.0,51,12.75,13.25,0,normal
62,0.008021311475409838,0.007352144657643641,0.00019999999999953388,124.0,5,0,192,0.4032258064516129,37.83467741935484,66.05396198753546,3.0643639384979,79.54,78.94,0.6000000000000085,83.81,83.75,0.060000000000002274,397.70000000000005,396.6,1.1000000000000227,26.700000000000003,26.629999999999995,0.07000000000000739,49.99,49.980000000000004,0.00999999999999801,0.0,0.0,0.0,52,13.0,13.5,0,normal
62,0.007876557377049159,0.007529585120228852,4.000000000026205e-05,124.0,5,0,192,0.4032258064516129,33.40725806451613,59.82642456601227,2.9462773260858888,79.95,79.4,0.5499999999999972,83.78,83.72,0.060000000000002274,397.70000000000005,396.6,1.1000000000000227,26.730000000000004,26.659999999999997,0.07000000000000739,50.01,49.99,0.01999999999999602,0.0,0.0,0.0,53,13.25,13.75,0,normal
62,0.00787983606557377,0.008036897593222441,4.000000000026205e-05,124.0,5,0,192,0.4032258064516129,34.73991935483871,60.62037228092028,2.959324673678773,80.25,79.62,0.6299999999999955,83.74,83.68,0.05999999999998806,397.3,395.90000000000003,1.3999999999999773,26.78,26.710000000000008,0.06999999999999318,50.01,50.01,0.0,0.0,0.0,0.0,54,13.5,14.0,0,normal
63,0.007770806451612906,0.0073423443338881105,5.9999999999504894e-05,126.0,5,0,192,0.3968253968253968,35.13492063492063,57.23640105689807,3.0156253252738767,80.59,80.03,0.5600000000000023,83.71000000000001,83.65,0.060000000000002274,397.40000000000003,395.90000000000003,1.5,26.820000000000007,26.75,0.07000000000000739,50.01,49.980000000000004,0.02999999999999403,0.0,0.0,0.0,55,13.75,14.25,0,normal
64,0.007813809523809544,0.006203057983339438,5.9999999999504894e-05,128.0,5,0,192,0.390625,35.921875,58.3562750180679,2.990543491049517,80.9,80.32000000000001,0.5799999999999983,83.67,83.61,0.060000000000002274,397.40000000000003,396.6,0.8000000000000114,26.870000000000005,26.799999999999997,0.07000000000000739,49.99,49.980000000000004,0.00999999999999801,0.0,0.0,0.0,56,14.0,14.5,0,normal
62,0.007883770491803273,0.0053285608932644325,0.00039999999999906777,124.0,5,0,192,0.4032258064516129,38.32459677419355,62.09245739996478,3.0050104512815956,81.16,80.67,0.4899999999999949,83.64,83.58,0.060000000000002274,397.20000000000005,396.6,0.6000000000000227,26.909999999999997,26.840000000000003,0.06999999999999318,50.0,49.980000000000004,0.01999999999999602,0.0,0.0,0.0,57,14.25,14.75,0,normal
63,0.008056935483870969,0.004985558366085443,0.00039999999999906777,126.0,5,0,192,0.4126984126984127,39.73412698412698,63.35523388596856,3.0283975770338354,81.48,80.95,0.5300000000000011,83.59,83.54,0.04999999999999716,397.70000000000005,396.3,1.400000000000034,26.960000000000008,26.89,0.07000000000000739,50.0,49.980000000000004,0.01999999999999602,0.0,0.0,0.0,58,14.5,15.0,0,normal
63,0.007872096774193527,0.004462069220952527,0.0010300000000000864,126.0,5,0,192,0.3968253968253968,42.31547619047619,69.20553754689139,3.023306628768111,81.74,81.27,0.46999999999999886,83.57000000000001,83.51,0.060000000000002274,397.70000000000005,396.3,1.400000000000034,27.0,26.930000000000007,0.06999999999999318,50.03,49.980000000000004,0.04999999999999716,0.0,0.0,0.0,59,14.75,15.25,0,normal
62,0.00794196721311476,0.005048683262738049,0.0011499999999990962,124.0,5,0,192,0.4032258064516129,43.979838709677416,74.7087867611891,3.0485561774208207,81.95,81.58,0.37000000000000455,83.52,83.47,0.04999999999999716,397.0,396.1,0.8999999999999773,27.049999999999997,26.980000000000004,0.06999999999999318,50.03,50.0,0.030000000000001137,0.0,0.0,0.0,60,15.0,15.5,0,normal
61,0.008041166666666684,0.005734120999672943,0.00026000000000081513,122.0,5,0,192,0.4098360655737705,38.415983606557376,68.25675603575313,3.0506024019363793,82.24,81.75,0.4899999999999949,83.49,83.44,0.04999999999999716,397.20000000000005,396.1,1.1000000000000227,27.08,27.010000000000005,0.06999999999999318,50.03,50.01,0.020000000000003126,0.0,0.0,0.0,61,15.25,15.75,0,normal
62,0.007909836065573769,0.00630534394527416,0.00026000000000081513,124.0,5,0,192,0.4032258064516129,33.26209677419355,58.50747690396548,2.8828842513876247,82.44,82.01,0.4299999999999926,83.45,83.39,0.060000000000002274,397.6,396.5,1.1000000000000227,27.14,27.070000000000007,0.06999999999999318,50.01,50.01,0.0,0.0,0.0,0.0,62,15.5,16.0,0,normal
63,0.007988548387096785,0.006339885733877343,0.0001600000000010482,126.0,5,0,192,0.3968253968253968,32.81349206349206,54.83761143127984,2.9277895291309637,82.8,82.28,0.519999999999996,83.42,83.37,0.04999999999999716,397.6,396.5,1.1000000000000227,27.17,27.099999999999994,0.07000000000000739,50.01,49.95,0.05999999999999517,0.0,0.0,0.0,63,15.75,16.25,0,normal
63,0.00780629032258068,0.00549802258701442,6.000000000128125e-05,126.0,5,0,192,0.3968253968253968,32.81349206349206,53.02422455248917,3.031136435839042,83.06,82.55,0.5100000000000051,83.38,83.32000000000001,0.05999999999998806,397.6,397.1,0.5,27.22,27.150000000000006,0.06999999999999318,50.0,49.95,0.04999999999999716,0.0,0.0,0.0,64,16.0,16.5,0,normal
63,0.008018870967741945,0.004273124982068511,6.000000000128125e-05,126.0,5,0,192,0.4126984126984127,33.50595238095238,54.267195763165546,2.9776589078846305,83.21000000000001,82.9,0.3100000000000023,83.35000000000001,83.29,0.060000000000002274,397.6,397.1,0.5,27.260000000000005,27.189999999999998,0.07000000000000739,50.0,49.99,0.00999999999999801,0.0,0.0,0.0,65,16.25,16.75,0,normal
62,0.007958360655737701,0.004696872758122363,0.0004000000000026205,124.0,5,0,192,0.4032258064516129,34.97782258064516,55.762181441634915,2.9594926199594123,83.52,83.08,0.4399999999999977,83.31,83.25,0.060000000000002274,397.8,396.8,1.0,27.310000000000002,27.239999999999995,0.07000000000000739,50.0,49.99,0.00999999999999801,0.0,0.0,0.0,66,16.5,17.0,0,normal
64,0.00787126984126983,0.006838431197624869,5.000000000165983e-05,128.0,5,0,192,0.390625,37.994140625,60.85107625418571,3.004783250818957,83.76,83.24,0.5200000000000102,83.28,83.21000000000001,0.06999999999999318,397.8,395.40000000000003,2.3999999999999773,27.349999999999994,27.269999999999996,0.0799999999999983,50.01,49.980000000000004,0.02999999999999403,0.0,0.0,0.0,67,16.75,17.25,0,normal
63,0.007805806451612899,0.006509491717035572,5.000000000165983e-05,126.0,5,0,192,0.3968253968253968,40.55952380952381,64.47769723744082,3.0587840214439757,83.89,83.60000000000001,0.28999999999999204,83.23,83.18,0.04999999999999716,397.40000000000003,395.40000000000003,2.0,27.39,27.33,0.060000000000002274,50.01,49.980000000000004,0.02999999999999403,0.0,0.0,0.0,68,17.0,17.5,0,normal
62,0.007903442622950856,0.004255925429692488,0.00010999999999938836,124.0,5,0,192,0.4032258064516129,40.76411290322581,64.61638351507997,3.061142337191053,84.05,83.81,0.23999999999999488,83.2,83.14,0.060000000000002274,397.40000000000003,396.20000000000005,1.1999999999999886,27.439999999999998,27.370000000000005,0.06999999999999318,50.0,49.99,0.00999999999999801,0.0,0.0,0.0,69,17.25,17.75,0,normal
63,0.007978387096774188,0.003473191891426769,0.00010999999999938836,126.0,5,0,192,0.4126984126984127,42.26190476190476,68.8327197679824,3.0050103047874948,84.13,83.9,0.22999999999998977,83.17,83.11,0.060000000000002274,397.40000000000003,396.20000000000005,1.1999999999999886,27.47,27.400000000000006,0.06999999999999318,50.0,49.99,0.00999999999999801,0.0,0.0,0.0,70,17.5,18.0,0,normal
63,0.007847096774193586,0.004119479839970757,9.999999999976694e-05,126.0,5,0,192,0.3968253968253968,41.823412698412696,69.00818452336384,3.0905845986782334,84.21000000000001,84.05,0.1600000000000108,83.12,83.07000000000001,0.04999999999999716,397.5,396.3,1.1999999999999886,27.519999999999996,27.450000000000003,0.06999999999999318,50.0,49.99,0.00999999999999801,0.0,0.0,0.0,71,17.75,18.25,0,normal
63,0.007971935483870977,0.004761411026531862,9.999999999976694e-05,126.0,5,0,192,0.3968253968253968,42.567460317460316,70.66124342326167,3.1204138764892027,84.4,84.11,0.29000000000000625,83.10000000000001,83.04,0.060000000000002274,397.5,396.0,1.5,27.560000000000002,27.489999999999995,0.07000000000000739,50.01,49.99,0.01999999999999602,0.0,0.0,0.0,72,18.0,18.5,0,normal
62,0.00796360655737708,0.0060958190543649125,0.00042000000000186333,124.0,5,0,192,0.4032258064516129,42.153225806451616,70.93418057231041,3.0707727551062574,84.58,84.26,0.3199999999999932,83.05,82.99,0.060000000000002274,396.6,395.5,1.1000000000000227,27.61,27.540000000000006,0.06999999999999318,50.01,49.980000000000004,0.02999999999999403,0.0,0.0,0.0,73,18.25,18.75,0,normal
62,0.008113934426229498,0.0074208936934044385,9.000000000014552e-05,124.0,5,0,192,0.4032258064516129,35.65524193548387,62.95671910595904,3.036746027716906,84.78,84.41,0.37000000000000455,83.02,82.96000000000001,0.05999999999998806,398.0,395.5,2.5,27.64,27.570000000000007,0.06999999999999318,49.980000000000004,49.96,0.020000000000003126,0.0,0.0,0.0,74,18.5,19.0,0,normal
63,0.0078574193548387,0.006294729473672802,9.000000000014552e-05,126.0,5,0,192,0.3968253968253968,35.66269841269841,62.660154466757696,3.0567876194118817,84.96000000000001,84.58,0.38000000000000966,82.98,82.92,0.060000000000002274,398.0,396.70000000000005,1.2999999999999545,27.689999999999998,27.629999999999995,0.060000000000002274,50.02,49.96,0.060000000000002274,0.0,0.0,0.0,75,18.75,19.25,0,normal
63,0.008000483870967759,0.004692872917252845,9.999999999621423e-06,126.0,5,0,192,0.3968253968253968,37.62103174603175,62.66920931175769,3.0884497596035088,85.07000000000001,84.82000000000001,0.25,82.95,82.89,0.060000000000002274,397.40000000000003,396.0,1.400000000000034,27.730000000000004,27.659999999999997,0.07000000000000739,50.03,49.980000000000004,0.04999999999999716,0.0,0.0,0.0,76,19.0,19.5,0,normal
62,0.008003278688524575,0.003921165651929886,9.999999999621423e-06,124.0,5,0,192,0.4032258064516129,36.221774193548384,57.95008984446245,3.081457919732865,85.2,85.0,0.20000000000000284,82.9,82.84,0.060000000000002274,397.0,396.0,1.0,27.78,27.710000000000008,0.06999999999999318,50.03,50.02,0.00999999999999801,0.0,0.0,0.0,77,19.25,19.75,0,normal
61,0.007975000000000006,0.004073715953115485,9.000000000014552e-05,122.0,5,0,192,0.4098360655737705,36.32786885245902,57.69268394436258,3.1671279831761217,85.32000000000001,85.15,0.1700000000000017,82.87,82.81,0.060000000000002274,397.5,396.3,1.1999999999999886,27.810000000000002,27.75,0.060000000000002274,50.02,50.0,0.020000000000003126,0.0,0.0,0.0,78,19.5,20.0,0,normal
87,0.005636976744186054,0.00399831158254163,9.000000000014552e-05,174.0,5,0,192,0.5747126436781609,31.971264367816094,51.806828219121,3.0583283874130207,200.0,85.22,114.78,82.83,82.78,0.04999999999999716,397.5,396.5,1.0,27.849999999999994,27.790000000000006,0.05999999999998806,50.0,49.97,0.030000000000001137,0.0,0.0,0.0,79,19.75,20.25,1,spoofing
113,0.004374999999999986,0.003200778644106996,2.999999999886427e-05,226.0,5,0,192,0.6637168141592921,29.3141592920354,46.64288138167758,2.878821056689309,200.0,85.36,114.64,82.8,82.74,0.060000000000002274,397.6,396.0,1.6000000000000227,27.900000000000006,27.83,0.07000000000000739,50.0,49.96,0.03999999999999915,0.0,0.0,0.0,80,20.0,20.5,1,spoofing
114,0.004424690265486729,0.003439408796387338,2.999999999886427e-05,228.0,5,0,192,0.6578947368421053,30.791666666666668,49.23264696364378,3.0148713678452745,200.0,85.5,114.5,82.76,82.69,0.07000000000000739,397.6,396.0,1.6000000000000227,27.939999999999998,27.870000000000005,0.06999999999999318,49.980000000000004,49.96,0.020000000000003126,0.0,0.0,0.0,81,20.25,20.75,1,spoofing
112,0.0044144144144144006,0.0032466372581363054,9.999999999621423e-06,224.0,5,0,192,0.6696428571428571,31.497767857142858,50.85343079467665,3.0361383141281553,200.0,85.52,114.48,82.72,82.66,0.060000000000002274,397.8,396.0,1.8000000000000114,27.980000000000004,27.909999999999997,0.07000000000000739,49.980000000000004,49.96,0.020000000000003126,0.0,0.0,0.0,82,20.5,21.0,1,spoofing
112,0.0044754054054054184,0.0033217670820452684,0.0,224.0,5,0,192,0.6696428571428571,29.763392857142858,48.16016617855116,2.9545069917223374,200.0,85.62,114.38,82.68,82.62,0.060000000000002274,397.8,396.20000000000005,1.599999999999966,28.03,27.960000000000008,0.06999999999999318,50.01,49.96,0.04999999999999716,0.0,0.0,0.0,83,20.75,21.25,1,spoofing
113,0.004399999999999992,0.0030510282224663317,0.0,226.0,5,0,192,0.6637168141592921,31.246681415929203,50.81447243114924,3.0029877572681207,200.0,85.77,114.23,82.65,82.59,0.060000000000002274,397.3,396.20000000000005,1.099999999999966,28.060000000000002,27.989999999999995,0.07000000000000739,50.02,50.0,0.020000000000003126,0.0,0.0,0.0,84,21.0,21.5,1,spoofing
112,0.004490810810810817,0.002378086192126018,0.0009299999999967667,224.0,5,0,192,0.6696428571428571,32.28794642857143,52.15104811024539,2.9589975083290887,200.0,86.02,113.98,82.60000000000001,82.54,0.060000000000002274,397.0,395.70000000000005,1.2999999999999545,28.11,28.040000000000006,0.06999999999999318,50.02,50.0,0.020000000000003126,0.0,0.0,0.0,85,21.25,21.75,1,spoofing
112,0.004437747747747746,0.002082445151797098,9.999999999621423e-06,224.0,5,0,192,0.6696428571428571,31.465401785714285,51.20752734252062,2.956294549009018,200.0,86.02,113.98,82.57000000000001,82.51,0.060000000000002274,397.0,395.70000000000005,1.2999999999999545,28.14,28.08,0.060000000000002274,50.0,49.980000000000004,0.01999999999999602,0.0,0.0,0.0,86,21.5,22.0,1,spoofing
113,0.004459196428571431,0.0020311907742543898,9.999999999621423e-06,226.0,5,0,192,0.6637168141592921,32.70132743362832,53.58028215123602,3.0926180338729763,200.0,86.05,113.95,82.53,82.47,0.060000000000002274,397.0,396.20000000000005,0.7999999999999545,28.189999999999998,28.129999999999995,0.060000000000002274,50.02,49.97,0.05000000000000426,0.0,0.0,0.0,87,21.75,22.25,1,spoofing
113,0.004395267857142869,0.0019813379136967516,0.0005699999999997374,226.0,5,0,192,0.6637168141592921,31.861725663716815,52.37105652575528,3.0828366334894874,200.0,86.08,113.92,82.5,82.44,0.060000000000002274,397.0,396.20000000000005,0.7999999999999545,28.22,28.159999999999997,0.060000000000002274,50.02,49.97,0.05000000000000426,0.0,0.0,0.0,88,22.0,22.5,1,spoofing
111,0.004516818181818168,0.002186827894386934,0.0005999999999986017,222.0,5,0,192,0.6756756756756757,30.76126126126126,50.687163062358515,2.9602638707730744,200.0,86.09,113.91,82.45,82.39,0.060000000000002274,397.5,396.5,1.0,28.269999999999996,28.210000000000008,0.05999999999998806,50.02,50.01,0.010000000000005116,0.0,0.0,0.0,89,22.25,22.75,1,spoofing
112,0.004453243243243231,0.0022713861157403472,1.9999999999242846e-05,224.0,5,0,192,0.6696428571428571,31.704241071428573,53.054834166566614,2.9723431245577663,200.0,86.16,113.84,82.42,82.36,0.060000000000002274,397.5,396.5,1.0,28.299999999999997,28.239999999999995,0.060000000000002274,50.01,49.95,0.05999999999999517,0.0,0.0,0.0,90,22.5,23.0,1,spoofing
113,0.0044205357142857215,0.002138230175738382,1.9999999999242846e-05,226.0,5,0,192,0.6637168141592921,31.246681415929203,52.347481682928375,2.9114028751025236,200.0,86.22,113.78,82.38,82.32000000000001,0.05999999999998806,397.3,395.8,1.5,28.35000000000001,28.290000000000006,0.060000000000002274,50.02,49.95,0.07000000000000028,0.0,0.0,0.0,91,22.75,23.25,1,spoofing
113,0.004448035714285726,0.0022291701848468027,0.0001299999999986312,226.0,5,0,192,0.6637168141592921,32.57632743362832,54.625137789736094,2.9329158240357707,200.0,86.39,113.61,82.35000000000001,82.29,0.060000000000002274,396.40000000000003,395.8,0.6000000000000227,28.39,28.320000000000007,0.06999999999999318,50.02,50.01,0.010000000000005116,0.0,0.0,0.0,92,23.0,23.5,1,spoofing
112,0.004419729729729738,0.003184910781122554,8.99999999965928e-05,224.0,5,0,192,0.6696428571428571,33.910714285714285,56.70562355134576,2.9893698656927667,200.0,86.48,113.52,82.3,82.24,0.060000000000002274,396.90000000000003,396.20000000000005,0.6999999999999886,28.430000000000007,28.370000000000005,0.060000000000002274,50.02,50.01,0.010000000000005116,0.0,0.0,0.0,93,23.25,23.75,1,spoofing
112,0.004494054054054066,0.0035768384999516523,8.99999999965928e-05,224.0,5,0,192,0.6696428571428571,32.247767857142854,54.363617399904996,3.0332181501045516,200.0,86.57000000000001,113.42999999999999,82.27,82.21000000000001,0.05999999999998806,397.20000000000005,395.90000000000003,1.3000000000000114,28.47,28.400000000000006,0.06999999999999318,50.02,50.0,0.020000000000003126,0.0,0.0,0.0,94,23.5,24.0,1,spoofing
113,0.004401964285714298,0.0033121569470032984,0.0,226.0,5,0,192,0.6637168141592921,32.209070796460175,55.71156246289396,3.0102871931433532,200.0,86.62,113.38,82.22,82.16,0.060000000000002274,397.20000000000005,395.8,1.400000000000034,28.510000000000005,28.450000000000003,0.060000000000002274,50.03,49.99,0.03999999999999915,0.0,0.0,0.0,95,23.75,24.25,1,spoofing
114,0.004416371681415933,0.00349040608280949,0.0,228.0,5,0,192,0.6666666666666666,34.6875,59.60643893949919,2.9881554786521605,200.0,86.67,113.33,82.2,82.13,0.07000000000000739,396.8,395.8,1.0,28.549999999999997,28.480000000000004,0.06999999999999318,50.03,49.99,0.03999999999999915,0.0,0.0,0.0,96,24.0,24.5,1,spoofing
112,0.0044144144144144006,0.0035154692085394203,9.999999999621423e-06,224.0,5,0,192,0.6696428571428571,34.9609375,59.80421584679181,2.9619170934286547,200.0,86.73,113.27,82.15,82.09,0.060000000000002274,397.3,396.1,1.1999999999999886,28.590000000000003,28.53,0.060000000000002274,50.02,49.99,0.030000000000001137,0.0,0.0,0.0,97,24.25,24.75,1,spoofing
112,0.004497927927927921,0.003455636762775714,0.00011999999999900979,224.0,5,0,192,0.6696428571428571,33.44642857142857,58.574542600146074,2.906840024853275,200.0,86.78,113.22,82.12,82.06,0.060000000000002274,397.3,396.0,1.3000000000000114,28.620000000000005,28.560000000000002,0.060000000000002274,50.0,49.99,0.00999999999999801,0.0,0.0,0.0,98,24.5,25.0,1,spoofing
113,0.004387499999999989,0.0032819385332015882,9.000000000014552e-05,226.0,5,0,192,0.6637168141592921,33.040929203539825,58.43203340925353,2.9447943157749683,200.0,86.87,113.13,82.07000000000001,82.01,0.060000000000002274,397.0,396.0,1.0,28.67,28.61,0.060000000000002274,50.0,49.980000000000004,0.01999999999999602,0.0,0.0,0.0,99,24.75,25.25,1,spoofing
112,0.004489729729729745,0.003028618886454207,9.000000000014552e-05,224.0,5,0,192,0.6607142857142857,33.4296875,58.79648208993752,3.0217150398145693,200.0,86.93,113.07,82.04,81.98,0.060000000000002274,397.0,396.5,0.5,28.700000000000003,28.64,0.060000000000002274,50.0,49.980000000000004,0.01999999999999602,0.0,0.0,0.0,100,25.0,25.5,1,spoofing
112,0.004431261261261249,0.002860995579604854,0.00015000000000142677,224.0,5,0,192,0.6696428571428571,34.472098214285715,61.33797710860758,3.055299350703704,200.0,86.9,113.1,82.0,81.94,0.060000000000002274,397.40000000000003,396.5,0.9000000000000341,28.75,28.689999999999998,0.060000000000002274,50.0,49.94,0.060000000000002274,0.0,0.0,0.0,101,25.25,25.75,1,spoofing
113,0.004464017857142867,0.003235855059171646,9.999999999621423e-06,226.0,5,0,192,0.672566371681416,36.807522123893804,64.54031213373783,3.074743332440437,200.0,86.9,113.1,81.97,81.9,0.06999999999999318,397.40000000000003,396.3,1.1000000000000227,28.78,28.72,0.060000000000002274,50.03,49.94,0.09000000000000341,0.0,0.0,0.0,102,25.5,26.0,1,spoofing
113,0.004384553571428577,0.0037250275378638235,9.999999999621423e-06,226.0,5,0,192,0.6637168141592921,39.62721238938053,67.77829692329357,3.0785016487223924,200.0,86.95,113.05,81.92,81.86,0.060000000000002274,397.70000000000005,396.20000000000005,1.5,28.820000000000007,28.760000000000005,0.060000000000002274,50.03,49.99,0.03999999999999915,0.0,0.0,0.0,103,25.75,26.25,1,spoofing
113,0.004429642857142868,0.003676557232892563,1.0000000003174137e-05,226.0,5,0,192,0.6637168141592921,36.985619469026545,63.74189878295881,3.0547387461608544,200.0,86.95,113.05,81.89,81.83,0.060000000000002274,397.70000000000005,396.20000000000005,1.5,28.85000000000001,28.790000000000006,0.060000000000002274,50.03,49.980000000000004,0.04999999999999716,0.0,0.0,0.0,104,26.0,26.5,1,spoofing
112,0.0044144144144144006,0.0033161224193828274,2.999999999886427e-05,224.0,5,0,192,0.6696428571428571,34.293526785714285,60.372299208071624,3.065184171857923,200.0,86.95,113.05,81.84,81.78,0.060000000000002274,397.3,395.90000000000003,1.3999999999999773,28.900000000000006,28.840000000000003,0.060000000000002274,49.980000000000004,49.97,0.010000000000005116,0.0,0.0,0.0,105,26.25,26.75,1,spoofing
112,0.0044933333333333405,0.0035779437784407165,9.999999999621423e-06,224.0,5,0,192,0.6696428571428571,34.0546875,61.487552459759115,3.088409767910256,200.0,86.95,113.05,81.81,81.75,0.060000000000002274,397.3,395.90000000000003,1.3999999999999773,28.930000000000007,28.870000000000005,0.060000000000002274,49.980000000000004,49.97,0.010000000000005116,0.0,0.0,0.0,106,26.5,27.0,1,spoofing
112,0.0044144144144144006,0.0038988265004373975,0.0,224.0,5,0,192,0.6696428571428571,31.902901785714285,56.665337182515835,3.027341760717928,200.0,86.99,113.01,81.77,81.71000000000001,0.05999999999998806,397.1,396.20000000000005,0.8999999999999773,28.97,28.909999999999997,0.060000000000002274,50.01,49.980000000000004,0.02999999999999403,0.0,0.0,0.0,107,26.75,27.25,1,spoofing
113,0.004458303571428576,0.0038804486781244983,0.0,226.0,5,0,192,0.6637168141592921,30.261061946902654,53.27180667560363,3.0062226677020836,200.0,87.04,112.96,81.74,81.68,0.05999999999998806,397.1,396.20000000000005,0.8999999999999773,29.0,28.939999999999998,0.060000000000002274,50.03,50.01,0.020000000000003126,0.0,0.0,0.0,108,27.0,27.5,1,spoofing
113,0.004374999999999986,0.0035721294669386516,4.9999999998107114e-05,226.0,5,0,192,0.6637168141592921,29.081858407079647,51.252799863924075,3.055316784150505,200.0,87.08,112.92,81.69,81.63,0.060000000000002274,397.1,395.90000000000003,1.1999999999999886,29.049999999999997,28.989999999999995,0.060000000000002274,50.03,49.980000000000004,0.04999999999999716,0.0,0.0,0.0,109,27.25,27.75,1,spoofing
112,0.004497387387387401,0.003230612223158056,4.9999999998107114e-05,224.0,5,0,192,0.6696428571428571,29.283482142857142,50.29710828825446,3.093272274959151,200.0,87.18,112.82,81.66,81.60000000000001,0.05999999999998806,396.90000000000003,395.90000000000003,1.0,29.08,29.019999999999996,0.060000000000002274,50.0,49.980000000000004,0.01999999999999602,0.0,0.0,0.0,110,27.5,28.0,1,spoofing
112,0.0044144144144144006,0.003127214367793564,0.00021999999999877673,224.0,5,0,192,0.6696428571428571,29.748883928571427,51.508651523701324,3.027497532799754,200.0,87.24,112.76,81.61,81.55,0.060000000000002274,396.70000000000005,396.1,0.6000000000000227,29.120000000000005,29.060000000000002,0.060000000000002274,50.02,50.0,0.020000000000003126,0.0,0.0,0.0,111,27.75,28.25,1,spoofing
112,0.0044144144144144006,0.003340579246498166,0.00022000000000232944,224.0,5,0,192,0.6607142857142857,26.748883928571427,46.1380461960636,3.0047561613898197,200.0,87.31,112.69,81.58,81.52,0.060000000000002274,397.3,396.1,1.1999999999999886,29.150000000000006,29.090000000000003,0.060000000000002274,50.02,49.980000000000004,0.03999999999999915,0.0,0.0,0.0,112,28.0,28.5,1,spoofing
114,0.004410796460176986,0.0033680873860376056,0.00013000000000218392,228.0,5,0,192,0.6578947368421053,25.595394736842106,43.27036206432199,2.9600580730248507,200.0,87.33,112.67,81.54,81.48,0.060000000000002274,397.40000000000003,396.6,0.8000000000000114,29.200000000000003,29.14,0.060000000000002274,50.01,49.980000000000004,0.02999999999999403,0.0,0.0,0.0,113,28.25,28.75,1,spoofing
112,0.0044144144144144006,0.003389584120942473,0.00013000000000218392,224.0,5,0,192,0.6696428571428571,28.03125,46.77841388482894,3.064169093148035,200.0,87.35000000000001,112.64999999999999,81.51,81.44,0.07000000000000739,397.40000000000003,396.6,0.8000000000000114,29.230000000000004,29.17,0.060000000000002274,50.02,50.0,0.020000000000003126,0.0,0.0,0.0,114,28.5,29.0,1,spoofing
112,0.004488468468468468,0.0033649524308107517,0.00026000000000081513,224.0,5,0,192,0.6696428571428571,28.819196428571427,47.2598098969635,3.150200814354714,200.0,87.35000000000001,112.64999999999999,81.46000000000001,81.4,0.060000000000002274,396.70000000000005,395.5,1.2000000000000455,29.269999999999996,29.210000000000008,0.05999999999998806,50.02,50.01,0.010000000000005116,0.0,0.0,0.0,115,28.75,29.25,1,spoofing
113,0.004374999999999986,0.003280926752785427,0.00013000000000218392,226.0,5,0,192,0.6637168141592921,30.39491150442478,51.50388782250206,3.074261221320791,200.0,87.35000000000001,112.64999999999999,81.43,81.37,0.060000000000002274,397.5,395.5,2.0,29.299999999999997,29.239999999999995,0.060000000000002274,50.01,49.99,0.01999999999999602,0.0,0.0,0.0,116,29.0,29.5,1,spoofing
113,0.004433928571428579,0.0032868649188699368,0.00013000000000218392,226.0,5,0,192,0.6637168141592921,30.14712389380531,51.230904412759024,3.0203141200912493,200.0,88.11,111.89,81.38,81.32000000000001,0.05999999999998806,397.5,395.70000000000005,1.7999999999999545,29.35000000000001,29.290000000000006,0.060000000000002274,50.03,49.99,0.03999999999999915,0.0,0.0,0.0,117,29.25,29.75,1,spoofing
112,0.0044144144144144006,0.002947901890835236,0.00013999999999825263,224.0,5,0,192,0.6696428571428571,28.765625,48.40234071009911,3.039937041738456,200.0,89.8,110.2,81.35000000000001,81.29,0.060000000000002274,397.0,395.40000000000003,1.599999999999966,29.379999999999995,29.320000000000007,0.05999999999998806,50.03,50.01,0.020000000000003126,0.0,0.0,0.0,118,29.5,30.0,1,spoofing
87,0.005730581395348854,0.005102555300260146,0.00023000000000195087,174.0,5,0,192,0.5747126436781609,31.186781609195403,52.77010046830558,3.14362713329876,200.0,91.53,108.47,81.3,81.24,0.060000000000002274,396.8,395.40000000000003,1.3999999999999773,29.42,29.36,0.060000000000002274,50.01,49.980000000000004,0.02999999999999403,0.0,0.0,0.0,119,29.75,30.25,1,spoofing
65,0.007777656249999987,0.007046817930409153,0.00022999999999839815,130.0,5,0,192,0.4,32.96346153846154,54.559077115637315,2.9954399614376914,95.79,93.18,2.6099999999999994,81.27,81.21000000000001,0.05999999999998806,396.8,396.3,0.5,29.460000000000008,29.39,0.07000000000000739,50.02,49.980000000000004,0.03999999999999915,0.0,0.0,0.0,120,30.0,30.5,0,normal
63,0.0077679032258064495,0.0068788669212064245,0.00022999999999839815,126.0,5,0,192,0.3968253968253968,36.06944444444444,59.04109023552406,2.930695364501523,97.22,94.76,2.4599999999999937,81.22,81.16,0.060000000000002274,396.8,395.5,1.3000000000000114,29.5,29.439999999999998,0.060000000000002274,50.02,49.980000000000004,0.03999999999999915,0.0,0.0,0.0,121,30.25,30.75,0,normal
61,0.00798316666666666,0.005929368007825638,0.00039999999999906777,122.0,5,0,192,0.4098360655737705,39.56967213114754,64.41727493249437,3.0683523315663157,98.61,96.09,2.519999999999996,81.19,81.12,0.06999999999999318,397.20000000000005,395.5,1.7000000000000455,29.540000000000006,29.47,0.07000000000000739,50.02,50.02,0.0,0.0,0.0,0.0,122,30.5,31.0,0,normal
62,0.007983114754098351,0.004540908965475661,0.0006699999999995043,124.0,5,0,192,0.4032258064516129,39.725806451612904,64.9905189995703,3.0225358179646293,99.99000000000001,97.47,2.5200000000000102,81.14,81.07000000000001,0.06999999999999318,397.20000000000005,395.70000000000005,1.5,29.590000000000003,29.519999999999996,0.07000000000000739,50.02,49.99,0.030000000000001137,0.0,0.0,0.0,123,30.75,31.25,0,normal
62,0.008020819672131167,0.003381151852953247,0.0005199999999980776,124.0,5,0,192,0.4032258064516129,39.17943548387097,65.05858139080921,3.0363468156734736,101.28,98.92,2.3599999999999994,81.10000000000001,81.03,0.07000000000000739,396.1,395.6,0.5,29.620000000000005,29.549999999999997,0.07000000000000739,50.03,49.99,0.03999999999999915,0.0,0.0,0.0,124,31.0,31.5,0,normal
64,0.007840634920634885,0.0029807732420777254,9.999999999621423e-06,128.0,5,0,192,0.40625,40.923828125,68.13199547364262,3.056662476217657,102.52,100.22,2.299999999999997,81.05,80.98,0.06999999999999318,396.5,395.6,0.8999999999999773,29.67,29.61,0.060000000000002274,50.03,49.980000000000004,0.04999999999999716,0.0,0.0,0.0,125,31.25,31.75,0,normal
63,0.007825645161290312,0.004306269106317571,9.999999999621423e-06,126.0,5,0,192,0.3968253968253968,40.404761904761905,66.04819411292206,3.078676654407214,103.65,101.54,2.1099999999999994,81.02,80.94,0.0799999999999983,396.5,395.20000000000005,1.2999999999999545,29.710000000000008,29.64,0.07000000000000739,50.01,49.980000000000004,0.02999999999999403,0.0,0.0,0.0,126,31.5,32.0,0,normal
62,0.007943278688524576,0.004861973127530152,0.00019999999999953388,124.0,5,0,192,0.4032258064516129,39.846774193548384,64.62603893902993,3.054042894352273,104.69,102.74000000000001,1.9499999999999886,80.96000000000001,80.89,0.07000000000000739,396.20000000000005,395.20000000000005,1.0,29.760000000000005,29.689999999999998,0.07000000000000739,50.01,49.980000000000004,0.02999999999999403,0.0,0.0,0.0,127,31.75,32.25,0,normal
63,0.007888548387096846,0.004342038634756908,0.00019999999999953388,126.0,5,0,192,0.3968253968253968,39.607142857142854,65.33045144102043,3.051162919501007,105.65,103.81,1.8400000000000034,80.93,80.85000000000001,0.0799999999999983,396.20000000000005,395.6,0.6000000000000227,29.799999999999997,29.730000000000004,0.06999999999999318,50.01,50.0,0.00999999999999801,0.0,0.0,0.0,128,32.0,32.5,0,normal
62,0.007938032786885254,0.0038391421598468734,9.000000000014552e-05,124.0,5,0,192,0.4032258064516129,36.94959677419355,59.89432461264716,3.0344598905210796,106.51,104.89,1.6200000000000045,80.87,80.8,0.07000000000000739,396.8,395.90000000000003,0.8999999999999773,29.86,29.78,0.0799999999999983,50.01,49.980000000000004,0.02999999999999403,0.0,0.0,0.0,129,32.25,32.75,0,normal
62,0.00793459016393439,0.004288905463861009,5.999999999772854e-05,124.0,5,0,192,0.4032258064516129,39.997983870967744,64.39903635173432,3.0339916351596483,107.4,105.87,1.5300000000000011,80.83,80.76,0.06999999999999318,396.8,395.1,1.6999999999999886,29.89,29.820000000000007,0.06999999999999318,50.01,49.980000000000004,0.02999999999999403,0.0,0.0,0.0,130,32.5,33.0,0,normal
62,0.008171311475409924,0.004210051000590626,5.999999999772854e-05,124.0,5,0,192,0.41935483870967744,36.399193548387096,63.558471930879094,2.994735639388672,108.27,106.69,1.5799999999999983,80.78,80.71000000000001,0.06999999999999318,396.20000000000005,395.1,1.1000000000000227,29.939999999999998,29.870000000000005,0.06999999999999318,50.01,50.0,0.00999999999999801,0.0,0.0,0.0,131,32.75,33.25,0,normal
64,0.00789460317460307,0.0034010193735175133,0.0008100000000013097,128.0,5,0,192,0.40625,33.673828125,57.47187711205333,3.010251336260374,109.23,107.58,1.6500000000000057,80.73,80.65,0.0799999999999983,396.20000000000005,395.1,1.1000000000000227,30.0,29.92,0.0799999999999983,50.03,49.99,0.03999999999999915,0.0,0.0,0.0,132,33.0,33.5,0,normal
63,0.007947258064516157,0.00338951379582931,0.00046999999999997044,126.0,5,0,192,0.3968253968253968,41.182539682539684,67.57593034360667,2.9614776148707027,110.07000000000001,108.47,1.6000000000000085,80.69,80.62,0.06999999999999318,395.70000000000005,394.8,0.9000000000000341,30.03,29.960000000000008,0.06999999999999318,50.03,49.99,0.03999999999999915,0.0,0.0,0.0,133,33.25,33.75,0,normal
62,0.00803196721311476,0.0034108658675090953,0.00039999999999906777,124.0,5,0,192,0.4032258064516129,39.502016129032256,66.11841768543427,2.996112984621016,110.85000000000001,109.42,1.4300000000000068,80.64,80.56,0.0799999999999983,396.6,394.5,2.1000000000000227,30.090000000000003,30.010000000000005,0.0799999999999983,50.01,49.99,0.01999999999999602,0.0,0.0,0.0,134,33.5,34.0,0,normal
62,0.008008196721311507,0.003660813986433245,0.00039999999999906777,124.0,5,0,192,0.4032258064516129,34.64314516129032,55.683578917627976,2.9571072419737128,111.52,110.2,1.3199999999999932,80.60000000000001,80.53,0.07000000000000739,396.6,394.5,2.1000000000000227,30.120000000000005,30.049999999999997,0.07000000000000739,50.01,49.97,0.03999999999999915,0.0,0.0,0.0,135,33.75,34.25,0,normal
62,0.008091475409835973,0.0037466172003707745,0.0004100000000022419,124.0,5,0,192,0.4032258064516129,39.314516129032256,62.26126882527861,2.9639140568848803,112.31,110.96000000000001,1.3499999999999943,80.54,80.47,0.07000000000000739,395.90000000000003,395.3,0.6000000000000227,30.180000000000007,30.11,0.07000000000000739,50.01,49.97,0.03999999999999915,0.0,0.0,0.0,136,34.0,34.5,0,normal
64,0.007850317460317509,0.003776816064061548,0.001269999999998106,128.0,5,0,192,0.390625,39.328125,64.77525561689723,3.1472341936078223,112.97,111.68,1.289999999999992,80.5,80.41,0.09000000000000341,396.5,395.3,1.1999999999999886,30.230000000000004,30.150000000000006,0.0799999999999983,50.03,49.99,0.03999999999999915,0.0,0.0,0.0,137,34.25,34.75,0,normal
64,0.007887460317460314,0.003789591831374525,0.001629999999998688,128.0,5,0,192,0.40625,35.837890625,59.62961107893911,3.0831707249920988,113.64,112.44,1.2000000000000028,80.45,80.37,0.0799999999999983,396.5,395.3,1.1999999999999886,30.269999999999996,30.200000000000003,0.06999999999999318,50.03,49.96,0.07000000000000028,0.0,0.0,0.0,138,34.5,35.0,0,normal
63,0.00796483870967741,0.0036923468111734158,0.00022000000000588216,126.0,5,0,192,0.4126984126984127,37.5,60.92813878035415,3.001411736792738,114.25,113.10000000000001,1.1499999999999915,80.39,80.31,0.0799999999999983,396.1,395.1,1.0,30.33,30.25,0.0799999999999983,49.96,49.94,0.020000000000003126,0.0,0.0,0.0,139,34.75,35.25,0,normal
61,0.008134333333333289,0.0030368274929968827,0.00022000000000588216,122.0,5,0,192,0.4098360655737705,40.94467213114754,66.19001314750037,3.0471520555826395,114.93,113.76,1.1700000000000017,80.35000000000001,80.27,0.0800000000000125,396.1,395.1,1.0,30.370000000000005,30.290000000000006,0.0799999999999983,50.06,49.94,0.12000000000000455,0.0,0.0,0.0,140,35.0,35.5,0,normal
63,0.007929838709677417,0.003060654311204455,0.0010400000000032605,126.0,5,0,192,0.3968253968253968,39.91468253968254,66.42332570055072,3.0935950618659507,115.56,114.33,1.230000000000004,80.29,80.21000000000001,0.0799999999999983,396.1,394.5,1.6000000000000227,30.430000000000007,30.35000000000001,0.0799999999999983,50.06,49.96,0.10000000000000142,0.0,0.0,0.0,141,35.25,35.75,0,normal
64,0.007848253968254039,0.003251297440501368,0.00038999999999589363,128.0,5,0,192,0.390625,35.17578125,60.674402868525604,3.1374495938292384,115.94,115.06,0.8799999999999955,80.25,80.17,0.0799999999999983,396.0,394.5,1.5,30.47,30.39,0.0799999999999983,49.97,49.93,0.03999999999999915,0.0,0.0,0.0,142,35.5,36.0,0,normal
62,0.007989180327868788,0.0033405370605224896,0.00038999999999589363,124.0,5,0,192,0.4032258064516129,37.12096774193548,57.268269762968394,3.462654596517419,115.94,111.68,4.259999999999991,80.19,80.11,0.0799999999999983,396.1,395.1,1.0,30.53,30.450000000000003,0.0799999999999983,50.01,49.93,0.0799999999999983,0.0,0.0,0.0,143,35.75,36.25,0,normal
61,0.008127999999999958,0.003182780650101487,0.0006100000000017758,122.0,5,0,192,0.4098360655737705,43.27663934426229,63.04610032155179,3.703967871043005,114.5,108.25,6.25,80.15,80.07000000000001,0.0799999999999983,396.1,395.1,1.0,30.560000000000002,30.489999999999995,0.07000000000000739,50.01,49.99,0.01999999999999602,0.0,0.0,0.0,144,36.0,36.5,0,normal
63,0.007995322580645088,0.0033490131997456047,0.0008799999999951069,126.0,5,0,192,0.3968253968253968,41.78769841269841,63.25302370164694,3.723192102000345,110.96000000000001,104.68,6.280000000000001,80.09,80.01,0.0799999999999983,395.5,395.1,0.39999999999997726,30.61,30.540000000000006,0.06999999999999318,50.01,49.99,0.01999999999999602,0.0,0.0,0.0,145,36.25,36.75,0,normal
63,0.007896129032258021,0.004494111686898695,0.0008799999999951069,126.0,5,0,192,0.3968253968253968,41.42063492063492,61.691256767078734,3.6594980392085117,107.53,101.15,6.3799999999999955,80.05,79.98,0.06999999999999318,396.20000000000005,395.1,1.1000000000000227,30.64,30.58,0.060000000000002274,50.01,50.0,0.00999999999999801,0.0,0.0,0.0,146,36.5,37.0,0,normal
62,0.008083606557377021,0.005794871116344455,0.00027000000000043656,124.0,5,0,192,0.4032258064516129,47.85685483870968,70.03905645293658,3.7167912543684865,103.96000000000001,97.61,6.3500000000000085,80.0,79.93,0.06999999999999318,396.70000000000005,395.1,1.6000000000000227,30.689999999999998,30.629999999999995,0.060000000000002274,50.01,50.0,0.00999999999999801,0.0,0.0,0.0,147,36.75,37.25,0,normal
63,0.007872258064516188,0.005213690544585466,0.00027000000000043656,126.0,5,0,192,0.3968253968253968,48.82539682539682,72.37003450796331,3.619611918137342,100.44,94.04,6.3999999999999915,79.96000000000001,79.89,0.07000000000000739,396.70000000000005,395.1,1.6000000000000227,30.72,30.659999999999997,0.060000000000002274,50.01,50.0,0.00999999999999801,0.0,0.0,0.0,148,37.0,37.5,0,normal
63,0.007956129032258157,0.004442807654437047,0.00070999999999799,126.0,5,0,192,0.3968253968253968,43.20039682539682,64.91130639769337,3.6276341432966137,96.89,90.53,6.359999999999999,79.91,79.84,0.06999999999999318,396.70000000000005,395.90000000000003,0.8000000000000114,30.75,30.700000000000003,0.04999999999999716,50.03,49.99,0.03999999999999915,0.0,0.0,0.0,149,37.25,37.75,0,normal
63,0.007844677419354852,0.005328406139993371,0.00070999999999799,126.0,5,0,192,0.3968253968253968,41.057539682539684,63.06876650317931,3.596607432548675,93.35000000000001,86.95,6.400000000000006,79.88,79.81,0.06999999999999318,397.1,395.90000000000003,1.1999999999999886,30.78,30.730000000000004,0.04999999999999716,50.03,49.99,0.03999999999999915,0.0,0.0,0.0,150,37.5,38.0,0,normal
63,0.007993064516129043,0.006387390448201595,0.0008199999999973784,126.0,5,0,192,0.4126984126984127,38.75992063492063,59.997717390390726,3.61304299918896,89.83,83.4,6.429999999999993,79.83,79.77,0.060000000000002274,397.1,396.20000000000005,0.8999999999999773,30.810000000000002,30.769999999999996,0.04000000000000625,50.03,50.02,0.00999999999999801,0.0,0.0,0.0,151,37.75,38.25,0,normal
62,0.007851967213114817,0.007256808859174921,0.00010000000000331966,124.0,5,0,192,0.4032258064516129,39.13508064516129,61.005419338802795,3.642859284828638,86.23,79.9,6.329999999999998,79.8,79.74,0.060000000000002274,397.1,396.6,0.5,30.83,30.790000000000006,0.03999999999999204,50.03,50.0,0.030000000000001137,0.0,0.0,0.0,152,38.0,38.5,0,normal
63,0.007689999999999968,0.0074255930576663,7.000000000090267e-05,126.0,5,0,192,0.3968253968253968,41.87698412698413,64.75816386935247,3.65955531743747,82.71000000000001,76.39,6.320000000000007,79.75,79.7,0.04999999999999716,397.1,396.6,0.5,30.86,30.820000000000007,0.03999999999999204,50.02,50.0,0.020000000000003126,0.0,0.0,0.0,153,38.25,38.75,0,normal
64,0.007829047619047683,0.006860060556511229,1.9999999999242846e-05,128.0,5,0,192,0.40625,40.962890625,63.01668143054891,3.6927998456242466,79.19,72.95,6.239999999999995,79.72,79.67,0.04999999999999716,397.0,396.70000000000005,0.2999999999999545,30.870000000000005,30.840000000000003,0.030000000000001137,50.02,50.01,0.010000000000005116,0.0,0.0,0.0,154,38.5,39.0,0,normal
62,0.00784967213114746,0.005153409174712366,1.9999999999242846e-05,124.0,5,0,192,0.4032258064516129,42.078629032258064,63.32637447834876,3.809475390644233,75.68,69.67,6.010000000000005,79.68,79.63,0.05000000000001137,397.8,395.5,2.3000000000000114,30.89,30.870000000000005,0.01999999999999602,50.01,50.01,0.0,0.0,0.0,0.0,155,38.75,39.25,0,normal
62,0.008059180327868875,0.003872163073673876,4.000000000559112e-05,124.0,5,0,192,0.4032258064516129,45.98588709677419,67.41309969511403,3.713529444516962,72.27,66.54,5.72999999999999,79.66,79.61,0.04999999999999716,398.0,395.5,2.5,30.909999999999997,30.879999999999995,0.030000000000001137,50.01,50.0,0.00999999999999801,0.0,0.0,0.0,156,39.0,39.5,0,normal
63,0.007887580645161284,0.0035744540234943457,4.000000000559112e-05,126.0,5,0,192,0.3968253968253968,44.86507936507937,66.8919233949054,3.6454531839607514,69.05,63.480000000000004,5.569999999999993,79.62,79.58,0.04000000000000625,398.0,397.0,1.0,30.92,30.900000000000006,0.01999999999999602,50.0,49.99,0.00999999999999801,0.0,0.0,0.0,157,39.25,39.75,0,normal
63,0.007938064516129006,0.0032314936318383358,0.0005099999999984561,126.0,5,0,192,0.3968253968253968,42.59325396825397,65.61784529499366,3.744294251367463,65.95,60.730000000000004,5.219999999999999,79.60000000000001,79.55,0.05000000000001137,397.8,397.0,0.8000000000000114,30.930000000000007,30.909999999999997,0.020000000000010232,50.0,49.97,0.030000000000001137,0.0,0.0,0.0,158,39.5,40.0,0,normal
62,0.008014426229508225,0.003207204249344901,0.0006000000000057071,124.0,5,0,192,0.4032258064516129,44.100806451612904,68.41484228229227,3.7014704310947093,62.9,58.09,4.809999999999995,79.56,79.52,0.04000000000000625,398.0,395.8,2.1999999999999886,30.939999999999998,30.930000000000007,0.009999999999990905,50.01,49.97,0.03999999999999915,0.0,0.0,0.0,159,39.75,40.25,0,normal
62,0.008135737704918012,0.004134261667790026,0.00018999999999635975,124.0,5,0,192,0.4032258064516129,43.28225806451613,64.97193072395123,3.650178344026522,60.22,55.6,4.619999999999997,79.54,79.5,0.04000000000000625,398.0,395.8,2.1999999999999886,30.950000000000003,30.939999999999998,0.010000000000005116,50.01,50.01,0.0,0.0,0.0,0.0,160,40.0,40.5,0,normal
63,0.007862741935483888,0.0041972776005387855,6.0000000004833964e-05,126.0,5,0,192,0.3968253968253968,43.93055555555556,66.81324020250796,3.6731675645807216,57.56,53.08,4.480000000000004,79.51,79.47,0.04000000000000625,398.5,397.3,1.1999999999999886,30.950000000000003,30.950000000000003,0.0,50.01,49.99,0.01999999999999602,0.0,0.0,0.0,161,40.25,40.75,0,normal
62,0.008083606557377021,0.003629853464407525,6.0000000004833964e-05,124.0,5,0,192,0.4032258064516129,45.346774193548384,71.29508130738354,3.667865704272501,55.120000000000005,50.660000000000004,4.460000000000001,79.49,79.46000000000001,0.029999999999986926,398.5,397.1,1.3999999999999773,30.960000000000008,30.950000000000003,0.010000000000005116,50.02,49.99,0.030000000000001137,0.0,0.0,0.0,162,40.5,41.0,0,normal
62,0.008028032786885167,0.0036627383018415596,0.0001699999999971169,124.0,5,0,192,0.4032258064516129,42.703629032258064,66.41984366129911,3.686756160394835,52.61,48.300000000000004,4.309999999999995,79.47,79.43,0.03999999999999204,399.0,397.1,1.8999999999999773,30.960000000000008,30.960000000000008,0.0,50.02,49.97,0.05000000000000426,0.0,0.0,0.0,163,40.75,41.25,0,normal
63,0.007962258064516219,0.0038482658094075336,0.00030999999999892225,126.0,5,0,192,0.3968253968253968,39.84722222222222,62.195595785723384,3.713186119245452,50.14,46.27,3.8699999999999974,79.45,79.41,0.04000000000000625,399.0,397.3,1.6999999999999886,30.960000000000008,30.960000000000008,0.0,49.980000000000004,49.97,0.010000000000005116,0.0,0.0,0.0,164,41.0,41.5,0,normal
63,0.007978870967741912,0.005601378892690025,0.00030999999999892225,126.0,5,0,192,0.3968253968253968,43.90277777777778,68.3051369833609,3.701800561664399,47.88,44.26,3.6200000000000045,79.42,79.39,0.030000000000001137,398.6,397.3,1.3000000000000114,30.960000000000008,30.960000000000008,0.0,50.050000000000004,49.980000000000004,0.07000000000000028,0.0,0.0,0.0,165,41.25,41.75,0,normal
64,0.007894285714285734,0.007366408466555532,0.00018000000000029104,128.0,5,0,192,0.390625,45.373046875,69.53270009789676,3.793318275005573,45.85,42.27,3.5799999999999983,79.41,79.37,0.03999999999999204,398.3,397.3,1.0,30.960000000000008,30.960000000000008,0.0,50.050000000000004,49.99,0.060000000000002274,0.0,0.0,0.0,166,41.5,42.0,0,normal
61,0.008023166666666744,0.007596601321570735,1.0000000003174137e-05,122.0,5,0,192,0.4098360655737705,44.12090163934426,69.02980864202262,3.6911678744222596,43.87,40.34,3.529999999999994,79.38,79.36,0.01999999999999602,398.3,397.20000000000005,1.099999999999966,30.960000000000008,30.960000000000008,0.0,50.0,49.99,0.00999999999999801,0.0,0.0,0.0,167,41.75,42.25,0,normal
62,0.007993606557376992,0.0073895477873105325,1.0000000003174137e-05,124.0,5,0,192,0.4032258064516129,46.33870967741935,71.37318294357033,3.535133336587291,41.87,38.4,3.469999999999999,79.36,79.34,0.01999999999999602,398.8,397.20000000000005,1.599999999999966,30.960000000000008,30.950000000000003,0.010000000000005116,50.0,50.0,0.0,0.0,0.0,0.0,168,42.0,42.5,0,normal
64,0.007909206349206367,0.006505048906417538,0.00014000000000180535,128.0,5,0,192,0.40625,44.998046875,69.35896489863659,3.6761980244408825,39.94,36.71,3.229999999999997,79.35000000000001,79.32000000000001,0.030000000000001137,398.8,397.70000000000005,1.099999999999966,30.960000000000008,30.950000000000003,0.010000000000005116,50.04,49.95,0.0899999999999963,0.0,0.0,0.0,169,42.25,42.75,0,normal
63,0.007846290322580598,0.005352183526034421,0.00014000000000180535,126.0,5,0,192,0.3968253968253968,46.99801587301587,71.25731650008579,3.7019467144296985,38.06,35.11,2.950000000000003,79.33,79.3,0.030000000000001137,398.6,397.90000000000003,0.6999999999999886,30.950000000000003,30.939999999999998,0.010000000000005116,50.04,49.95,0.0899999999999963,0.0,0.0,0.0,170,42.5,43.0,0,normal
61,0.008012166666666687,0.005601863407732313,2.9999999995311555e-05,122.0,5,0,192,0.4098360655737705,47.50819672131148,71.54724403871242,3.703101013223005,36.4,33.54,2.8599999999999994,79.31,79.29,0.01999999999999602,398.6,398.1,0.5,30.950000000000003,30.939999999999998,0.010000000000005116,50.02,49.980000000000004,0.03999999999999915,0.0,0.0,0.0,171,42.75,43.25,0,normal
62,0.007934754098360672,0.005623367991025155,2.9999999995311555e-05,124.0,5,0,192,0.4032258064516129,47.28629032258065,72.03660789182729,3.7658561435593936,34.77,31.970000000000002,2.8000000000000007,79.3,79.28,0.01999999999999602,399.0,397.5,1.5,30.939999999999998,30.92,0.01999999999999602,50.02,50.0,0.020000000000003126,0.0,0.0,0.0,172,43.0,43.5,0,normal
63,0.007817903225806448,0.004981905690919945,9.000000000014552e-05,126.0,5,0,192,0.3968253968253968,45.45039682539682,70.79319254669647,3.679195479782385,33.230000000000004,30.54,2.690000000000005,79.29,79.27,0.020000000000010232,399.0,397.5,1.5,30.930000000000007,30.92,0.010000000000005116,50.02,49.99,0.030000000000001137,0.0,0.0,0.0,173,43.25,43.75,0,normal
63,0.00778693548387099,0.005787283219296802,0.00015000000000497948,126.0,5,0,192,0.3968253968253968,43.464285714285715,67.71795143617399,3.7187715483464574,31.7,29.19,2.509999999999998,79.27,79.25,0.01999999999999602,398.70000000000005,398.0,0.7000000000000455,30.92,30.909999999999997,0.010000000000005116,50.02,49.99,0.030000000000001137,0.0,0.0,0.0,174,43.5,44.0,0,normal
62,0.007973278688524604,0.006113980678902978,0.00015000000000497948,124.0,5,0,192,0.4032258064516129,45.48991935483871,71.1501698703112,3.753723594674166,30.25,27.78,2.469999999999999,79.26,79.24,0.020000000000010232,398.40000000000003,398.1,0.30000000000001137,30.909999999999997,30.900000000000006,0.009999999999990905,50.01,49.99,0.01999999999999602,0.0,0.0,0.0,175,43.75,44.25,0,normal
62,0.007931967213114701,0.00468985435114879,0.0005999999999986017,124.0,5,0,192,0.4032258064516129,48.44959677419355,73.84588818241889,3.690775963804141,28.91,26.51,2.3999999999999986,79.24,79.22,0.01999999999999602,398.3,397.40000000000003,0.8999999999999773,30.900000000000006,30.879999999999995,0.020000000000010232,50.01,49.99,0.01999999999999602,0.0,0.0,0.0,176,44.0,44.5,0,normal
64,0.007896666666666653,0.004025408586183307,0.000560000000000116,128.0,5,0,192,0.40625,47.755859375,73.00963766675072,3.7170413376110107,27.5,25.28,2.219999999999999,79.23,79.22,0.010000000000005116,399.3,397.40000000000003,1.8999999999999773,30.89,30.870000000000005,0.01999999999999602,50.0,49.980000000000004,0.01999999999999602,0.0,0.0,0.0,177,44.25,44.75,0,normal
63,0.007812258064516052,0.004327788088603504,0.00043999999999755346,126.0,5,0,192,0.3968253968253968,48.09126984126984,75.41840699895828,3.7377075554991226,26.2,24.32,1.879999999999999,79.22,79.2,0.01999999999999602,399.3,397.70000000000005,1.599999999999966,30.879999999999995,30.86,0.01999999999999602,50.0,49.980000000000004,0.01999999999999602,0.0,0.0,0.0,178,44.5,45.0,0,normal
75,0.006655135135135141,0.003716065284404538,0.00042000000000541604,150.0,5,0,192,0.5066666666666667,45.3,74.24015086191568,3.25876091787789,27.5,24.32,3.1799999999999997,79.21000000000001,79.19,0.020000000000010232,398.70000000000005,397.70000000000005,1.0,30.870000000000005,30.85000000000001,0.01999999999999602,50.02,49.99,0.030000000000001137,0.0,0.0,0.0,179,44.75,45.25,1,replay
88,0.005745517241379289,0.002926519551700388,0.0002999999999957481,176.0,5,0,192,0.5795454545454546,41.26278409090909,70.19160449974653,2.857306942036861,30.13,25.39,4.739999999999998,79.2,79.18,0.01999999999999602,399.70000000000005,398.3,1.400000000000034,30.85000000000001,30.840000000000003,0.010000000000005116,50.02,49.99,0.030000000000001137,0.0,0.0,0.0,180,45.0,45.5,1,replay
87,0.005700697674418678,0.003554071294877047,7.999999999697138e-05,174.0,5,0,192,0.5632183908045977,41.60632183908046,69.76572179119087,2.8511653985144676,32.7,28.04,4.660000000000004,79.19,79.17,0.01999999999999602,399.70000000000005,397.6,2.1000000000000227,30.840000000000003,30.83,0.010000000000005116,50.0,49.96,0.03999999999999915,0.0,0.0,0.0,181,45.25,45.75,1,replay
88,0.005627701149425276,0.003960252430463611,7.999999999697138e-05,176.0,5,0,192,0.5681818181818182,38.96590909090909,67.0918762633539,2.866836359730221,35.160000000000004,30.67,4.490000000000002,79.17,79.15,0.01999999999999602,399.0,397.6,1.3999999999999773,30.83,30.820000000000007,0.009999999999990905,50.0,49.96,0.03999999999999915,0.0,0.0,0.0,182,45.5,46.0,1,replay
87,0.005689186046511601,0.003949747773847833,0.00013999999999469992,174.0,5,0,192,0.5747126436781609,36.735632183908045,64.63359767751037,2.9445549083037545,37.46,33.17,4.289999999999999,79.16,79.14,0.01999999999999602,399.0,397.5,1.5,30.83,30.820000000000007,0.009999999999990905,50.04,49.980000000000004,0.05999999999999517,0.0,0.0,0.0,183,45.75,46.25,1,replay
86,0.005724235294117698,0.003150096684405927,0.00027000000000043656,172.0,5,0,192,0.5697674418604651,38.21511627906977,66.40975869981665,2.9257539360006564,39.72,35.660000000000004,4.059999999999995,79.14,79.12,0.01999999999999602,399.0,397.3,1.6999999999999886,30.820000000000007,30.810000000000002,0.010000000000005116,50.04,49.980000000000004,0.05999999999999517,0.0,0.0,0.0,184,46.0,46.5,1,replay
88,0.0056485057471264135,0.0026737358292188607,0.0001699999999971169,176.0,5,0,192,0.5681818181818182,36.55397727272727,64.73187650959942,2.867013689136847,41.9,37.9,4.0,79.13,79.10000000000001,0.029999999999986926,399.0,397.20000000000005,1.7999999999999545,30.820000000000007,30.810000000000002,0.010000000000005116,50.0,49.980000000000004,0.01999999999999602,0.0,0.0,0.0,185,46.25,46.75,1,replay
87,0.005703139534883661,0.003864334312427169,0.0001200000000025625,174.0,5,0,192,0.5747126436781609,36.89367816091954,65.39785547144675,2.876814674222708,43.980000000000004,40.19,3.7900000000000063,79.11,79.08,0.030000000000001137,398.20000000000005,397.20000000000005,1.0,30.810000000000002,30.810000000000002,0.0,50.0,49.99,0.00999999999999801,0.0,0.0,0.0,186,46.5,47.0,1,replay
88,0.005689770114942536,0.004265346592757565,0.0001200000000025625,176.0,5,0,192,0.5795454545454546,39.93892045454545,69.01959921723184,2.8650738045985404,45.81,42.300000000000004,3.509999999999998,79.09,79.06,0.030000000000001137,398.6,397.20000000000005,1.3999999999999773,30.810000000000002,30.810000000000002,0.0,50.0,50.0,0.0,0.0,0.0,0.0,187,46.75,47.25,1,replay
87,0.005787093023255881,0.004713250215721851,3.0000000002416982e-05,174.0,5,0,192,0.5747126436781609,38.46120689655172,66.58900957548889,2.8303742900587157,47.57,44.36,3.210000000000001,79.07000000000001,79.04,0.030000000000001137,398.6,397.20000000000005,1.3999999999999773,30.810000000000002,30.810000000000002,0.0,50.0,50.0,0.0,0.0,0.0,0.0,188,47.0,47.5,1,replay
88,0.005577701149425249,0.0046388270666588875,3.0000000002416982e-05,176.0,5,0,192,0.5681818181818182,35.83380681818182,63.301133160250544,2.79626168353434,49.36,46.160000000000004,3.1999999999999957,79.05,79.02,0.030000000000001137,398.6,397.8,0.8000000000000114,30.820000000000007,30.810000000000002,0.010000000000005116,50.0,49.99,0.00999999999999801,0.0,0.0,0.0,189,47.25,47.75,1,replay
90,0.005578314606741598,0.0036121359848341303,0.0,180.0,5,0,192,0.5666666666666667,36.53194444444444,64.4467832280352,2.849217340318607,51.06,47.95,3.1099999999999994,79.03,78.99,0.04000000000000625,398.1,397.3,0.8000000000000114,30.820000000000007,30.820000000000007,0.0,50.0,49.99,0.00999999999999801,0.0,0.0,0.0,190,47.5,48.0,1,replay
87,0.005640697674418554,0.003186069529708412,0.0,174.0,5,0,192,0.5747126436781609,37.65373563218391,65.27247873566566,2.8910271330586035,52.6,49.72,2.8800000000000026,79.01,78.98,0.030000000000001137,398.1,397.3,0.8000000000000114,30.820000000000007,30.820000000000007,0.0,50.0,49.99,0.00999999999999801,0.0,0.0,0.0,191,47.75,48.25,1,replay
87,0.0056887209302325485,0.0035036462058937973,0.0008699999999990382,174.0,5,0,192,0.5747126436781609,37.366379310344826,64.88736453690949,2.8488532065403964,54.050000000000004,51.34,2.710000000000001,78.99,78.95,0.03999999999999204,398.6,397.20000000000005,1.3999999999999773,30.83,30.820000000000007,0.009999999999990905,50.0,49.99,0.00999999999999801,0.0,0.0,0.0,192,48.0,48.5,1,replay
87,0.005787209302325603,0.0042708894697905024,8.000000000407681e-05,174.0,5,0,192,0.5747126436781609,36.97270114942529,63.79856141544888,2.8143731118454323,55.47,52.9,2.5700000000000003,78.97,78.93,0.03999999999999204,398.6,397.20000000000005,1.3999999999999773,30.840000000000003,30.83,0.010000000000005116,50.01,49.99,0.01999999999999602,0.0,0.0,0.0,193,48.25,48.75,1,replay
87,0.00570337209302327,0.004409808731406385,4.000000000559112e-05,174.0,5,0,192,0.5747126436781609,34.875,60.71312471723914,2.7857705364464613,56.89,54.33,2.5600000000000023,78.94,78.9,0.03999999999999204,398.3,396.1,2.1999999999999886,30.85000000000001,30.83,0.020000000000010232,50.01,49.99,0.01999999999999602,0.0,0.0,0.0,194,48.5,49.0,1,replay
88,0.00567505747126436,0.0033652705220157397,4.000000000559112e-05,176.0,5,0,192,0.5681818181818182,36.62784090909091,62.979687543410364,2.7852400838465567,58.230000000000004,55.72,2.510000000000005,78.92,78.88,0.04000000000000625,398.3,396.1,2.1999999999999886,30.85000000000001,30.840000000000003,0.010000000000005116,50.01,49.99,0.01999999999999602,0.0,0.0,0.0,195,48.75,49.25,1,replay
88,0.005713793103448312,0.002961277000626459,0.00027000000000043656,176.0,5,0,192,0.5681818181818182,39.50284090909091,67.22240894713985,2.8487210674923156,59.51,57.160000000000004,2.3499999999999943,78.89,78.85000000000001,0.03999999999999204,398.20000000000005,397.3,0.9000000000000341,30.86,30.85000000000001,0.009999999999990905,50.02,49.99,0.030000000000001137,0.0,0.0,0.0,196,49.0,49.5,1,replay
87,0.005789069767441894,0.003747052679885154,0.0001600000000010482,174.0,5,0,192,0.5747126436781609,37.49856321839081,64.78283792710599,2.8578220136004546,60.74,58.5,2.240000000000002,78.87,78.83,0.04000000000000625,398.0,396.3,1.6999999999999886,30.870000000000005,30.86,0.010000000000005116,50.02,49.97,0.05000000000000426,0.0,0.0,0.0,197,49.25,49.75,1,replay
87,0.005630116279069828,0.003267274838485857,9.999999999621423e-05,174.0,5,0,192,0.5632183908045977,37.548850574712645,65.11054193517832,2.8828197001808316,61.93,59.76,2.1700000000000017,78.84,78.8,0.04000000000000625,397.5,396.3,1.1999999999999886,30.879999999999995,30.870000000000005,0.009999999999990905,50.01,49.97,0.03999999999999915,0.0,0.0,0.0,198,49.5,50.0,1,replay
75,0.006571756756756703,0.004237079360645173,9.999999999621423e-05,150.0,5,0,192,0.49333333333333335,38.79,66.20540687889472,2.957753136735843,63.06,60.99,2.0700000000000003,78.82000000000001,78.77,0.05000000000001137,397.3,397.0,0.30000000000001137,30.89,30.870000000000005,0.01999999999999602,50.03,50.01,0.020000000000003126,0.0,0.0,0.0,199,49.75,50.25,1,replay
63,0.008020967741935413,0.006465718708567522,0.00014999999999787406,126.0,5,0,192,0.4126984126984127,39.26587301587302,65.4772826989229,3.0125903604674296,64.23,62.18,2.0500000000000043,78.79,78.74,0.05000000000001137,397.20000000000005,396.8,0.4000000000000341,30.909999999999997,30.89,0.01999999999999602,50.03,50.01,0.020000000000003126,0.0,0.0,0.0,200,50.0,50.5,0,normal
62,0.007910491803278692,0.006783117042136245,0.00014999999999787406,124.0,5,0,192,0.4032258064516129,38.61693548387097,65.32325355587297,3.036305854793932,65.31,63.300000000000004,2.009999999999998,78.76,78.72,0.04000000000000625,397.20000000000005,396.6,0.6000000000000227,30.92,30.900000000000006,0.01999999999999602,50.01,50.01,0.0,0.0,0.0,0.0,201,50.25,50.75,0,normal
61,0.007912333333333283,0.0070583514049355894,7.000000000090267e-05,122.0,5,0,192,0.39344262295081966,38.4405737704918,65.62052914730593,2.9777132144494396,66.32000000000001,64.45,1.8700000000000045,78.73,78.68,0.04999999999999716,398.1,396.3,1.8000000000000114,30.930000000000007,30.909999999999997,0.020000000000010232,50.02,49.95,0.07000000000000028,0.0,0.0,0.0,202,50.5,51.0,0,normal
63,0.007882419354838785,0.0064015493803682684,7.000000000090267e-05,126.0,5,0,192,0.3968253968253968,38.72222222222222,65.79569615983226,2.9768982471555163,67.33,65.53,1.7999999999999972,78.71000000000001,78.66,0.05000000000001137,398.1,396.3,1.8000000000000114,30.939999999999998,30.92,0.01999999999999602,50.04,49.95,0.0899999999999963,0.0,0.0,0.0,203,50.75,51.25,0,normal
62,0.00805983606557377,0.005809644184189552,0.00018000000000029104,124.0,5,0,192,0.4032258064516129,38.77620967741935,63.99631666685026,2.9434225173572446,68.21000000000001,66.56,1.6500000000000057,78.67,78.63,0.04000000000000625,397.8,396.20000000000005,1.599999999999966,30.960000000000008,30.939999999999998,0.020000000000010232,50.04,50.02,0.01999999999999602,0.0,0.0,0.0,204,51.0,51.5,0,normal
62,0.007958852459016487,0.005560785738312035,0.00018000000000029104,124.0,5,0,192,0.4032258064516129,38.506048387096776,64.58537082580959,2.933352663002277,69.12,67.55,1.5700000000000074,78.65,78.60000000000001,0.04999999999999716,397.90000000000003,396.20000000000005,1.6999999999999886,30.97,30.950000000000003,0.01999999999999602,50.02,49.99,0.030000000000001137,0.0,0.0,0.0,205,51.25,51.75,0,normal
64,0.007884761904761946,0.004045539914187706,0.00027999999999650527,128.0,5,0,192,0.40625,34.904296875,60.43999333253492,2.9798908715271075,69.86,68.4,1.4599999999999937,78.61,78.57000000000001,0.03999999999999204,397.90000000000003,396.40000000000003,1.5,30.989999999999995,30.97,0.01999999999999602,50.02,49.99,0.030000000000001137,0.0,0.0,0.0,206,51.5,52.0,0,normal
63,0.007968709677419429,0.0030230344101159524,0.001300000000000523,126.0,5,0,192,0.3968253968253968,35.807539682539684,59.46121070137928,2.9693663618425155,70.64,69.24,1.4000000000000057,78.59,78.54,0.04999999999999716,397.6,396.20000000000005,1.3999999999999773,31.0,30.980000000000004,0.01999999999999602,50.02,49.99,0.030000000000001137,0.0,0.0,0.0,207,51.75,52.25,0,normal
62,0.008024754098360586,0.003561015514837715,0.0002999999999957481,124.0,5,0,192,0.4032258064516129,39.060483870967744,63.47088146003848,2.9331772790156,71.39,69.99,1.4000000000000057,78.55,78.5,0.04999999999999716,397.0,396.20000000000005,0.7999999999999545,31.03,31.0,0.030000000000001137,50.01,49.99,0.01999999999999602,0.0,0.0,0.0,208,52.0,52.5,0,normal
62,0.008012131147540983,0.003577286321421263,0.0002999999999957481,124.0,5,0,192,0.4032258064516129,39.233870967741936,66.72788492790022,2.9850504280067733,72.13,70.8,1.3299999999999983,78.53,78.48,0.04999999999999716,397.5,396.3,1.1999999999999886,31.040000000000006,31.010000000000005,0.030000000000001137,50.03,49.99,0.03999999999999915,0.0,0.0,0.0,209,52.25,52.75,0,normal
62,0.00805081967213108,0.003278568907653513,0.0004199999999983106,124.0,5,0,192,0.4032258064516129,36.40120967741935,62.451677436764754,2.992299980664628,72.89,71.53,1.3599999999999994,78.49,78.44,0.04999999999999716,397.5,395.90000000000003,1.599999999999966,31.060000000000002,31.03,0.030000000000001137,50.03,49.980000000000004,0.04999999999999716,0.0,0.0,0.0,210,52.5,53.0,0,normal
63,0.00793645161290326,0.0032918599981855176,5.999999999772854e-05,126.0,5,0,192,0.3968253968253968,37.95436507936508,62.90383739267311,3.021874733202632,73.61,72.3,1.3100000000000023,78.47,78.41,0.060000000000002274,397.5,395.90000000000003,1.599999999999966,31.08,31.049999999999997,0.030000000000001137,50.01,49.980000000000004,0.02999999999999403,0.0,0.0,0.0,211,52.75,53.25,0,normal
63,0.007992096774193483,0.0035837028683609797,5.999999999772854e-05,126.0,5,0,192,0.3968253968253968,45.63690476190476,74.37259471329311,3.0128156287595873,74.23,73.0,1.230000000000004,78.43,78.37,0.060000000000002274,397.70000000000005,396.40000000000003,1.3000000000000114,31.10000000000001,31.070000000000007,0.030000000000001137,50.02,50.0,0.020000000000003126,0.0,0.0,0.0,212,53.0,53.5,0,normal
62,0.007995901639344235,0.0036510880377197265,5.999999999772854e-05,124.0,5,0,192,0.4032258064516129,41.07056451612903,69.32294298336497,3.0449097456102088,74.85000000000001,73.73,1.1200000000000045,78.4,78.35000000000001,0.04999999999999716,397.70000000000005,396.5,1.2000000000000455,31.11,31.08,0.030000000000001137,50.02,50.0,0.020000000000003126,0.0,0.0,0.0,213,53.25,53.75,0,normal
62,0.008052786885245992,0.003992198182910146,5.999999999772854e-05,124.0,5,0,192,0.4032258064516129,34.15524193548387,57.82490684432073,2.9220985014355274,75.43,74.42,1.0100000000000051,78.36,78.32000000000001,0.03999999999999204,397.0,396.1,0.8999999999999773,31.129999999999995,31.10000000000001,0.029999999999986926,50.01,50.0,0.00999999999999801,0.0,0.0,0.0,214,53.5,54.0,0,normal
63,0.00784435483870959,0.003987180918962696,5.999999999772854e-05,126.0,5,0,192,0.3968253968253968,39.714285714285715,65.2196663229999,3.0473046707046945,76.07000000000001,74.95,1.1200000000000045,78.34,78.28,0.060000000000002274,397.20000000000005,396.1,1.1000000000000227,31.159999999999997,31.120000000000005,0.03999999999999204,50.01,49.99,0.01999999999999602,0.0,0.0,0.0,215,53.75,54.25,0,normal
62,0.00816409836065575,0.003740696164299143,0.00018000000000029104,124.0,5,0,192,0.4032258064516129,42.95967741935484,69.59455151012858,3.077277599136749,76.68,75.58,1.1000000000000085,78.3,78.24,0.060000000000002274,397.20000000000005,396.20000000000005,1.0,31.180000000000007,31.14,0.04000000000000625,49.99,49.99,0.0,0.0,0.0,0.0,216,54.0,54.5,0,normal
62,0.008021147540983556,0.004635483280146819,0.0001299999999986312,124.0,5,0,192,0.4032258064516129,39.256048387096776,66.47417158273251,3.044510651876151,77.16,76.16,1.0,78.27,78.21000000000001,0.05999999999998806,397.20000000000005,396.40000000000003,0.8000000000000114,31.189999999999998,31.159999999999997,0.030000000000001137,50.02,49.99,0.030000000000001137,0.0,0.0,0.0,217,54.25,54.75,0,normal
63,0.007976129032258087,0.004942184888004531,0.0001299999999986312,126.0,5,0,192,0.3968253968253968,33.91269841269841,59.65915353619323,3.0310770891650702,77.59,76.73,0.8599999999999994,78.23,78.17,0.060000000000002274,397.40000000000003,396.20000000000005,1.1999999999999886,31.210000000000008,31.180000000000007,0.030000000000001137,50.02,49.980000000000004,0.03999999999999915,0.0,0.0,0.0,218,54.5,55.0,0,normal
63,0.007839838709677386,0.004141943400781492,0.00044999999999362217,126.0,5,0,192,0.3968253968253968,35.61507936507937,60.03390783609765,2.9471249127970114,78.11,77.23,0.8799999999999955,78.2,78.15,0.04999999999999716,397.6,396.20000000000005,1.3999999999999773,31.230000000000004,31.200000000000003,0.030000000000001137,49.99,49.980000000000004,0.00999999999999801,0.0,0.0,0.0,219,54.75,55.25,0,normal
62,0.008112459016393488,0.004074991564202201,0.0004199999999983106,124.0,5,0,192,0.4032258064516129,41.55846774193548,66.43193679763102,2.9663608408303355,78.54,77.68,0.8599999999999994,78.16,78.11,0.04999999999999716,397.6,396.0,1.6000000000000227,31.25,31.22,0.030000000000001137,50.02,49.99,0.030000000000001137,0.0,0.0,0.0,220,55.0,55.5,0,normal
63,0.007905483870967688,0.00397114133160086,0.0003299999999981651,126.0,5,0,192,0.3968253968253968,41.851190476190474,69.109268198728,2.9601735276551127,79.01,78.23,0.7800000000000011,78.13,78.08,0.04999999999999716,397.1,396.0,1.1000000000000227,31.269999999999996,31.239999999999995,0.030000000000001137,50.02,50.0,0.020000000000003126,0.0,0.0,0.0,221,55.25,55.75,0,normal
63,0.007948387096774236,0.003496394545514377,5.999999999772854e-05,126.0,5,0,192,0.3968253968253968,41.88690476190476,71.3924787284412,2.9650933196299754,79.35000000000001,78.63,0.7200000000000131,78.09,78.04,0.04999999999999716,397.6,396.40000000000003,1.1999999999999886,31.290000000000006,31.260000000000005,0.030000000000001137,50.02,50.0,0.020000000000003126,0.0,0.0,0.0,222,55.5,56.0,0,normal
62,0.00804213114754107,0.0037244791096924814,5.999999999772854e-05,124.0,5,0,192,0.4032258064516129,39.49596774193548,69.05677876514596,3.0663372555121953,79.64,79.05,0.5900000000000034,78.07000000000001,78.0,0.07000000000000739,397.6,395.8,1.8000000000000114,31.320000000000007,31.28,0.04000000000000625,50.03,50.0,0.030000000000001137,0.0,0.0,0.0,223,55.75,56.25,0,normal
61,0.008134166666666687,0.005392280992822331,0.00018999999999635975,122.0,5,0,192,0.4098360655737705,35.37909836065574,61.57497207528634,3.097063245063198,80.03,79.39,0.6400000000000006,78.02,77.97,0.04999999999999716,397.0,395.8,1.1999999999999886,31.340000000000003,31.299999999999997,0.04000000000000625,50.03,49.980000000000004,0.04999999999999716,0.0,0.0,0.0,224,56.0,56.5,0,normal
63,0.00786806451612902,0.005328073802741285,0.00018999999999635975,126.0,5,0,192,0.3968253968253968,38.04365079365079,63.87135259182947,3.0642195020383785,80.38,79.73,0.6499999999999915,77.99,77.94,0.04999999999999716,396.8,396.0,0.8000000000000114,31.35000000000001,31.320000000000007,0.030000000000001137,50.02,49.97,0.05000000000000426,0.0,0.0,0.0,225,56.25,56.75,0,normal
64,0.007853174603174544,0.0040745352545959665,0.00019999999999953388,128.0,5,0,192,0.40625,38.732421875,64.65419344537538,3.01710910036514,80.72,80.10000000000001,0.6199999999999903,77.95,77.9,0.04999999999999716,397.1,396.0,1.1000000000000227,31.379999999999995,31.340000000000003,0.03999999999999204,50.02,49.97,0.05000000000000426,0.0,0.0,0.0,226,56.5,57.0,0,normal
61,0.00808049999999992,0.004642857749633237,0.00029000000000678483,122.0,5,0,192,0.4098360655737705,39.85860655737705,65.41067059407443,3.021840967074104,81.14,80.46000000000001,0.6799999999999926,77.93,77.87,0.060000000000002274,397.1,396.1,1.0,31.400000000000006,31.36,0.04000000000000625,50.03,50.0,0.030000000000001137,0.0,0.0,0.0,227,56.75,57.25,0,normal
61,0.00801316666666665,0.004459374953086885,0.00011000000000649379,122.0,5,0,192,0.4098360655737705,41.37909836065574,69.09278726210184,3.049673233680225,81.54,80.81,0.730000000000004,77.88,77.83,0.04999999999999716,397.3,395.70000000000005,1.599999999999966,31.42,31.39,0.030000000000001137,50.04,50.03,0.00999999999999801,0.0,0.0,0.0,228,57.0,57.5,0,normal
63,0.008014354838709685,0.003675688489805169,0.00011000000000649379,126.0,5,0,192,0.4126984126984127,42.69444444444444,71.3177684460186,3.053137080338303,81.87,81.23,0.6400000000000006,77.85000000000001,77.8,0.05000000000001137,397.3,395.70000000000005,1.599999999999966,31.439999999999998,31.400000000000006,0.03999999999999204,50.04,49.96,0.0799999999999983,0.0,0.0,0.0,229,57.25,57.75,0,normal
62,0.007977540983606526,0.003550107666682916,0.00030000000000285354,124.0,5,0,192,0.4032258064516129,37.96370967741935,65.49546504206992,2.9669305896872245,82.26,81.53,0.730000000000004,77.81,77.76,0.04999999999999716,396.6,395.90000000000003,0.6999999999999886,31.460000000000008,31.430000000000007,0.030000000000001137,50.0,49.96,0.03999999999999915,0.0,0.0,0.0,230,57.5,58.0,0,normal
63,0.008010967741935448,0.00433903352910594,0.00030000000000285354,126.0,5,0,192,0.3968253968253968,35.26587301587302,60.23502865126567,3.0501770236230694,82.4,81.97,0.4300000000000068,77.78,77.71000000000001,0.06999999999999318,396.70000000000005,395.6,1.1000000000000227,31.489999999999995,31.450000000000003,0.03999999999999204,50.01,50.0,0.00999999999999801,0.0,0.0,0.0,231,57.75,58.25,0,normal
62,0.008010000000000022,0.004087958326438027,0.0003699999999966508,124.0,5,0,192,0.4032258064516129,40.600806451612904,66.88047474843044,3.137296775372035,82.78,82.32000000000001,0.45999999999999375,77.74,77.69,0.04999999999999716,396.8,395.6,1.1999999999999886,31.510000000000005,31.47,0.04000000000000625,50.01,50.01,0.0,0.0,0.0,0.0,232,58.0,58.5,0,normal
62,0.007980000000000051,0.0034861783293835265,0.00046000000000390173,124.0,5,0,192,0.4032258064516129,41.11693548387097,67.11111419633306,3.0633105503411704,83.03,82.46000000000001,0.5699999999999932,77.7,77.64,0.060000000000002274,396.8,395.6,1.1999999999999886,31.53,31.5,0.030000000000001137,50.01,49.99,0.01999999999999602,0.0,0.0,0.0,233,58.25,58.75,0,normal
64,0.007905555555555542,0.0037762410039519695,0.00019999999999953388,128.0,5,0,192,0.40625,39.248046875,66.42308607233484,3.0554393000625657,83.3,82.77,0.5300000000000011,77.67,77.61,0.060000000000002274,398.0,395.6,2.3999999999999773,31.549999999999997,31.519999999999996,0.030000000000001137,50.0,49.980000000000004,0.01999999999999602,0.0,0.0,0.0,234,58.5,59.0,0,normal
63,0.007868709677419433,0.0036532038452661104,0.00019999999999953388,126.0,5,0,192,0.3968253968253968,39.763888888888886,66.61198505622328,2.999247706111221,83.54,83.08,0.46000000000000796,77.63,77.57000000000001,0.05999999999998806,398.0,396.1,1.8999999999999773,31.58,31.540000000000006,0.03999999999999204,50.04,49.980000000000004,0.05999999999999517,0.0,0.0,0.0,235,58.75,59.25,0,normal
62,0.007988688524590178,0.003217990654710337,0.0006300000000010186,124.0,5,0,192,0.4032258064516129,41.73991935483871,67.55453963872411,3.024361577134968,83.73,83.33,0.4000000000000057,77.60000000000001,77.54,0.060000000000002274,396.40000000000003,395.6,0.8000000000000114,31.60000000000001,31.560000000000002,0.04000000000000625,50.04,50.01,0.030000000000001137,0.0,0.0,0.0,236,59.0,59.5,0,normal
60,0.008096440677966025,0.003099406593128742,0.0010700000000056775,120.0,5,0,192,0.4166666666666667,44.4125,71.48791163837889,3.165147319389726,83.85000000000001,83.58,0.27000000000001023,77.56,77.5,0.060000000000002274,397.1,395.6,1.5,31.620000000000005,31.590000000000003,0.030000000000001137,50.01,50.01,0.0,0.0,0.0,0.0,237,59.25,59.75,0,normal
63,0.007855483870967747,0.005643682930846783,0.00035000000000451337,126.0,5,0,192,0.3968253968253968,43.291666666666664,69.71828409323312,3.185079391808617,83.91,83.73,0.1799999999999926,77.53,77.47,0.060000000000002274,397.1,395.8,1.3000000000000114,31.64,31.60000000000001,0.03999999999999204,50.01,49.99,0.01999999999999602,0.0,0.0,0.0,238,59.5,60.0,0,normal
313,0.0015958653846153991,0.0030568171849804553,2.9999999995311555e-05,626.0,6,1,0,0.7987220447284346,211.70567092651757,91.24630518904365,1.3608421802570037,84.01,83.83,0.18000000000000682,77.48,77.42,0.060000000000002274,396.90000000000003,395.70000000000005,1.1999999999999886,31.659999999999997,31.629999999999995,0.030000000000001137,50.01,49.980000000000004,0.02999999999999403,0.0,0.0,0.0,239,59.75,60.25,1,dos
562,0.0008894830659536584,0.0002454424143632996,0.0,1124.0,6,1,0,0.8896797153024911,231.60809608540924,70.36706230606103,0.8502162779768943,84.12,83.96000000000001,0.1599999999999966,77.45,77.39,0.060000000000002274,396.6,395.70000000000005,0.8999999999999773,31.680000000000007,31.650000000000006,0.030000000000001137,49.980000000000004,49.97,0.010000000000005116,0.0,0.0,0.0,240,60.0,60.5,1,dos
562,0.0008894830659536584,0.00024702345717400863,0.0,1124.0,6,1,0,0.8896797153024911,231.95195729537366,70.01698704469281,0.8529035660393676,84.34,83.99,0.3500000000000085,77.41,77.35000000000001,0.05999999999998806,396.90000000000003,395.6,1.3000000000000114,31.710000000000008,31.67,0.04000000000000625,50.04,49.97,0.07000000000000028,0.0,0.0,0.0,241,60.25,60.75,1,dos
562,0.0008894830659536584,0.00024881447995487595,0.0,1124.0,6,1,0,0.8896797153024911,231.62633451957296,70.7327815679803,0.8331255042587175,84.47,84.18,0.28999999999999204,77.38,77.32000000000001,0.05999999999998806,397.0,395.6,1.3999999999999773,31.730000000000004,31.689999999999998,0.04000000000000625,50.04,49.980000000000004,0.05999999999999517,0.0,0.0,0.0,242,60.5,61.0,1,dos
563,0.0008879003558718903,0.00024947461669896876,0.0,1126.0,6,1,0,0.8880994671403197,230.53374777975134,72.26186601707923,0.8322567123456923,84.61,84.34,0.269999999999996,77.33,77.28,0.04999999999999716,397.40000000000003,395.8,1.6000000000000227,31.75,31.72,0.030000000000001137,50.02,49.980000000000004,0.03999999999999915,0.0,0.0,0.0,243,60.75,61.25,1,dos
562,0.0008894830659536584,0.00025069582342105047,0.0,1124.0,6,1,0,0.8896797153024911,230.33607651245552,72.540397366479,0.8482061390290117,84.73,84.47,0.2600000000000051,77.31,77.25,0.060000000000002274,397.40000000000003,395.8,1.6000000000000227,31.769999999999996,31.730000000000004,0.03999999999999204,49.99,49.980000000000004,0.00999999999999801,0.0,0.0,0.0,244,61.0,61.5,1,dos
562,0.0008894830659536584,0.0002485600243809943,0.0,1124.0,6,1,0,0.8896797153024911,230.18349644128114,72.75867097962632,0.8457912572162813,84.83,84.66,0.1700000000000017,77.26,77.2,0.060000000000002274,396.90000000000003,395.8,1.1000000000000227,31.790000000000006,31.760000000000005,0.030000000000001137,50.0,49.99,0.00999999999999801,0.0,0.0,0.0,245,61.25,61.75,1,dos
564,0.0008863232682060433,0.0002488948545188421,0.0,1128.0,6,1,0,0.8865248226950354,229.58355496453902,73.41466088909978,0.8542407988164942,84.97,84.74,0.23000000000000398,77.23,77.17,0.060000000000002274,396.5,395.8,0.6999999999999886,31.810000000000002,31.78,0.030000000000001137,50.03,49.980000000000004,0.04999999999999716,0.0,0.0,0.0,246,61.5,62.0,1,dos
563,0.0008879003558718903,0.0002497426519564822,3.0000000002416982e-05,1126.0,6,1,0,0.8880994671403197,230.16607460035524,72.47462006949907,0.8447350628439131,85.17,84.84,0.3299999999999983,77.19,77.13,0.060000000000002274,397.0,395.8,1.1999999999999886,31.840000000000003,31.799999999999997,0.04000000000000625,50.03,49.980000000000004,0.04999999999999716,0.0,0.0,0.0,247,61.75,62.25,1,dos
562,0.0008908734402852072,0.00024982301048393396,0.0,1124.0,6,1,0,0.8896797153024911,230.50467081850533,72.09223885724703,0.834504847182794,85.34,85.0,0.3400000000000034,77.16,77.10000000000001,0.05999999999998806,397.0,396.1,0.8999999999999773,31.86,31.820000000000007,0.03999999999999204,50.03,50.0,0.030000000000001137,0.0,0.0,0.0,248,62.0,62.5,1,dos
562,0.0008894830659536584,0.0002495334330410204,0.0,1124.0,6,1,0,0.8896797153024911,230.35475978647688,72.28011993640153,0.8312965601162994,85.56,85.21000000000001,0.3499999999999943,77.11,77.05,0.060000000000002274,396.5,395.90000000000003,0.5999999999999659,31.879999999999995,31.85000000000001,0.029999999999986926,50.03,49.97,0.060000000000002274,0.0,0.0,0.0,249,62.25,62.75,1,dos
562,0.0008894830659536584,0.0002488273749961972,1.9999999999242846e-05,1124.0,6,1,0,0.8896797153024911,230.57184163701066,71.80396775525993,0.8283819309709013,85.69,85.39,0.29999999999999716,77.08,77.02,0.060000000000002274,396.3,395.5,0.8000000000000114,31.900000000000006,31.870000000000005,0.030000000000001137,50.01,49.97,0.03999999999999915,0.0,0.0,0.0,250,62.5,63.0,1,dos
563,0.0008879003558718903,0.00024832364092125444,1.9999999999242846e-05,1126.0,6,1,0,0.8880994671403197,230.3303730017762,72.10623823621958,0.8361531294772849,85.89,85.59,0.29999999999999716,77.04,76.98,0.060000000000002274,396.8,395.5,1.3000000000000114,31.930000000000007,31.89,0.04000000000000625,50.01,49.97,0.03999999999999915,0.0,0.0,0.0,251,62.75,63.25,1,dos
562,0.0008894830659536584,0.0002462957299905147,1.9999999999242846e-05,1124.0,6,1,0,0.8896797153024911,230.96574733096085,71.2033650919684,0.8330620920817443,85.99,85.7,0.28999999999999204,77.01,76.94,0.07000000000000739,396.8,395.6,1.1999999999999886,31.950000000000003,31.909999999999997,0.04000000000000625,49.97,49.96,0.00999999999999801,0.0,0.0,0.0,252,63.0,63.5,1,dos
562,0.0008911764705882324,0.0002462590824782809,3.0000000002416982e-05,1124.0,6,1,0,0.8896797153024911,231.1216637010676,70.85490670874819,0.8496028693086323,86.03,85.92,0.10999999999999943,76.95,76.9,0.04999999999999716,396.6,395.70000000000005,0.8999999999999773,31.97,31.939999999999998,0.030000000000001137,49.99,49.96,0.030000000000001137,0.0,0.0,0.0,253,63.25,63.75,1,dos
564,0.0008866252220248658,0.00024462167811331424,3.0000000002416982e-05,1128.0,6,1,0,0.8865248226950354,230.1300975177305,72.19864710494801,0.877890722084915,86.05,85.97,0.0799999999999983,76.92,76.87,0.04999999999999716,396.8,395.8,1.0,31.989999999999995,31.960000000000008,0.029999999999986926,50.01,49.99,0.01999999999999602,0.0,0.0,0.0,254,63.5,64.0,1,dos
564,0.0008874067495559575,0.0002464461933296312,0.0,1128.0,6,1,0,0.8865248226950354,230.3025265957447,72.0642383153456,0.8762479612553558,86.22,85.97,0.25,76.89,76.83,0.060000000000002274,396.90000000000003,395.0,1.900000000000034,32.010000000000005,31.980000000000004,0.030000000000001137,50.01,49.99,0.01999999999999602,0.0,0.0,0.0,255,63.75,64.25,1,dos
561,0.00089107142857142,0.00025483242793374646,0.0,1122.0,6,1,0,0.8912655971479501,231.36786987522282,70.71705825136098,0.8428625422710395,86.33,86.11,0.21999999999999886,76.86,76.8,0.060000000000002274,396.90000000000003,395.0,1.900000000000034,32.03,32.0,0.030000000000001137,49.99,49.99,0.0,0.0,0.0,0.0,256,64.0,64.5,1,dos
562,0.0008894830659536457,0.0002550011362360326,0.0,1124.0,6,1,0,0.8896797153024911,231.28358540925268,70.69386570778738,0.8538446058053674,86.4,86.28,0.12000000000000455,76.81,76.75,0.060000000000002274,396.8,396.20000000000005,0.5999999999999659,32.06,32.019999999999996,0.04000000000000625,49.99,49.95,0.03999999999999915,0.0,0.0,0.0,257,64.25,64.75,1,dos
563,0.0008879003558718776,0.0002517134252163225,1.0000000003174137e-05,1126.0,6,1,0,0.8880994671403197,231.08725577264653,70.9744605275457,0.8725739212,86.44,86.34,0.09999999999999432,76.78,76.72,0.060000000000002274,396.8,395.5,1.3000000000000114,32.07000000000001,32.040000000000006,0.030000000000001137,49.99,49.95,0.03999999999999915,0.0,0.0,0.0,258,64.5,65.0,1,dos
314,0.0015962300319488597,0.0022742760329918666,1.0000000003174137e-05,628.0,6,1,0,0.7993630573248408,212.14888535031847,90.69531988869642,1.3970642708630798,86.48,86.39,0.09000000000000341,76.74,76.68,0.05999999999998806,396.70000000000005,395.5,1.2000000000000455,32.10000000000001,32.06,0.04000000000000625,50.02,49.97,0.05000000000000426,0.0,0.0,0.0,259,64.75,65.25,1,dos
64,0.007930317460317525,0.00284104494986481,0.0005600000000072214,128.0,6,1,0,0.40625,48.3125,76.15449962083659,3.3469524543596063,86.48,86.41,0.07000000000000739,76.71000000000001,76.65,0.060000000000002274,396.70000000000005,396.3,0.4000000000000341,32.11,32.08,0.030000000000001137,50.02,49.99,0.030000000000001137,0.0,0.0,0.0,260,65.0,65.5,1,dos
62,0.007970983606557245,0.003601167709032601,0.0005600000000072214,124.0,5,0,192,0.4032258064516129,44.77217741935484,73.63884811504357,3.277138079251646,86.53,86.41,0.12000000000000455,76.66,76.60000000000001,0.05999999999998806,396.40000000000003,395.70000000000005,0.6999999999999886,32.14,32.11,0.030000000000001137,49.99,49.97,0.020000000000003126,0.0,0.0,0.0,261,65.25,65.75,0,normal
62,0.007968524590163954,0.004836568298404398,7.00000000080081e-05,124.0,5,0,192,0.4032258064516129,40.38709677419355,70.147478247436,3.057185525630305,86.65,86.47,0.18000000000000682,76.63,76.57000000000001,0.05999999999998806,396.20000000000005,395.70000000000005,0.5,32.16,32.120000000000005,0.03999999999999204,50.01,49.97,0.03999999999999915,0.0,0.0,0.0,262,65.5,66.0,0,normal
63,0.007850161290322616,0.006188342185612746,7.00000000080081e-05,126.0,5,0,192,0.3968253968253968,43.89484126984127,73.2991455290733,3.1632801918342097,86.76,86.54,0.21999999999999886,76.58,76.52,0.060000000000002274,396.1,394.8,1.3000000000000114,32.19,32.150000000000006,0.03999999999999204,50.01,49.980000000000004,0.02999999999999403,0.0,0.0,0.0,263,65.75,66.25,0,normal
63,0.008019677419354818,0.006113995833922531,9.999999988963282e-06,126.0,5,0,192,0.4126984126984127,48.888888888888886,78.1028749976108,3.123776261182679,86.82000000000001,86.63,0.19000000000001194,76.55,76.49,0.060000000000002274,396.40000000000003,394.8,1.6000000000000227,32.2,32.17,0.030000000000001137,50.01,50.0,0.00999999999999801,0.0,0.0,0.0,264,66.0,66.5,0,normal
62,0.007933442622950886,0.0046779275519337445,9.999999988963282e-06,124.0,5,0,192,0.4032258064516129,44.872983870967744,75.22467688241842,3.023325971285577,86.85000000000001,86.79,0.060000000000002274,76.51,76.45,0.060000000000002274,396.40000000000003,395.6,0.8000000000000114,32.230000000000004,32.19,0.04000000000000625,50.01,49.97,0.03999999999999915,0.0,0.0,0.0,265,66.25,66.75,0,normal
62,0.007994590163934332,0.004041423046635138,5.999999999062311e-05,124.0,5,0,192,0.4032258064516129,41.88709677419355,72.3442386494241,3.1527967271232296,86.91,86.81,0.09999999999999432,76.48,76.42,0.060000000000002274,396.70000000000005,395.90000000000003,0.8000000000000114,32.25,32.21000000000001,0.03999999999999204,49.99,49.97,0.020000000000003126,0.0,0.0,0.0,266,66.5,67.0,0,normal
63,0.0079016129032259,0.0035412423524156193,0.0002999999999957481,126.0,5,0,192,0.3968253968253968,44.99404761904762,75.06966317793444,3.3621181815078596,86.94,86.84,0.09999999999999432,76.43,76.37,0.060000000000002274,397.0,395.6,1.3999999999999773,32.269999999999996,32.239999999999995,0.030000000000001137,50.01,49.99,0.01999999999999602,0.0,0.0,0.0,267,66.75,67.25,0,normal
64,0.007817301587301645,0.004385866263042941,0.0002999999999957481,128.0,5,0,192,0.40625,44.953125,74.8767590960932,3.3022630309328065,87.03,86.87,0.1599999999999966,76.4,76.34,0.060000000000002274,397.0,395.3,1.6999999999999886,32.290000000000006,32.25,0.04000000000000625,50.01,49.96,0.04999999999999716,0.0,0.0,0.0,268,67.0,67.5,0,normal
62,0.008005737704917982,0.006564082960438442,0.00014000000000180535,124.0,5,0,192,0.4032258064516129,37.01814516129032,66.5482609969702,3.057642780568872,87.11,86.9,0.20999999999999375,76.35000000000001,76.29,0.060000000000002274,396.40000000000003,395.3,1.1000000000000227,32.31,32.28,0.030000000000001137,50.02,49.96,0.060000000000002274,0.0,0.0,0.0,269,67.25,67.75,0,normal
62,0.007933770491803448,0.006272107174334611,0.00014000000000180535,124.0,5,0,192,0.4032258064516129,30.739919354838708,58.26827986737873,2.9701205196029608,87.18,87.06,0.12000000000000455,76.32000000000001,76.26,0.060000000000002274,396.5,395.70000000000005,0.7999999999999545,32.33,32.290000000000006,0.03999999999999204,50.02,49.99,0.030000000000001137,0.0,0.0,0.0,270,67.5,68.0,0,normal
64,0.007832857142857176,0.004433532551403368,0.00014000000000180535,128.0,5,0,192,0.40625,33.353515625,59.137370099860554,3.2077650556630006,87.18,87.12,0.060000000000002274,76.28,76.22,0.060000000000002274,396.5,395.70000000000005,0.7999999999999545,32.35000000000001,32.32000000000001,0.030000000000001137,50.02,49.97,0.05000000000000426,0.0,0.0,0.0,271,67.75,68.25,0,normal
63,0.0077848387096773495,0.004716753511013063,0.00015000000000497948,126.0,5,0,192,0.3968253968253968,34.63095238095238,59.451683683002315,3.2875664111116487,87.27,87.12,0.14999999999999147,76.25,76.19,0.060000000000002274,396.3,394.90000000000003,1.3999999999999773,32.370000000000005,32.34,0.030000000000001137,50.02,49.97,0.05000000000000426,0.0,0.0,0.0,272,68.0,68.5,0,normal
61,0.00814616666666647,0.006436157003385407,0.00015000000000497948,122.0,5,0,192,0.4098360655737705,34.157786885245905,60.0320414856782,3.1227162499138954,87.32000000000001,87.19,0.13000000000000966,76.2,76.14,0.060000000000002274,395.90000000000003,394.90000000000003,1.0,32.39,32.36,0.030000000000001137,50.0,49.980000000000004,0.01999999999999602,0.0,0.0,0.0,273,68.25,68.75,0,normal
62,0.007909836065573798,0.005849001734023001,0.000289999999992574,124.0,5,0,192,0.4032258064516129,35.41532258064516,60.70553668796086,3.170892347453413,87.37,87.24,0.13000000000000966,76.17,76.11,0.060000000000002274,396.1,395.5,0.6000000000000227,32.41,32.379999999999995,0.030000000000001137,50.0,49.980000000000004,0.01999999999999602,0.0,0.0,0.0,274,68.5,69.0,0,normal
63,0.007907096774193548,0.004602464412470644,0.0001299999999986312,126.0,5,0,192,0.3968253968253968,36.732142857142854,61.08679811010453,3.262251135841088,87.37,87.29,0.0799999999999983,76.13,76.07000000000001,0.05999999999998806,396.3,394.8,1.5,32.43000000000001,32.400000000000006,0.030000000000001137,50.0,49.980000000000004,0.01999999999999602,0.0,0.0,0.0,275,68.75,69.25,0,normal
63,0.007855645161290266,0.005691039255669476,8.000000001118224e-05,126.0,5,0,192,0.3968253968253968,35.964285714285715,60.22736941023655,3.2400867878417876,87.44,87.3,0.14000000000000057,76.10000000000001,76.04,0.060000000000002274,396.3,394.8,1.5,32.45,32.42,0.030000000000001137,50.0,50.0,0.0,0.0,0.0,0.0,276,69.0,69.5,0,normal
62,0.007978196721311536,0.0061023842446609935,8.000000001118224e-05,124.0,5,0,192,0.4032258064516129,33.76209677419355,57.357782176865065,3.143260912168029,87.51,87.35000000000001,0.1599999999999966,76.05,75.99,0.060000000000002274,396.3,395.70000000000005,0.5999999999999659,32.47,32.44,0.030000000000001137,50.0,50.0,0.0,0.0,0.0,0.0,277,69.25,69.75,0,normal
61,0.007979000000000033,0.004610449616541985,0.00010999999999228294,122.0,5,0,192,0.4098360655737705,36.47745901639344,61.179421565192975,3.1368125397314843,87.57000000000001,87.46000000000001,0.10999999999999943,76.02,75.96000000000001,0.05999999999998806,396.8,395.70000000000005,1.099999999999966,32.489999999999995,32.46000000000001,0.029999999999986926,50.0,49.99,0.00999999999999801,0.0,0.0,0.0,278,69.5,70.0,0,normal
63,0.007906290322580618,0.0034177238387994163,7.00000000080081e-05,126.0,5,0,192,0.3968253968253968,36.20436507936508,59.780085578223556,3.229196388727959,87.63,87.49,0.14000000000000057,75.97,75.91,0.060000000000002274,396.8,395.5,1.3000000000000114,32.510000000000005,32.480000000000004,0.030000000000001137,50.02,49.980000000000004,0.03999999999999915,0.0,0.0,0.0,279,69.75,70.25,0,normal
63,0.007865483870967827,0.003373835606746425,7.00000000080081e-05,126.0,5,0,192,0.3968253968253968,35.611111111111114,58.64288238414776,3.2838015395063587,87.63,87.56,0.06999999999999318,75.94,75.88,0.060000000000002274,396.6,395.5,1.1000000000000227,32.53,32.5,0.030000000000001137,50.02,49.980000000000004,0.03999999999999915,0.0,0.0,0.0,280,70.0,70.5,0,normal
63,0.008002580645161114,0.003637964219567177,0.0006699999999995043,126.0,5,0,192,0.4126984126984127,34.142857142857146,56.213907543956985,3.265749636186159,87.64,87.56,0.0799999999999983,75.9,75.84,0.060000000000002274,396.6,396.0,0.6000000000000227,32.55,32.519999999999996,0.030000000000001137,49.99,49.95,0.03999999999999915,0.0,0.0,0.0,281,70.25,70.75,0,normal
62,0.007954262295082119,0.004184538856241874,0.0005999999999914962,124.0,5,0,192,0.4032258064516129,31.713709677419356,51.442681592857305,3.1869287909468262,87.68,87.58,0.10000000000000853,75.87,75.81,0.060000000000002274,397.0,395.90000000000003,1.099999999999966,32.57000000000001,32.540000000000006,0.030000000000001137,49.97,49.95,0.01999999999999602,0.0,0.0,0.0,282,70.5,71.0,0,normal
63,0.007842096774193546,0.00437865723160973,0.0005999999999914962,126.0,5,0,192,0.3968253968253968,34.54960317460318,56.18260971833869,3.1257443131374623,87.7,87.61,0.09000000000000341,75.82000000000001,75.76,0.060000000000002274,397.0,395.40000000000003,1.599999999999966,32.59,32.56,0.030000000000001137,50.01,49.97,0.03999999999999915,0.0,0.0,0.0,283,70.75,71.25,0,normal
63,0.007804354838709842,0.005873229759644406,0.0004100000000022419,126.0,5,0,192,0.3968253968253968,35.31547619047619,56.6138205840451,3.2626846234566447,87.73,87.67,0.060000000000002274,75.79,75.73,0.060000000000002274,396.5,395.40000000000003,1.099999999999966,32.61,32.58,0.030000000000001137,50.01,50.0,0.00999999999999801,0.0,0.0,0.0,284,71.0,71.5,0,normal
62,0.007933770491803216,0.007582099316525658,1.0000000003174137e-05,124.0,5,0,192,0.4032258064516129,36.270161290322584,57.88963008123067,3.394690499529218,87.73,87.60000000000001,0.12999999999999545,75.74,75.68,0.05999999999998806,396.90000000000003,395.40000000000003,1.5,32.629999999999995,32.60000000000001,0.029999999999986926,50.02,50.01,0.010000000000005116,0.0,0.0,0.0,285,71.25,71.75,0,normal
62,0.007943114754098235,0.008129072808414491,1.0000000003174137e-05,124.0,5,0,192,0.4032258064516129,35.524193548387096,55.73601570735283,3.408277322132738,87.65,87.53,0.12000000000000455,75.71000000000001,75.65,0.060000000000002274,396.90000000000003,395.5,1.400000000000034,32.64,32.61,0.030000000000001137,50.02,49.97,0.05000000000000426,0.0,0.0,0.0,286,71.5,72.0,0,normal
63,0.007819516129032193,0.007496093913459118,0.00021999999999877673,126.0,5,0,192,0.3968253968253968,35.285714285714285,55.68385921315753,3.175867011755443,87.59,87.53,0.060000000000002274,75.67,75.61,0.060000000000002274,396.3,395.6,0.6999999999999886,32.67,32.64,0.030000000000001137,50.01,49.97,0.03999999999999915,0.0,0.0,0.0,287,71.75,72.25,0,normal
63,0.0078729032258066,0.006800498650382135,2.0000000006348273e-05,126.0,5,0,192,0.3968253968253968,38.92261904761905,62.03634338899334,3.163865608652417,87.59,87.55,0.04000000000000625,75.64,75.58,0.060000000000002274,396.3,395.6,0.6999999999999886,32.68000000000001,32.650000000000006,0.030000000000001137,50.03,49.97,0.060000000000002274,0.0,0.0,0.0,288,72.0,72.5,0,normal
59,0.008028275862069096,0.00727993987705593,2.0000000006348273e-05,118.0,5,0,192,0.4067796610169492,40.476694915254235,63.78874269149033,3.201979898157279,87.61,87.55,0.060000000000002274,75.59,75.54,0.04999999999999716,396.3,395.20000000000005,1.099999999999966,32.7,32.68000000000001,0.01999999999999602,50.03,49.97,0.060000000000002274,0.0,0.0,0.0,289,72.25,72.75,0,normal
62,0.007899180327868993,0.0072930423378217415,0.00011999999999545707,124.0,5,0,192,0.4032258064516129,37.92741935483871,59.197070190565356,3.2352036781600546,87.64,87.57000000000001,0.06999999999999318,75.56,75.49,0.07000000000000739,396.90000000000003,395.20000000000005,1.6999999999999886,32.72,32.69,0.030000000000001137,50.01,49.97,0.03999999999999915,0.0,0.0,0.0,290,72.5,73.0,0,normal
64,0.007815079365079395,0.007142576093237264,9.000000000014552e-05,128.0,5,0,192,0.390625,38.88671875,59.528771760875415,3.4067551340962647,87.64,87.53,0.10999999999999943,75.52,75.45,0.06999999999999318,397.1,395.8,1.3000000000000114,32.739999999999995,32.71000000000001,0.029999999999986926,50.01,49.97,0.03999999999999915,0.0,0.0,0.0,291,72.75,73.25,0,normal
63,0.007840161290322651,0.00652338139408601,9.000000000014552e-05,126.0,5,0,192,0.3968253968253968,39.23015873015873,61.042063652005076,3.385242731004398,87.58,87.5,0.0799999999999983,75.48,75.42,0.060000000000002274,397.1,396.0,1.1000000000000227,32.760000000000005,32.730000000000004,0.030000000000001137,50.0,49.97,0.030000000000001137,0.0,0.0,0.0,292,73.0,73.5,0,normal
62,0.007983442622950683,0.004881197073429938,0.00022999999998774,124.0,5,0,192,0.4032258064516129,33.01814516129032,53.64607050316492,3.2034110618009093,87.62,87.5,0.12000000000000455,75.44,75.38,0.060000000000002274,396.8,395.70000000000005,1.099999999999966,32.78,32.75,0.030000000000001137,49.97,49.97,0.0,0.0,0.0,0.0,293,73.25,73.75,0,normal
61,0.008153666666666719,0.003762334809958468,0.00022999999998774,122.0,5,0,192,0.4098360655737705,34.39549180327869,56.891842130376105,3.2855351216092354,87.62,87.53,0.09000000000000341,75.41,75.35000000000001,0.05999999999998806,396.8,395.70000000000005,1.099999999999966,32.8,32.769999999999996,0.030000000000001137,50.0,49.97,0.030000000000001137,0.0,0.0,0.0,294,73.5,74.0,0,normal
64,0.00789190476190459,0.004150811302277879,0.0002099999999956026,128.0,5,0,192,0.40625,37.080078125,61.18459066112069,3.230202060796644,88.04,87.53,0.5100000000000051,75.36,75.3,0.060000000000002274,396.20000000000005,395.6,0.6000000000000227,32.82000000000001,32.790000000000006,0.030000000000001137,50.03,50.0,0.030000000000001137,0.0,0.0,0.0,295,73.75,74.25,0,normal
63,0.007911451612903233,0.0036516018786172835,0.0002099999999956026,126.0,5,0,192,0.3968253968253968,38.18849206349206,63.411748029858934,3.057918550605483,89.77,87.55,2.219999999999999,75.33,75.27,0.060000000000002274,396.70000000000005,395.6,1.1000000000000227,32.83,32.8,0.030000000000001137,50.03,50.01,0.020000000000003126,0.0,0.0,0.0,296,74.0,74.5,0,normal
61,0.00803900000000013,0.0035263979261187513,0.0011700000000018917,122.0,5,0,192,0.4098360655737705,39.75819672131148,65.19528462804493,3.0265998636915508,91.45,88.4,3.049999999999997,75.28,75.22,0.060000000000002274,396.90000000000003,395.20000000000005,1.6999999999999886,32.86,32.83,0.030000000000001137,50.03,49.980000000000004,0.04999999999999716,0.0,0.0,0.0,297,74.25,74.75,0,normal
63,0.007976290322580605,0.004058015260097555,0.0005400000000008731,126.0,5,0,192,0.3968253968253968,38.50198412698413,62.57401962932521,3.0088349184421888,93.07000000000001,90.11,2.960000000000008,75.25,75.19,0.060000000000002274,396.90000000000003,395.20000000000005,1.6999999999999886,32.879999999999995,32.84,0.03999999999999204,50.0,49.980000000000004,0.01999999999999602,0.0,0.0,0.0,298,74.5,75.0,0,normal
81,0.006217249999999908,0.00402762460235469,9.000000000014552e-05,162.0,6,1,192,0.32098765432098764,57.132716049382715,74.77303710434839,4.417272786965006,94.67,91.78,2.8900000000000006,75.2,75.14,0.060000000000002274,396.0,395.6,0.39999999999997726,32.900000000000006,32.870000000000005,0.030000000000001137,50.0,49.97,0.030000000000001137,0.0,0.0,0.0,299,74.75,75.25,1,injection
96,0.005251157894736773,0.0034747143352957034,2.0000000006348273e-05,192.0,6,1,192,0.3541666666666667,68.76041666666667,77.91899436696885,5.315532213666122,96.12,93.44,2.680000000000007,75.17,75.10000000000001,0.06999999999999318,396.0,395.3,0.6999999999999886,32.92,32.89,0.030000000000001137,49.99,49.97,0.020000000000003126,0.0,0.0,0.0,300,75.0,75.5,1,injection
94,0.005188709677419391,0.003497677947330027,2.0000000006348273e-05,188.0,6,1,192,0.35106382978723405,70.75398936170212,79.91612531366134,5.168190424454012,97.52,94.96000000000001,2.559999999999988,75.12,75.05,0.07000000000000739,396.0,395.3,0.6999999999999886,32.95,32.91,0.04000000000000625,50.02,49.99,0.030000000000001137,0.0,0.0,0.0,301,75.25,75.75,1,injection
95,0.005180319148936097,0.0034134416562613726,0.0001299999999986312,190.0,6,1,192,0.3473684210526316,70.73026315789474,80.49380250700057,5.206802629568333,98.88,96.41,2.469999999999999,75.09,75.02,0.07000000000000739,396.0,395.20000000000005,0.7999999999999545,32.97,32.93000000000001,0.03999999999999204,50.02,50.02,0.0,0.0,0.0,0.0,302,75.5,76.0,1,injection
98,0.005122577319587561,0.003436565439101064,0.00011999999999545707,196.0,6,1,192,0.3469387755102041,68.88775510204081,79.55844439499975,5.208300092307201,100.22,97.77,2.450000000000003,75.04,74.97,0.07000000000000739,396.6,395.20000000000005,1.3999999999999773,33.0,32.96000000000001,0.03999999999999204,50.02,50.0,0.020000000000003126,0.0,0.0,0.0,303,75.75,76.25,1,injection
96,0.0051088421052632406,0.003766228006391262,0.00011999999999545707,192.0,6,1,192,0.34375,67.99739583333333,80.29468831986948,5.201299022885923,101.41,99.12,2.289999999999992,75.0,74.93,0.06999999999999318,396.6,395.20000000000005,1.3999999999999773,33.019999999999996,32.980000000000004,0.03999999999999204,50.02,50.0,0.020000000000003126,0.0,0.0,0.0,304,76.0,76.5,1,injection
95,0.0052840425531915335,0.004192058936351983,0.00018000000000029104,190.0,6,1,192,0.3473684210526316,69.41842105263157,81.52346241311587,5.205542186959595,102.73,100.44,2.2900000000000063,74.95,74.88,0.07000000000000739,396.0,394.90000000000003,1.099999999999966,33.05,33.010000000000005,0.03999999999999204,50.0,49.980000000000004,0.01999999999999602,0.0,0.0,0.0,305,76.25,76.75,1,injection
97,0.005207187499999932,0.004428592633653446,2.0000000006348273e-05,194.0,6,1,192,0.35051546391752575,70.6340206185567,80.8650082807576,5.246512062398111,103.79,101.72,2.0700000000000074,74.92,74.84,0.0799999999999983,396.0,394.90000000000003,1.099999999999966,33.07000000000001,33.03,0.04000000000000625,50.0,49.980000000000004,0.01999999999999602,0.0,0.0,0.0,306,76.5,77.0,1,injection
97,0.005184166666666694,0.004490364375219036,2.0000000006348273e-05,194.0,6,1,192,0.3402061855670103,68.83118556701031,79.67233869564521,5.118103752288004,104.86,102.91,1.9500000000000028,74.86,74.79,0.06999999999999318,395.90000000000003,395.1,0.8000000000000114,33.11,33.06,0.04999999999999716,50.0,49.980000000000004,0.01999999999999602,0.0,0.0,0.0,307,76.75,77.25,1,injection
95,0.005185851063829807,0.004749968960610428,9.000000000014552e-05,190.0,6,1,192,0.3473684210526316,67.28684210526316,78.91020436664446,5.187847094119067,106.02,104.02,2.0,74.83,74.75,0.0799999999999983,396.0,395.1,0.8999999999999773,33.129999999999995,33.08,0.04999999999999716,50.0,50.0,0.0,0.0,0.0,0.0,308,77.0,77.5,1,injection
96,0.005210526315789521,0.005033157922255316,0.0,192.0,6,1,192,0.3541666666666667,66.44661458333333,77.28562261182405,5.2250750468635365,107.0,105.09,1.9099999999999966,74.77,74.7,0.06999999999999318,396.0,394.40000000000003,1.599999999999966,33.17,33.120000000000005,0.04999999999999716,50.01,50.0,0.00999999999999801,0.0,0.0,0.0,309,77.25,77.75,1,injection
96,0.005196000000000074,0.004843717884783828,0.0,192.0,6,1,192,0.34375,65.45442708333333,76.60165159626739,5.190267635780879,107.95,106.24000000000001,1.7099999999999937,74.73,74.66,0.07000000000000739,396.5,394.40000000000003,2.099999999999966,33.19,33.14,0.04999999999999716,50.01,50.01,0.0,0.0,0.0,0.0,310,77.5,78.0,1,injection
95,0.005144999999999903,0.003932029076644148,2.9999999995311555e-05,190.0,6,1,192,0.3473684210526316,63.86578947368421,75.90555342111804,5.134456079533901,108.86,107.23,1.6299999999999955,74.68,74.61,0.07000000000000739,396.5,395.3,1.1999999999999886,33.22,33.18000000000001,0.03999999999999204,50.02,49.99,0.030000000000001137,0.0,0.0,0.0,311,77.75,78.25,1,injection
97,0.0051824999999999415,0.003428403418502287,2.0000000006348273e-05,194.0,6,1,192,0.35051546391752575,66.95231958762886,78.59519833173704,5.200453805602859,109.73,108.15,1.5799999999999983,74.63,74.55,0.0799999999999983,395.6,395.0,0.6000000000000227,33.25,33.21000000000001,0.03999999999999204,50.02,49.99,0.030000000000001137,0.0,0.0,0.0,312,78.0,78.5,1,injection
95,0.00523978723404261,0.0033628084699842764,2.0000000006348273e-05,190.0,6,1,192,0.3473684210526316,70.31315789473685,80.98501703873713,5.18955448706453,110.60000000000001,109.03,1.5700000000000074,74.59,74.52,0.07000000000000739,395.6,394.90000000000003,0.6999999999999886,33.28,33.230000000000004,0.04999999999999716,50.0,50.0,0.0,0.0,0.0,0.0,313,78.25,78.75,1,injection
96,0.00520578947368425,0.003092835721111589,0.00015999999999394277,192.0,6,1,192,0.34375,70.296875,80.58537715409483,5.1535079268525275,111.39,109.89,1.5,74.55,74.46000000000001,0.0899999999999892,395.6,394.90000000000003,0.6999999999999886,33.32000000000001,33.260000000000005,0.060000000000002274,50.03,50.0,0.030000000000001137,0.0,0.0,0.0,314,78.5,79.0,1,injection
97,0.005162291666666707,0.003395121647049688,0.00015999999999394277,194.0,6,1,192,0.35051546391752575,71.13015463917526,80.45753389708653,5.221696462241617,112.11,110.77,1.3400000000000034,74.5,74.43,0.06999999999999318,395.6,394.90000000000003,0.6999999999999886,33.34,33.290000000000006,0.04999999999999716,50.04,50.02,0.01999999999999602,0.0,0.0,0.0,315,78.75,79.25,1,injection
96,0.005182842105263244,0.0035838490520244165,0.00011999999999545707,192.0,6,1,192,0.34375,70.45833333333333,80.69477493238884,5.165476659019879,112.87,111.56,1.3100000000000023,74.44,74.36,0.0799999999999983,395.5,394.70000000000005,0.7999999999999545,33.379999999999995,33.33,0.04999999999999716,50.04,49.980000000000004,0.05999999999999517,0.0,0.0,0.0,316,79.0,79.5,1,injection
96,0.005224947368421041,0.0033367998768694964,0.00011999999999545707,192.0,6,1,192,0.34375,68.40625,78.62663327993575,5.24128961708762,113.46000000000001,112.28,1.1800000000000068,74.4,74.31,0.09000000000000341,395.5,394.40000000000003,1.099999999999966,33.41,33.36,0.04999999999999716,50.0,49.980000000000004,0.01999999999999602,0.0,0.0,0.0,317,79.25,79.75,1,injection
96,0.005250842105263138,0.003208020758286091,3.999999999848569e-05,192.0,6,1,192,0.3541666666666667,69.06640625,78.07414689336431,5.220180883891377,114.08,112.98,1.0999999999999943,74.34,74.26,0.0799999999999983,395.6,394.40000000000003,1.1999999999999886,33.45,33.39,0.060000000000002274,50.0,49.980000000000004,0.01999999999999602,0.0,0.0,0.0,318,79.5,80.0,1,injection
79,0.0063206410256410024,0.003554917987348975,3.999999999848569e-05,158.0,6,1,192,0.31645569620253167,57.99050632911393,75.74398859714474,4.343454789039965,114.74000000000001,113.60000000000001,1.1400000000000006,74.29,74.22,0.07000000000000739,395.6,394.1,1.5,33.47,33.43000000000001,0.03999999999999204,50.01,49.980000000000004,0.02999999999999403,0.0,0.0,0.0,319,79.75,80.25,1,injection
62,0.008010983606557361,0.0035495479762642176,0.0003300000000052705,124.0,5,0,192,0.4032258064516129,42.23790322580645,70.57085674278008,3.0401947891449197,115.44,114.2,1.2399999999999949,74.24,74.16,0.0799999999999983,395.20000000000005,394.1,1.1000000000000227,33.510000000000005,33.46000000000001,0.04999999999999716,50.02,50.0,0.020000000000003126,0.0,0.0,0.0,320,80.0,80.5,0,normal
62,0.008008524590163837,0.0034283972434999872,0.0003300000000052705,124.0,5,0,192,0.4032258064516129,42.127016129032256,70.38916874477482,3.0520527163709157,115.93,114.88,1.0500000000000114,74.2,74.13,0.07000000000000739,395.20000000000005,394.20000000000005,1.0,33.53,33.489999999999995,0.04000000000000625,50.03,50.02,0.00999999999999801,0.0,0.0,0.0,321,80.25,80.75,0,normal
62,0.007999508196721149,0.0034145539162023096,0.00018000000000029104,124.0,5,0,192,0.4032258064516129,40.328629032258064,66.68104499048941,3.083980490959936,116.38,115.5,0.8799999999999955,74.14,74.06,0.0799999999999983,396.0,394.20000000000005,1.7999999999999545,33.58,33.53,0.04999999999999716,50.03,50.01,0.020000000000003126,0.0,0.0,0.0,322,80.5,81.0,0,normal
63,0.007906774193548285,0.003420398380020506,0.00018000000000029104,126.0,5,0,192,0.3968253968253968,45.81547619047619,70.88709219493072,3.4734269543183296,116.38,112.16,4.219999999999999,74.10000000000001,74.02,0.0800000000000125,396.0,394.40000000000003,1.599999999999966,33.60000000000001,33.55,0.05000000000001137,50.04,50.01,0.030000000000001137,0.0,0.0,0.0,323,80.75,81.25,0,normal
63,0.007848387096774124,0.003305680445082942,0.0001299999999986312,126.0,5,0,192,0.3968253968253968,47.291666666666664,69.82850484784645,3.633585836541145,114.97,108.56,6.409999999999997,74.04,73.96000000000001,0.0799999999999983,396.1,394.40000000000003,1.6999999999999886,33.64,33.59,0.04999999999999716,50.04,49.96,0.0799999999999983,0.0,0.0,0.0,324,81.0,81.5,0,normal
62,0.008047213114754167,0.003215063995564146,0.0001299999999986312,124.0,5,0,192,0.4032258064516129,42.88306451612903,64.06107245052932,3.55790083228999,111.44,105.0,6.439999999999998,74.0,73.92,0.0799999999999983,396.1,394.5,1.6000000000000227,33.66,33.620000000000005,0.03999999999999204,50.0,49.96,0.03999999999999915,0.0,0.0,0.0,325,81.25,81.75,0,normal
62,0.008068032786885167,0.003205074777098323,0.000529999999997699,124.0,5,0,192,0.4032258064516129,42.903225806451616,65.37033698349816,3.568515563428476,107.85000000000001,101.47,6.38000000000001,73.94,73.88,0.060000000000002274,396.1,394.20000000000005,1.8999999999999773,33.69,33.650000000000006,0.03999999999999204,50.0,49.99,0.00999999999999801,0.0,0.0,0.0,326,81.5,82.0,0,normal
64,0.007831746031745938,0.004222057927343595,0.00027000000000043656,128.0,5,0,192,0.390625,41.544921875,63.15690664547422,3.4724303691873546,104.28,97.87,6.409999999999997,73.9,73.83,0.07000000000000739,396.20000000000005,394.20000000000005,2.0,33.71000000000001,33.67,0.04000000000000625,50.04,49.99,0.04999999999999716,0.0,0.0,0.0,327,81.75,82.25,0,normal
64,0.00785904761904762,0.005301523205582563,0.00027000000000043656,128.0,5,0,192,0.40625,42.646484375,64.11688261353542,3.486911488027965,100.75,94.3,6.450000000000003,73.86,73.79,0.06999999999999318,396.20000000000005,395.40000000000003,0.8000000000000114,33.730000000000004,33.69,0.04000000000000625,50.04,49.99,0.04999999999999716,0.0,0.0,0.0,328,82.0,82.5,0,normal
62,0.007934098360655778,0.005767413937920353,0.0003200000000020964,124.0,5,0,192,0.4032258064516129,45.63508064516129,68.81375269283687,3.673693826002319,97.15,90.82000000000001,6.329999999999998,73.81,73.74,0.07000000000000739,396.20000000000005,395.40000000000003,0.8000000000000114,33.75,33.72,0.030000000000001137,50.04,50.02,0.01999999999999602,0.0,0.0,0.0,329,82.25,82.75,0,normal
61,0.008026500000000188,0.005802846090495872,0.0003200000000020964,122.0,5,0,192,0.4098360655737705,42.81967213114754,66.26332422688601,3.6289665096625283,93.61,87.28,6.329999999999998,73.77,73.71000000000001,0.05999999999998806,396.6,394.70000000000005,1.8999999999999773,33.760000000000005,33.739999999999995,0.020000000000010232,50.02,49.980000000000004,0.03999999999999915,0.0,0.0,0.0,330,82.5,83.0,0,normal
63,0.007874354838709598,0.005089452921029102,0.0010800000000017462,126.0,5,0,192,0.3968253968253968,45.12301587301587,69.58203410557634,3.659532392041748,90.10000000000001,83.73,6.3700000000000045,73.73,73.67,0.060000000000002274,396.6,394.70000000000005,1.8999999999999773,33.769999999999996,33.75,0.01999999999999602,50.02,49.980000000000004,0.03999999999999915,0.0,0.0,0.0,331,82.75,83.25,0,normal
64,0.007929047619047508,0.0044189741373214745,0.00043999999999755346,128.0,5,0,192,0.40625,47.236328125,71.14985292249264,3.601808541304465,86.57000000000001,80.13,6.440000000000012,73.7,73.64,0.060000000000002274,396.0,395.6,0.39999999999997726,33.78,33.760000000000005,0.01999999999999602,50.02,49.980000000000004,0.03999999999999915,0.0,0.0,0.0,332,83.0,83.5,0,normal
62,0.007904754098360469,0.005362454969526683,3.999999999848569e-05,124.0,5,0,192,0.4032258064516129,45.34879032258065,68.81620945693356,3.627229934982792,83.01,76.65,6.359999999999999,73.65,73.60000000000001,0.04999999999999716,396.6,395.6,1.0,33.790000000000006,33.78,0.010000000000005116,50.03,49.980000000000004,0.04999999999999716,0.0,0.0,0.0,333,83.25,83.75,0,normal
62,0.007919508196721149,0.006382669266949315,3.999999999848569e-05,124.0,5,0,192,0.4032258064516129,45.875,69.65077417187791,3.720859747490307,79.46000000000001,73.23,6.230000000000004,73.62,73.57000000000001,0.04999999999999716,396.6,395.70000000000005,0.8999999999999773,33.8,33.790000000000006,0.009999999999990905,50.03,50.02,0.00999999999999801,0.0,0.0,0.0,334,83.5,84.0,0,normal
63,0.007762903225806524,0.006660112463231095,0.000289999999992574,126.0,5,0,192,0.3968253968253968,44.46031746031746,67.66979242060984,3.771604977764061,75.98,70.01,5.969999999999999,73.58,73.53,0.04999999999999716,396.70000000000005,395.70000000000005,1.0,33.8,33.790000000000006,0.009999999999990905,50.02,49.97,0.05000000000000426,0.0,0.0,0.0,335,83.75,84.25,0,normal
62,0.007962786885245963,0.006371366822283009,0.0003399999999942338,124.0,5,0,192,0.4032258064516129,44.11491935483871,66.3776531818426,3.7172992306548998,72.58,66.88,5.700000000000003,73.56,73.51,0.04999999999999716,396.70000000000005,395.8,0.9000000000000341,33.8,33.8,0.0,50.0,49.97,0.030000000000001137,0.0,0.0,0.0,336,84.0,84.5,0,normal
62,0.008026393442622935,0.004683738185061155,3.999999999848569e-05,124.0,5,0,192,0.4032258064516129,46.832661290322584,71.2814321003189,3.704382240902022,69.34,63.9,5.440000000000005,73.52,73.47,0.04999999999999716,396.6,395.90000000000003,0.6999999999999886,33.8,33.8,0.0,50.01,50.0,0.00999999999999801,0.0,0.0,0.0,337,84.25,84.75,0,normal
63,0.007965000000000043,0.003427595672884007,3.999999999848569e-05,126.0,5,0,192,0.3968253968253968,45.11507936507937,70.2043689766271,3.7212691586580977,66.33,61.01,5.32,73.5,73.45,0.04999999999999716,397.3,395.90000000000003,1.3999999999999773,33.8,33.8,0.0,50.01,49.99,0.01999999999999602,0.0,0.0,0.0,338,84.5,85.0,0,normal
63,0.007881935483871004,0.0037760398434157415,0.0005000000000023874,126.0,5,0,192,0.3968253968253968,45.62698412698413,67.95332596681438,3.7605745616314428,63.300000000000004,58.22,5.080000000000005,73.46000000000001,73.42,0.04000000000000625,397.3,396.1,1.1999999999999886,33.8,33.790000000000006,0.009999999999990905,50.03,49.99,0.03999999999999915,0.0,0.0,0.0,339,84.75,85.25,0,normal
63,0.007957096774193604,0.003829245435269713,0.0011099999999970578,126.0,5,0,192,0.3968253968253968,47.541666666666664,70.38405309837987,3.67973846121425,60.44,55.63,4.809999999999995,73.44,73.4,0.03999999999999204,397.1,396.1,1.0,33.8,33.790000000000006,0.009999999999990905,50.03,49.980000000000004,0.04999999999999716,0.0,0.0,0.0,340,85.0,85.5,0,normal
62,0.008048360655737672,0.0036132702504396074,0.0002599999999972624,124.0,5,0,192,0.4032258064516129,48.92943548387097,72.20530387544835,3.677419351337335,57.7,53.29,4.410000000000004,73.41,73.37,0.03999999999999204,397.90000000000003,396.40000000000003,1.5,33.790000000000006,33.78,0.010000000000005116,49.99,49.980000000000004,0.00999999999999801,0.0,0.0,0.0,341,85.25,85.75,0,normal
62,0.008080491803278838,0.0046470238761681295,0.0002599999999972624,124.0,5,0,192,0.4032258064516129,46.153225806451616,68.99305064991161,3.6928393634825456,55.160000000000004,50.92,4.240000000000002,73.39,73.35000000000001,0.03999999999999204,398.0,396.40000000000003,1.599999999999966,33.78,33.769999999999996,0.010000000000005116,50.02,49.96,0.060000000000002274,0.0,0.0,0.0,342,85.5,86.0,0,normal
63,0.007838709677419422,0.005042565746008079,0.00010000000000331966,126.0,5,0,192,0.3968253968253968,41.32936507936508,66.48942697600029,3.6656887020265003,52.800000000000004,48.63,4.170000000000002,73.36,73.33,0.030000000000001137,398.0,396.70000000000005,1.2999999999999545,33.769999999999996,33.760000000000005,0.009999999999990905,50.02,49.96,0.060000000000002274,0.0,0.0,0.0,343,85.75,86.25,0,normal
62,0.008155081967213177,0.004391943303014372,0.00010000000000331966,124.0,5,0,192,0.4032258064516129,44.23991935483871,70.31092309481586,3.7403319205613506,50.47,46.58,3.8900000000000006,73.34,73.31,0.030000000000001137,397.8,396.3,1.5,33.769999999999996,33.75,0.01999999999999602,50.03,49.97,0.060000000000002274,0.0,0.0,0.0,344,86.0,86.5,0,normal
62,0.007998360655737877,0.00442814292582998,1.9999999992137418e-05,124.0,5,0,192,0.4032258064516129,44.65524193548387,68.14367598949167,3.787383567131701,48.25,44.53,3.719999999999999,73.32000000000001,73.29,0.030000000000001137,397.70000000000005,396.3,1.400000000000034,33.75,33.730000000000004,0.01999999999999602,50.03,50.02,0.00999999999999801,0.0,0.0,0.0,345,86.25,86.75,0,normal
63,0.007990161290322588,0.005082838771199241,1.9999999992137418e-05,126.0,5,0,192,0.3968253968253968,41.06349206349206,63.89164886082296,3.782657309863179,46.12,42.52,3.5999999999999943,73.3,73.27,0.030000000000001137,397.70000000000005,396.70000000000005,1.0,33.739999999999995,33.72,0.01999999999999602,50.02,50.01,0.010000000000005116,0.0,0.0,0.0,346,86.5,87.0,0,normal
63,0.007853548387096738,0.004999905191611601,6.999999999379725e-05,126.0,5,0,192,0.3968253968253968,39.52579365079365,62.0537347897308,3.73132799378506,44.160000000000004,40.67,3.490000000000002,73.28,73.25,0.030000000000001137,397.70000000000005,396.5,1.2000000000000455,33.730000000000004,33.7,0.030000000000001137,50.01,49.980000000000004,0.02999999999999403,0.0,0.0,0.0,347,86.75,87.25,0,normal
64,0.007878095238095194,0.00458764623300304,6.999999999379725e-05,128.0,5,0,192,0.40625,39.244140625,61.51956755561782,3.689342770063762,42.160000000000004,38.92,3.240000000000002,73.26,73.24,0.020000000000010232,397.90000000000003,396.5,1.400000000000034,33.71000000000001,33.68000000000001,0.030000000000001137,50.03,49.980000000000004,0.04999999999999716,0.0,0.0,0.0,348,87.0,87.5,0,normal
62,0.00801245901639343,0.005380761922932954,0.00018000000000029104,124.0,5,0,192,0.4032258064516129,43.59879032258065,68.09168924103713,3.7142080130998316,40.300000000000004,37.25,3.0500000000000043,73.24,73.22,0.01999999999999602,398.5,397.20000000000005,1.2999999999999545,33.69,33.66,0.030000000000001137,50.03,50.01,0.020000000000003126,0.0,0.0,0.0,349,87.25,87.75,0,normal
62,0.007886229508196712,0.005747475615201333,0.00018000000000029104,124.0,5,0,192,0.4032258064516129,43.08870967741935,67.76260293406374,3.6787774522155,38.59,35.58,3.010000000000005,73.23,73.2,0.030000000000001137,398.5,396.5,2.0,33.68000000000001,33.650000000000006,0.030000000000001137,50.01,50.01,0.0,0.0,0.0,0.0,350,87.5,88.0,0,normal
63,0.007979677419354727,0.005562485800703113,0.0008200000000044838,126.0,5,0,192,0.3968253968253968,41.69444444444444,63.61720442847621,3.7331472666987353,36.89,33.99,2.8999999999999986,73.21000000000001,73.19,0.020000000000010232,398.1,396.5,1.6000000000000227,33.650000000000006,33.620000000000005,0.030000000000001137,50.04,50.01,0.030000000000001137,0.0,0.0,0.0,351,87.75,88.25,0,normal
63,0.007959354838709761,0.00510214150831435,0.0012799999999941747,126.0,5,0,192,0.3968253968253968,46.242063492063494,70.43820420492715,3.7437557781026936,35.26,32.59,2.6699999999999946,73.2,73.17,0.030000000000001137,398.1,396.8,1.3000000000000114,33.64,33.60000000000001,0.03999999999999204,50.04,49.96,0.0799999999999983,0.0,0.0,0.0,352,88.0,88.5,0,normal
62,0.00800491803278704,0.004558000216858577,0.00010000000000331966,124.0,5,0,192,0.4032258064516129,45.48588709677419,69.04413474554842,3.6793898766586413,33.72,31.14,2.5799999999999983,73.18,73.16,0.020000000000010232,398.20000000000005,396.8,1.400000000000034,33.61,33.58,0.030000000000001137,50.0,49.96,0.03999999999999915,0.0,0.0,0.0,353,88.25,88.75,0,normal
62,0.007930327868852468,0.004590841548344125,0.00010000000000331966,124.0,5,0,192,0.4032258064516129,47.32258064516129,70.76395318776098,3.749286279823395,32.29,29.84,2.4499999999999993,73.17,73.14,0.030000000000001137,398.20000000000005,397.40000000000003,0.8000000000000114,33.60000000000001,33.56,0.04000000000000625,50.0,49.99,0.00999999999999801,0.0,0.0,0.0,354,88.5,89.0,0,normal
62,0.00796213114754107,0.005038191555185248,5.000000000165983e-05,124.0,5,0,192,0.4032258064516129,44.891129032258064,69.97692766317266,3.660293545881386,30.89,28.580000000000002,2.3099999999999987,73.15,73.13,0.020000000000010232,398.40000000000003,397.40000000000003,1.0,33.57000000000001,33.540000000000006,0.030000000000001137,50.04,49.99,0.04999999999999716,0.0,0.0,0.0,355,88.75,89.25,0,normal
63,0.007922096774193496,0.005453700471179727,5.000000000165983e-05,126.0,5,0,192,0.3968253968253968,41.74603174603175,65.48729872102506,3.7425925096647545,29.54,27.35,2.1899999999999977,73.14,73.12,0.01999999999999602,398.40000000000003,397.20000000000005,1.1999999999999886,33.55,33.510000000000005,0.03999999999999204,50.04,49.980000000000004,0.05999999999999517,0.0,0.0,0.0,356,89.0,89.5,0,normal
63,0.008033709677419433,0.005376125908745924,0.00042000000000541604,126.0,5,0,192,0.3968253968253968,46.07738095238095,70.97090257414096,3.7042594844083423,28.330000000000002,26.1,2.2300000000000004,73.13,73.11,0.01999999999999602,398.20000000000005,397.20000000000005,1.0,33.53,33.480000000000004,0.04999999999999716,50.0,49.980000000000004,0.01999999999999602,0.0,0.0,0.0,357,89.25,89.75,0,normal
62,0.007911147540983585,0.00626832372247404,3.999999999848569e-05,124.0,5,0,192,0.4032258064516129,41.45564516129032,68.17640520148207,3.6542285142297346,27.11,0.0,27.11,73.12,73.10000000000001,0.01999999999999602,398.8,397.40000000000003,1.3999999999999773,33.5,33.46000000000001,0.03999999999999204,50.03,50.0,0.030000000000001137,0.0,0.0,0.0,358,89.5,90.0,0,normal
63,0.007923225806451691,0.007306496396645141,2.0000000006348273e-05,126.0,5,0,192,0.3968253968253968,32.476190476190474,59.23573624915615,3.0532400620407856,25.92,0.0,25.92,74.23,1.55,72.68,409.5,397.90000000000003,11.599999999999966,33.47,-38.22,71.69,50.03,49.93,0.10000000000000142,1.0,0.0,1.0,359,89.75,90.25,1,tampering
63,0.008019354838709783,0.007189203121296379,2.0000000006348273e-05,126.0,5,0,192,0.3968253968253968,29.79563492063492,55.323434828863824,2.213381023987777,0.0,0.0,0.0,654.44,1.55,652.8900000000001,409.5,401.1,8.399999999999977,614.58,-38.22,652.8000000000001,49.97,49.93,0.03999999999999915,1.0,1.0,0.0,360,90.0,90.5,1,tampering
61,0.007996500000000139,0.007159450357162553,0.0001299999999986312,122.0,5,0,192,0.4098360655737705,29.936475409836067,55.42893527992206,2.180285414914805,0.0,0.0,0.0,654.44,73.28,581.1600000000001,402.5,401.1,1.3999999999999773,614.58,33.46000000000001,581.12,49.97,49.96,0.00999999999999801,1.0,1.0,0.0,361,90.25,90.75,1,tampering
62,0.007857377049180245,0.007167433155471445,2.0000000006348273e-05,124.0,5,0,192,0.4032258064516129,30.735887096774192,56.34632256815873,2.2584622439275135,0.0,0.0,0.0,73.54,73.36,0.18000000000000682,402.5,400.8,1.6999999999999886,34.230000000000004,33.46000000000001,0.769999999999996,50.11,49.96,0.14999999999999858,1.0,1.0,0.0,362,90.5,91.0,1,tampering
64,0.007831587301587383,0.006752222962906079,2.0000000006348273e-05,128.0,5,0,192,0.390625,30.99609375,56.57914106356874,2.31767113906542,0.0,0.0,0.0,73.67,73.47,0.20000000000000284,409.5,400.8,8.699999999999989,34.230000000000004,33.46000000000001,0.769999999999996,50.11,49.97,0.14000000000000057,1.0,1.0,0.0,363,90.75,91.25,1,tampering
63,0.007860645161290248,0.005767559127868064,0.0002000000000066393,126.0,5,0,192,0.3968253968253968,29.922619047619047,55.147601045531424,2.2288384052514325,0.0,0.0,0.0,73.76,73.58,0.18000000000000682,409.5,400.90000000000003,8.599999999999966,33.47,33.47,0.0,50.04,49.97,0.07000000000000028,1.0,1.0,0.0,364,91.0,91.5,1,tampering
62,0.007987213114754225,0.005863908541306844,1.0000000003174137e-05,124.0,5,0,192,0.4032258064516129,30.5,56.651559497937804,2.187520181224858,0.0,0.0,0.0,73.89,2.16,71.73,409.5,384.0,25.5,33.47,33.47,0.0,50.09,50.04,0.05000000000000426,1.0,1.0,0.0,365,91.25,91.75,1,tampering
61,0.008040666666666614,0.005698315794065218,1.0000000003174137e-05,122.0,5,0,192,0.4098360655737705,31.733606557377048,58.84115476050857,2.2250069593659623,0.0,0.0,0.0,74.23,2.16,72.07000000000001,409.5,384.0,25.5,33.47,33.47,0.0,50.09,49.97,0.12000000000000455,1.0,1.0,0.0,366,91.5,92.0,1,tampering
63,0.007886290322580689,0.004240477466220319,6.999999999379725e-05,126.0,5,0,192,0.3968253968253968,31.11111111111111,58.883288143368446,2.2232276760110317,0.0,0.0,0.0,74.23,73.93,0.29999999999999716,401.40000000000003,17.2,384.20000000000005,34.230000000000004,31.680000000000007,2.549999999999997,50.11,49.97,0.14000000000000057,1.0,1.0,0.0,367,91.75,92.25,1,tampering
63,0.007970967741935358,0.0035826592707883576,0.00038000000000693035,126.0,5,0,192,0.3968253968253968,30.849206349206348,58.82578765321305,2.2175775079705153,0.0,0.0,0.0,74.23,74.06,0.1700000000000017,401.40000000000003,17.2,384.20000000000005,34.230000000000004,31.680000000000007,2.549999999999997,50.11,50.0,0.10999999999999943,1.0,1.0,0.0,368,92.0,92.5,1,tampering
62,0.007917540983606702,0.004943116311727629,0.00015999999999394277,124.0,5,0,192,0.4032258064516129,31.91532258064516,60.32921180884587,2.2553662629732996,0.0,0.0,0.0,652.84,74.15,578.69,401.8,401.1,0.6999999999999886,34.230000000000004,33.47,0.7600000000000051,50.0,49.92,0.0799999999999983,1.0,1.0,0.0,369,92.25,92.75,1,tampering
63,0.00797903225806443,0.006206503537439358,0.00015999999999394277,126.0,5,0,192,0.4126984126984127,29.317460317460316,56.800633071820045,2.2044148702539483,0.0,0.0,0.0,652.84,74.23,578.61,401.8,18.0,383.8,34.230000000000004,-38.21,72.44,49.95,49.92,0.030000000000001137,1.0,1.0,0.0,370,92.5,93.0,1,tampering
63,0.007831451612903282,0.005591541955596722,0.0002099999999956026,126.0,5,0,192,0.3968253968253968,27.81547619047619,53.343411236930564,2.246985946747217,0.0,0.0,0.0,76.79,74.36,2.430000000000007,401.6,18.0,383.6,33.47,-38.21,71.68,50.03,49.95,0.0799999999999983,1.0,1.0,0.0,371,92.75,93.25,1,tampering
63,0.007847258064516159,0.005409479782200079,0.0010399999999890497,126.0,5,0,192,0.3968253968253968,28.50595238095238,53.61861909612659,2.2873995170753925,0.0,0.0,0.0,74.62,74.45,0.1700000000000017,401.6,17.0,384.6,33.47,31.680000000000007,1.789999999999992,50.03,49.89,0.14000000000000057,1.0,1.0,0.0,372,93.0,93.5,1,tampering
62,0.007946229508196652,0.005835430551195427,0.0008599999999887586,124.0,5,0,192,0.4032258064516129,27.719758064516128,51.279477092782535,2.2447029081847445,0.0,0.0,0.0,74.75,74.58,0.1700000000000017,401.6,17.0,384.6,33.480000000000004,33.47,0.010000000000005116,49.94,49.89,0.04999999999999716,1.0,1.0,0.0,373,93.25,93.75,1,tampering
61,0.008245000000000146,0.005053430353072386,0.0008599999999887586,122.0,5,0,192,0.4098360655737705,27.440573770491802,50.92549758803364,2.229075236059852,0.0,0.0,0.0,74.84,74.66,0.18000000000000682,401.8,25.5,376.3,33.480000000000004,33.480000000000004,0.0,50.01,49.94,0.07000000000000028,1.0,1.0,0.0,374,93.5,94.0,1,tampering
63,0.007861935483871074,0.004430776469749203,0.0001699999999971169,126.0,5,0,192,0.3968253968253968,28.180555555555557,52.32405455816325,2.240414363137831,0.0,0.0,0.0,74.96000000000001,74.24,0.7200000000000131,402.20000000000005,25.5,376.70000000000005,614.6,33.480000000000004,581.12,50.01,49.980000000000004,0.02999999999999403,1.0,1.0,0.0,375,93.75,94.25,1,tampering
64,0.007816507936507969,0.004387477547985128,0.0001699999999971169,128.0,5,0,192,0.390625,28.5,52.242486002773646,2.2860639833251684,0.0,0.0,0.0,75.07000000000001,0.79,74.28,402.70000000000005,384.0,18.700000000000045,614.6,33.480000000000004,581.12,50.06,49.980000000000004,0.0799999999999983,1.0,1.0,0.0,376,94.0,94.5,1,tampering
62,0.0079288524590164,0.0043358887750995665,0.0004100000000022419,124.0,5,0,192,0.4032258064516129,27.818548387096776,51.07970663728292,2.194723110071835,0.0,0.0,0.0,75.11,0.79,74.32,402.70000000000005,384.0,18.700000000000045,33.480000000000004,33.480000000000004,0.0,50.06,49.96,0.10000000000000142,1.0,1.0,0.0,377,94.25,94.75,1,tampering
63,0.007951935483870989,0.0054194830245969505,0.0004100000000022419,126.0,5,0,192,0.4126984126984127,28.738095238095237,52.64057952041274,2.2038292638559387,0.0,0.0,0.0,76.79,74.24,2.5500000000000114,401.70000000000005,384.0,17.700000000000045,33.480000000000004,33.480000000000004,0.0,49.980000000000004,49.96,0.020000000000003126,1.0,1.0,0.0,378,94.5,95.0,1,tampering
64,0.0076495238095238465,0.006692446922091074,0.0001299999999986312,128.0,5,0,192,0.390625,28.759765625,52.8443219804178,2.2398494910450553,0.0,0.0,0.0,76.79,75.24,1.5500000000000114,401.70000000000005,384.0,17.700000000000045,33.480000000000004,33.480000000000004,0.0,50.11,49.96,0.14999999999999858,1.0,1.0,0.0,379,94.75,95.25,1,tampering
63,0.007824032258064509,0.007062221038665809,0.0001299999999986312,126.0,5,0,192,0.3968253968253968,29.0734126984127,52.929278282105834,2.2447114211244483,0.0,0.0,0.0,75.5,75.33,0.1700000000000017,402.0,400.0,2.0,33.480000000000004,33.480000000000004,0.0,50.11,49.96,0.14999999999999858,1.0,1.0,0.0,380,95.0,95.5,0,normal
62,0.007905409836065594,0.006558961476612543,0.00043999999999755346,124.0,5,0,192,0.4032258064516129,29.514112903225808,53.770193153769725,2.23812297869928,0.0,0.0,0.0,75.58,75.41,0.1700000000000017,402.0,400.90000000000003,1.099999999999966,33.480000000000004,33.480000000000004,0.0,49.97,49.95,0.01999999999999602,1.0,1.0,0.0,381,95.25,95.75,0,normal
62,0.007890983606557479,0.006001454114756162,0.0005000000000023874,124.0,5,0,192,0.4032258064516129,29.816532258064516,54.53354813182188,2.2381229786992805,0.0,0.0,0.0,75.71000000000001,75.54,0.1700000000000017,402.6,401.0,1.6000000000000227,33.480000000000004,33.480000000000004,0.0,50.0,49.95,0.04999999999999716,1.0,1.0,0.0,382,95.5,96.0,0,normal
63,0.007845967741935335,0.006173672107367138,0.00034000000000844466,126.0,5,0,192,0.3968253968253968,29.976190476190474,55.34336746165221,2.2608126670119493,0.0,0.0,0.0,75.79,75.62,0.1700000000000017,402.6,401.20000000000005,1.3999999999999773,33.480000000000004,33.480000000000004,0.0,50.050000000000004,49.97,0.0800000000000054,1.0,1.0,0.0,383,95.75,96.25,0,normal
63,0.007973870967742044,0.0062802389400916795,0.00034000000000844466,126.0,5,0,192,0.3968253968253968,30.23611111111111,56.09269720841241,2.2445132753504207,0.0,0.0,0.0,75.92,75.75,0.1700000000000017,402.3,401.6,0.6999999999999886,33.480000000000004,33.480000000000004,0.0,50.050000000000004,49.97,0.0800000000000054,1.0,1.0,0.0,384,96.0,96.5,0,normal
63,0.007950161290322727,0.004641129760937326,0.0010500000000064347,126.0,5,0,192,0.4126984126984127,28.793650793650794,53.922573454366464,2.2084220393867326,0.0,0.0,0.0,76.0,75.84,0.1599999999999966,402.8,401.1,1.6999999999999886,33.480000000000004,33.480000000000004,0.0,50.050000000000004,50.0,0.05000000000000426,1.0,1.0,0.0,385,96.25,96.75,0,normal
63,0.007847258064516159,0.0032193698889370365,0.0011399999999923693,126.0,5,0,192,0.3968253968253968,28.192460317460316,52.578066134000046,2.242667335607729,0.0,0.0,0.0,76.13,75.96000000000001,0.1699999999999875,402.8,401.0,1.8000000000000114,33.480000000000004,33.480000000000004,0.0,50.07,49.92,0.14999999999999858,1.0,1.0,0.0,386,96.5,97.0,0,normal
63,0.00793838709677404,0.0031351617715894378,0.0011099999999970578,126.0,5,0,192,0.3968253968253968,28.48611111111111,52.84159284203015,2.2530743048494686,0.0,0.0,0.0,76.22,76.05,0.1700000000000017,402.3,401.0,1.3000000000000114,33.480000000000004,33.480000000000004,0.0,50.07,49.92,0.14999999999999858,1.0,1.0,0.0,387,96.75,97.25,0,normal
62,0.007954098360655604,0.0028893600046078554,0.0008899999999982811,124.0,5,0,192,0.4032258064516129,28.905241935483872,53.41341626443904,2.234090720634764,0.0,0.0,0.0,76.34,76.17,0.1700000000000017,402.3,400.8,1.5,33.480000000000004,33.480000000000004,0.0,50.03,50.01,0.020000000000003126,1.0,1.0,0.0,388,97.0,97.5,0,normal
63,0.0079864516129032,0.0028706636845151757,0.0008899999999982811,126.0,5,0,192,0.4126984126984127,29.392857142857142,53.88001466894403,2.2423029062708224,0.0,0.0,0.0,76.42,76.26,0.1599999999999966,401.6,400.8,0.8000000000000114,33.480000000000004,33.480000000000004,0.0,50.03,49.99,0.03999999999999915,1.0,1.0,0.0,389,97.25,97.75,0,normal
64,0.007909047619047474,0.0030219717700018705,0.0011499999999955435,128.0,5,0,192,0.40625,28.884765625,53.76217524118437,2.2538120297216397,0.0,0.0,0.0,76.55,76.38,0.1700000000000017,402.1,401.1,1.0,33.480000000000004,33.47,0.010000000000005116,49.99,49.89,0.10000000000000142,1.0,1.0,0.0,390,97.5,98.0,0,normal
62,0.007864262295081973,0.003185683887776636,2.0000000006348273e-05,124.0,5,0,192,0.4032258064516129,29.276209677419356,54.459498846993746,2.2781025364618475,0.0,0.0,0.0,76.63,76.47,0.1599999999999966,402.70000000000005,400.70000000000005,2.0,33.480000000000004,33.47,0.010000000000005116,49.99,49.89,0.10000000000000142,1.0,1.0,0.0,391,97.75,98.25,0,normal
61,0.008035833333333405,0.0033403893444051264,2.0000000006348273e-05,122.0,5,0,192,0.4098360655737705,30.33811475409836,55.8100410178407,2.256175358124153,0.0,0.0,0.0,76.76,76.59,0.1700000000000017,402.70000000000005,400.70000000000005,2.0,33.47,33.47,0.0,50.02,49.95,0.07000000000000028,1.0,1.0,0.0,392,98.0,98.5,0,normal
62,0.008112622950819536,0.0031098557773946087,0.0003600000000005821,124.0,5,0,192,0.4032258064516129,29.215725806451612,54.240650995733326,2.2199091561568554,0.0,0.0,0.0,76.84,76.68,0.1599999999999966,401.70000000000005,401.1,0.6000000000000227,33.47,33.47,0.0,50.02,50.0,0.020000000000003126,1.0,1.0,0.0,393,98.25,98.75,0,normal
62,0.008045901639344148,0.0028715434685845902,0.0008799999999951069,124.0,5,0,192,0.4032258064516129,27.921370967741936,51.76704046751763,2.1856958882141666,0.0,0.0,0.0,76.97,76.8,0.1700000000000017,401.5,401.40000000000003,0.0999999999999659,33.47,33.47,0.0,50.0,49.97,0.030000000000001137,1.0,1.0,0.0,394,98.5,99.0,0,normal
63,0.00802629032258066,0.0030970424152996032,0.00015000000000497948,126.0,5,0,192,0.3968253968253968,28.03769841269841,52.058161226250114,2.2392453744931715,0.0,0.0,0.0,77.05,76.88,0.1700000000000017,401.5,400.70000000000005,0.7999999999999545,33.47,33.47,0.0,49.99,49.96,0.030000000000001137,1.0,1.0,0.0,395,98.75,99.25,0,normal
63,0.007966612903225903,0.0034030100260277114,0.00015000000000497948,126.0,5,0,192,0.3968253968253968,28.317460317460316,52.48191688476346,2.256844413043695,0.0,0.0,0.0,77.17,77.01,0.1599999999999966,402.1,400.70000000000005,1.3999999999999773,33.47,33.47,0.0,50.02,49.96,0.060000000000002274,1.0,1.0,0.0,396,99.0,99.5,0,normal
61,0.008141999999999901,0.004045632954186799,0.00021999999999877673,122.0,5,0,192,0.4098360655737705,28.68032786885246,53.01059535191652,2.2306947263421137,0.0,0.0,0.0,77.26,77.09,0.1700000000000017,402.20000000000005,401.40000000000003,0.8000000000000114,33.47,33.47,0.0,50.02,49.96,0.060000000000002274,1.0,1.0,0.0,397,99.25,99.75,0,normal
62,0.008180491803278662,0.005906530541428657,7.999999999697138e-05,124.0,5,0,192,0.41935483870967744,28.473790322580644,53.371220861796075,2.2235302071805525,0.0,0.0,0.0,77.38,77.22,0.1599999999999966,403.0,400.90000000000003,2.099999999999966,33.47,33.47,0.0,50.06,49.96,0.10000000000000142,1.0,1.0,0.0,398,99.5,100.0,0,normal
63,0.007802258064516087,0.007306108672432638,3.999999999848569e-05,126.0,5,0,192,0.3968253968253968,29.14484126984127,54.282850243243125,2.256418037255183,0.0,0.0,0.0,77.46000000000001,77.3,0.1600000000000108,403.0,400.90000000000003,2.099999999999966,33.47,33.47,0.0,50.06,50.02,0.03999999999999915,1.0,1.0,0.0,399,99.75,100.25,0,normal
63,0.007969516129032359,0.006704959509491954,3.999999999848569e-05,126.0,5,0,192,0.3968253968253968,28.916666666666668,54.063023554671965,2.257141307050025,0.0,0.0,0.0,77.59,77.42,0.1700000000000017,402.5,401.1,1.3999999999999773,33.47,33.47,0.0,50.04,49.99,0.04999999999999716,1.0,1.0,0.0,400,100.0,100.5,0,normal
63,0.007949193548386935,0.004574635292491836,0.0003399999999942338,126.0,5,0,192,0.3968253968253968,27.956349206349206,52.23441971099824,2.2651312781514363,0.0,0.0,0.0,77.67,77.5,0.1700000000000017,401.6,401.1,0.5,33.47,33.46000000000001,0.009999999999990905,50.0,49.99,0.00999999999999801,1.0,1.0,0.0,401,100.25,100.75,0,normal
63,0.00801112903225808,0.0039326831950179586,0.0003399999999942338,126.0,5,0,192,0.3968253968253968,27.333333333333332,50.555093317265865,2.275713014242757,0.0,0.0,0.0,77.79,77.63,0.1600000000000108,401.70000000000005,401.1,0.6000000000000227,33.47,33.46000000000001,0.009999999999990905,50.0,49.910000000000004,0.0899999999999963,1.0,1.0,0.0,402,100.5,101.0,0,normal
63,0.00800306451612901,0.0045366445567766225,0.0007300000000043383,126.0,5,0,192,0.3968253968253968,27.613095238095237,50.729627891155054,2.260614521237921,0.0,0.0,0.0,77.87,77.71000000000001,0.1599999999999966,402.40000000000003,401.3,1.1000000000000227,33.46000000000001,33.46000000000001,0.0,49.95,49.910000000000004,0.03999999999999915,1.0,1.0,0.0,403,100.75,101.25,0,normal
62,0.007976721311475468,0.005933471524509236,0.00047999999999603915,124.0,5,0,192,0.4032258064516129,28.08467741935484,51.26237937720089,2.245986153154704,0.0,0.0,0.0,78.0,77.83,0.1700000000000017,402.8,401.3,1.5,33.46000000000001,33.46000000000001,0.0,50.1,49.95,0.14999999999999858,1.0,1.0,0.0,404,101.0,101.5,0,normal
61,0.008022666666666586,0.007605577529389699,3.999999999848569e-05,122.0,5,0,192,0.4098360655737705,28.10655737704918,51.288928817980675,2.245560773308257,0.0,0.0,0.0,78.08,77.91,0.1700000000000017,402.8,401.0,1.8000000000000114,33.46000000000001,33.46000000000001,0.0,50.11,50.1,0.00999999999999801,1.0,1.0,0.0,405,101.25,101.75,0,normal
63,0.007909516129032339,0.008153039889715602,3.999999999848569e-05,126.0,5,0,192,0.3968253968253968,28.4265873015873,51.655822282246916,2.2447114211244483,0.0,0.0,0.0,78.2,78.04,0.1599999999999966,401.8,401.0,0.8000000000000114,33.46000000000001,33.46000000000001,0.0,50.11,49.96,0.14999999999999858,1.0,1.0,0.0,406,101.5,102.0,0,normal
63,0.007816774193548369,0.008114054269657701,3.999999999848569e-05,126.0,5,0,192,0.3968253968253968,28.700396825396826,52.08554776093667,2.2367749131879404,0.0,0.0,0.0,78.28,78.12,0.1599999999999966,402.0,401.1,0.8999999999999773,33.46000000000001,33.46000000000001,0.0,50.07,49.96,0.10999999999999943,1.0,1.0,0.0,407,101.75,102.25,0,normal
62,0.007912131147541041,0.00817761641386454,3.999999999848569e-05,124.0,5,0,192,0.4032258064516129,29.088709677419356,52.62021752029779,2.2378910675555295,0.0,0.0,0.0,78.4,78.24,0.1600000000000108,402.0,400.8,1.1999999999999886,33.46000000000001,33.45,0.010000000000005116,50.11,50.0,0.10999999999999943,1.0,1.0,0.0,408,102.0,102.5,0,normal
63,0.007972096774193551,0.007132925051974667,0.00017999999998608018,126.0,5,0,192,0.4126984126984127,29.59722222222222,53.354669023147956,2.2206254908166385,0.0,0.0,0.0,78.49,78.32000000000001,0.1699999999999875,401.8,400.8,1.0,33.46000000000001,33.45,0.010000000000005116,50.11,49.99,0.11999999999999744,1.0,1.0,0.0,409,102.25,102.75,0,normal
62,0.007865409836065478,0.006381385731048734,0.00017999999998608018,124.0,5,0,192,0.4032258064516129,29.612903225806452,53.80043915119655,2.230058462570248,0.0,0.0,0.0,78.61,78.44,0.1700000000000017,402.6,401.5,1.1000000000000227,33.45,33.45,0.0,49.99,49.83,0.1600000000000037,1.0,1.0,0.0,410,102.5,103.0,0,normal
62,0.007903606557377197,0.00637863057217946,0.0002099999999956026,124.0,5,0,192,0.4032258064516129,29.47983870967742,54.170314570059006,2.2262703002088964,0.0,0.0,0.0,78.69,78.53,0.1599999999999966,402.6,401.5,1.1000000000000227,33.45,33.45,0.0,50.04,49.83,0.21000000000000085,1.0,1.0,0.0,411,102.75,103.25,0,normal
63,0.007831935483870948,0.006418659250689174,5.999999999062311e-05,126.0,5,0,192,0.3968253968253968,29.964285714285715,54.993855305071975,2.2404619976123925,0.0,0.0,0.0,78.81,78.65,0.1599999999999966,401.90000000000003,401.3,0.6000000000000227,33.45,33.45,0.0,50.04,49.910000000000004,0.12999999999999545,1.0,1.0,0.0,412,103.0,103.5,0,normal
63,0.008043548387096765,0.006468332062209137,5.999999999062311e-05,126.0,5,0,192,0.4126984126984127,30.603174603174605,56.00950590593222,2.234564544108342,0.0,0.0,0.0,78.89,78.73,0.1599999999999966,401.70000000000005,401.3,0.4000000000000341,33.45,33.45,0.0,50.02,49.9,0.12000000000000455,1.0,1.0,0.0,413,103.25,103.75,0,normal
62,0.007948032786885283,0.00492995155752868,0.001120000000000232,124.0,5,0,192,0.4032258064516129,30.657258064516128,56.73281560680148,2.247709445437513,0.0,0.0,0.0,79.01,78.85000000000001,0.1599999999999966,403.20000000000005,401.40000000000003,1.8000000000000114,33.45,33.44,0.010000000000005116,49.97,49.9,0.07000000000000028,1.0,1.0,0.0,414,103.5,104.0,0,normal
63,0.007954838709677446,0.004136063947037404,0.0003399999999942338,126.0,5,0,192,0.3968253968253968,30.748015873015873,57.47385530554122,2.2685510291744295,0.0,0.0,0.0,79.09,78.93,0.1599999999999966,403.20000000000005,401.20000000000005,2.0,33.44,33.44,0.0,50.0,49.88,0.11999999999999744,1.0,1.0,0.0,415,103.75,104.25,0,normal
63,0.007848387096774124,0.005108483201926273,0.0003399999999942338,126.0,5,0,192,0.3968253968253968,30.478174603174605,57.425897038149785,2.2653060450010174,0.0,0.0,0.0,79.21000000000001,79.05,0.1600000000000108,402.1,401.20000000000005,0.8999999999999773,33.44,33.44,0.0,50.08,49.88,0.19999999999999574,1.0,1.0,0.0,416,104.0,104.5,0,normal
62,0.008079508196721381,0.005107880901032451,2.9999999995311555e-05,124.0,5,0,192,0.4032258064516129,29.423387096774192,55.66929803191599,2.243677187372997,0.0,0.0,0.0,79.29,79.13,0.1600000000000108,402.1,401.3,0.8000000000000114,33.44,33.44,0.0,50.08,50.0,0.0799999999999983,1.0,1.0,0.0,417,104.25,104.75,0,normal
63,0.007926935483870847,0.004467788508550056,2.9999999995311555e-05,126.0,5,0,192,0.4126984126984127,28.398809523809526,53.52771199074101,2.2496630371131774,0.0,0.0,0.0,79.41,79.25,0.1599999999999966,402.6,401.8,0.8000000000000114,33.44,33.43000000000001,0.009999999999990905,50.0,50.0,0.0,1.0,1.0,0.0,418,104.5,105.0,0,normal
63,0.007950000000000094,0.006103912811705754,0.00023000000000195087,126.0,5,0,192,0.3968253968253968,27.319444444444443,51.683783060428055,2.266315484530039,0.0,0.0,0.0,79.49,79.33,0.1599999999999966,402.6,401.8,0.8000000000000114,33.44,33.43000000000001,0.009999999999990905,50.0,47.0,3.0,1.0,1.0,0.0,419,104.75,105.25,1,charging_attack
63,0.007753225806451594,0.006944893174633758,0.0002000000000066393,126.0,5,0,192,0.3968253968253968,26.81547619047619,50.44511867943981,2.2559597683616386,0.0,0.0,0.0,79.61,79.45,0.1599999999999966,402.6,401.6,1.0,33.43000000000001,33.43000000000001,0.0,48.86,47.0,1.8599999999999994,1.0,1.0,0.0,420,105.0,105.5,1,charging_attack
62,0.007917540983606702,0.005846686789306208,0.0002000000000066393,124.0,5,0,192,0.4032258064516129,26.933467741935484,50.12779644752443,2.234090720634764,0.0,0.0,0.0,79.69,79.53,0.1599999999999966,402.5,401.6,0.8999999999999773,33.43000000000001,33.43000000000001,0.0,48.95,48.86,0.09000000000000341,1.0,1.0,0.0,421,105.25,105.75,1,charging_attack
61,0.008059666666666724,0.005920481671470095,0.00023000000000195087,122.0,5,0,192,0.4098360655737705,27.30532786885246,50.76055785655724,2.229576615398871,0.0,0.0,0.0,79.81,79.65,0.1599999999999966,402.5,401.5,1.0,33.43000000000001,33.43000000000001,0.0,48.95,48.35,0.6000000000000014,1.0,1.0,0.0,422,105.5,106.0,1,charging_attack
63,0.007854032258064405,0.006847595165264314,0.00023000000000195087,126.0,5,0,192,0.3968253968253968,27.607142857142858,51.07977371047101,2.2677765063062485,0.0,0.0,0.0,79.89,79.73,0.1599999999999966,402.3,401.20000000000005,1.099999999999966,33.43000000000001,33.42,0.010000000000005116,48.35,46.11,2.240000000000002,1.0,1.0,0.0,423,105.75,106.25,1,charging_attack
63,0.008007258064516062,0.005803456469892581,0.0006300000000010186,126.0,5,0,192,0.4126984126984127,28.339285714285715,51.52894436553405,2.280467570886125,0.0,0.0,0.0,80.01,79.85000000000001,0.1599999999999966,402.3,401.20000000000005,1.099999999999966,33.42,33.42,0.0,47.28,45.26,2.020000000000003,1.0,1.0,0.0,424,106.0,106.5,1,charging_attack
62,0.007994590163934332,0.004186572044976861,0.00034999999999740794,124.0,5,0,192,0.4032258064516129,28.47983870967742,51.824607245043524,2.2177297772329494,0.0,0.0,0.0,80.09,79.93,0.1599999999999966,402.20000000000005,401.6,0.6000000000000227,33.42,33.42,0.0,45.26,45.01,0.25,1.0,1.0,0.0,425,106.25,106.75,1,charging_attack
62,0.008048688524590236,0.003723385765499182,0.00034999999999740794,124.0,5,0,192,0.4032258064516129,28.766129032258064,52.30876983015985,2.233657467817405,0.0,0.0,0.0,80.21000000000001,80.05,0.1600000000000108,402.20000000000005,401.6,0.6000000000000227,33.42,33.42,0.0,45.45,45.01,0.44000000000000483,1.0,1.0,0.0,426,106.5,107.0,1,charging_attack
63,0.007914677419354954,0.0036385741259639492,0.0005899999999883221,126.0,5,0,192,0.3968253968253968,28.6765873015873,52.48995148979573,2.279681268211011,0.0,0.0,0.0,80.28,80.13,0.15000000000000568,402.1,401.5,0.6000000000000227,33.42,33.41,0.010000000000005116,47.62,45.45,2.1699999999999946,1.0,1.0,0.0,427,106.75,107.25,1,charging_attack
63,0.007794032258064384,0.005170591923334739,6.0000000004833964e-05,126.0,5,0,192,0.3968253968253968,29.017857142857142,53.33785024186892,2.2591167285748988,0.0,0.0,0.0,80.4,80.25,0.15000000000000568,402.20000000000005,401.5,0.7000000000000455,33.41,33.41,0.0,48.59,46.44,2.1500000000000057,1.0,1.0,0.0,428,107.0,107.5,1,charging_attack
63,0.008030645161290343,0.00622473392901018,6.0000000004833964e-05,126.0,5,0,192,0.4126984126984127,29.654761904761905,54.236729935991356,2.2423029062708224,0.0,0.0,0.0,80.48,80.32000000000001,0.1599999999999966,402.20000000000005,401.6,0.6000000000000227,33.41,33.41,0.0,49.0,48.59,0.4099999999999966,1.0,1.0,0.0,429,107.25,107.75,1,charging_attack
62,0.007930163934426186,0.00588812906682137,0.0011099999999970578,124.0,5,0,192,0.4032258064516129,29.159274193548388,53.69440893692851,2.245986153154704,0.0,0.0,0.0,80.60000000000001,80.44,0.1600000000000108,402.6,401.0,1.6000000000000227,33.41,33.400000000000006,0.009999999999990905,49.0,48.71,0.28999999999999915,1.0,1.0,0.0,430,107.5,108.0,1,charging_attack
62,0.00779475409836073,0.005389799596797693,0.0001299999999986312,124.0,5,0,192,0.4032258064516129,29.723790322580644,54.81591552925915,2.286133383573701,0.0,0.0,0.0,80.68,80.52,0.1600000000000108,402.6,401.0,1.6000000000000227,33.41,33.400000000000006,0.009999999999990905,48.71,46.65,2.0600000000000023,1.0,1.0,0.0,431,107.75,108.25,1,charging_attack
63,0.007811129032258088,0.004316047738398035,0.0001299999999986312,126.0,5,0,192,0.3968253968253968,30.043650793650794,55.83825564092159,2.2579158299182054,0.0,0.0,0.0,80.8,80.64,0.1599999999999966,403.3,401.3,2.0,33.400000000000006,33.400000000000006,0.0,47.82,45.6,2.219999999999999,1.0,1.0,0.0,432,108.0,108.5,1,charging_attack
63,0.008045645161290521,0.0036570482637135215,0.0004100000000022419,126.0,5,0,192,0.4126984126984127,28.696428571428573,53.659282129688144,2.224096909485721,0.0,0.0,0.0,80.87,80.72,0.15000000000000568,403.3,401.0,2.3000000000000114,33.400000000000006,33.400000000000006,0.0,45.6,45.04,0.5600000000000023,1.0,1.0,0.0,433,108.25,108.75,1,charging_attack
63,0.008040322580645045,0.003923697633834037,0.00047999999999603915,126.0,5,0,192,0.3968253968253968,28.21230158730159,52.62600682839898,2.271744760274502,0.0,0.0,0.0,80.99,80.83,0.1599999999999966,402.5,401.0,1.5,33.400000000000006,33.39,0.010000000000005116,45.93,45.04,0.8900000000000006,1.0,1.0,0.0,434,108.5,109.0,1,charging_attack
63,0.007826129032258265,0.003966565246448325,0.00047999999999603915,126.0,5,0,192,0.3968253968253968,28.398809523809526,52.68777529227661,2.274017075805706,0.0,0.0,0.0,81.07000000000001,80.91,0.1600000000000108,402.5,401.5,1.0,33.400000000000006,33.39,0.010000000000005116,47.07,45.160000000000004,1.9099999999999966,1.0,1.0,0.0,435,108.75,109.25,1,charging_attack
63,0.008015483870967765,0.0042317413015568114,0.0005400000000008731,126.0,5,0,192,0.4126984126984127,28.892857142857142,52.89695385140215,2.2345645441083417,0.0,0.0,0.0,81.18,81.03,0.15000000000000568,402.40000000000003,401.40000000000003,1.0,33.39,33.39,0.0,48.18,47.07,1.1099999999999994,1.0,1.0,0.0,436,109.0,109.5,1,charging_attack
61,0.007969166666666657,0.004496244096157136,0.000649999999993156,122.0,5,0,192,0.4098360655737705,29.135245901639344,53.280518726446395,2.2676705230307856,0.0,0.0,0.0,81.26,81.11,0.15000000000000568,402.90000000000003,401.40000000000003,1.5,33.39,33.379999999999995,0.010000000000005116,48.89,48.18,0.7100000000000009,1.0,1.0,0.0,437,109.25,109.75,1,charging_attack
62,0.007907049180327945,0.0038940089941807915,0.000649999999993156,124.0,5,0,192,0.4032258064516129,28.421370967741936,52.939918270691955,2.2738689367237224,0.0,0.0,0.0,81.38,81.22,0.1599999999999966,402.90000000000003,401.0,1.900000000000034,33.39,33.379999999999995,0.010000000000005116,48.93,48.300000000000004,0.6299999999999955,1.0,1.0,0.0,438,109.5,110.0,1,charging_attack
64,0.007831746031745938,0.004512499585254285,0.0006900000000058526,128.0,5,0,192,0.40625,28.734375,53.31410964378356,2.2484313900689767,0.0,0.0,0.0,81.46000000000001,81.3,0.1600000000000108,402.20000000000005,401.0,1.2000000000000455,33.379999999999995,33.379999999999995,0.0,48.93,47.22,1.7100000000000009,1.0,1.0,0.0,439,109.75,110.25,1,charging_attack
62,0.008055245901639401,0.006172040501803933,0.0006100000000088812,124.0,5,0,192,0.4032258064516129,29.75201612903226,54.75496180903989,2.25326365411123,0.0,0.0,0.0,81.57000000000001,81.42,0.15000000000000568,402.3,401.1,1.1999999999999886,33.379999999999995,33.370000000000005,0.009999999999990905,47.22,46.06,1.1599999999999966,1.0,1.0,0.0,440,110.0,110.5,1,charging_attack
62,0.007921475409836294,0.006950262605267449,1.0000000003174137e-05,124.0,5,0,192,0.4032258064516129,30.10282258064516,55.46925470780629,2.2502197528928285,0.0,0.0,0.0,81.65,81.5,0.15000000000000568,402.3,401.1,1.1999999999999886,33.379999999999995,33.370000000000005,0.009999999999990905,46.06,45.22,0.8400000000000034,1.0,1.0,0.0,441,110.25,110.75,1,charging_attack
63,0.007851935483871107,0.0065294718550216015,1.0000000003174137e-05,126.0,5,0,192,0.3968253968253968,30.083333333333332,55.62114085061371,2.2645827752061756,0.0,0.0,0.0,81.77,81.61,0.1599999999999966,401.90000000000003,401.3,0.6000000000000227,33.370000000000005,33.370000000000005,0.0,45.5,45.01,0.490000000000002,1.0,1.0,0.0,442,110.5,111.0,1,charging_attack
62,0.007919672131147663,0.005289869987312434,2.9999999995311555e-05,124.0,5,0,192,0.4032258064516129,29.85483870967742,55.77488502155369,2.261656628806262,0.0,0.0,0.0,81.84,81.69,0.15000000000000568,401.90000000000003,401.5,0.4000000000000341,33.370000000000005,33.370000000000005,0.0,46.51,45.01,1.5,1.0,1.0,0.0,443,110.75,111.25,1,charging_attack
62,0.007993934426229438,0.004790174465041263,0.00038999999999589363,124.0,5,0,192,0.4032258064516129,29.35483870967742,54.63983149923056,2.2296969645686966,0.0,0.0,0.0,81.96000000000001,81.8,0.1600000000000108,402.1,401.20000000000005,0.8999999999999773,33.370000000000005,33.36,0.010000000000005116,47.69,46.51,1.1799999999999997,1.0,1.0,0.0,444,111.0,111.5,1,charging_attack
62,0.008125081967213206,0.004863255545566496,0.000529999999997699,124.0,5,0,192,0.4032258064516129,29.038306451612904,54.40785107337191,2.2297275340388385,0.0,0.0,0.0,82.03,81.88,0.15000000000000568,402.3,401.20000000000005,1.099999999999966,33.36,33.36,0.0,48.63,47.69,0.9400000000000048,1.0,1.0,0.0,445,111.25,111.75,1,charging_attack
63,0.007890806451612775,0.004121238186316315,0.000529999999997699,126.0,5,0,192,0.3968253968253968,28.136904761904763,53.26523840334832,2.260038144143768,0.0,0.0,0.0,82.15,82.0,0.15000000000000568,403.0,401.5,1.5,33.36,33.35000000000001,0.009999999999990905,49.0,48.63,0.36999999999999744,1.0,1.0,0.0,446,111.5,112.0,1,charging_attack
62,0.007916885245901575,0.004493495678540402,0.0008899999999982811,124.0,5,0,192,0.4032258064516129,28.544354838709676,53.52707003186958,2.2752263078998762,0.0,0.0,0.0,82.23,82.07000000000001,0.1599999999999966,403.0,401.5,1.5,33.36,33.35000000000001,0.009999999999990905,49.0,47.76,1.240000000000002,1.0,1.0,0.0,447,111.75,112.25,1,charging_attack
62,0.007935573770491847,0.006157823898310125,0.000529999999997699,124.0,5,0,192,0.4032258064516129,28.836693548387096,53.85752134285805,2.245986153154704,0.0,0.0,0.0,82.34,82.19,0.15000000000000568,402.20000000000005,401.40000000000003,0.8000000000000114,33.35000000000001,33.35000000000001,0.0,47.76,46.59,1.1699999999999946,1.0,1.0,0.0,448,112.0,112.5,1,charging_attack
63,0.008053225806451467,0.006587973346939553,0.00042000000000541604,126.0,5,0,192,0.4126984126984127,28.3015873015873,53.48253235703918,2.236953171199809,0.0,0.0,0.0,82.42,82.26,0.1599999999999966,402.0,401.40000000000003,0.5999999999999659,33.35000000000001,33.34,0.010000000000005116,46.59,45.550000000000004,1.0399999999999991,1.0,1.0,0.0,449,112.25,112.75,1,charging_attack
63,0.007703064516129136,0.006481625291174365,5.000000000165983e-05,126.0,5,0,192,0.3968253968253968,27.998015873015873,52.622174508770485,2.2749384913745754,0.0,0.0,0.0,82.53,82.38,0.15000000000000568,403.0,401.20000000000005,1.7999999999999545,33.35000000000001,33.34,0.010000000000005116,45.550000000000004,45.03,0.5200000000000031,1.0,1.0,0.0,450,112.5,113.0,1,charging_attack
64,0.007872380952381124,0.007024019270475311,5.000000000165983e-05,128.0,5,0,192,0.40625,27.60546875,51.42288493553015,2.2686517515168125,0.0,0.0,0.0,82.61,82.45,0.1599999999999966,403.0,401.20000000000005,1.7999999999999545,33.34,33.34,0.0,45.980000000000004,45.03,0.9500000000000028,1.0,1.0,0.0,451,112.75,113.25,1,charging_attack
62,0.007888852459016518,0.007473676449160023,6.999999999379725e-05,124.0,5,0,192,0.4032258064516129,27.54032258064516,50.99512139751757,2.2438785290466057,0.0,0.0,0.0,82.72,82.57000000000001,0.14999999999999147,402.5,401.90000000000003,0.5999999999999659,33.34,33.33,0.010000000000005116,47.13,45.980000000000004,1.1499999999999986,1.0,1.0,0.0,452,113.0,113.5,1,charging_attack
63,0.0077624193548386285,0.006949364715795697,2.9999999995311555e-05,126.0,5,0,192,0.3968253968253968,27.39484126984127,50.559222436539734,2.273440698711553,0.0,0.0,0.0,82.8,82.64,0.1599999999999966,402.6,401.90000000000003,0.6999999999999886,33.34,33.33,0.010000000000005116,48.910000000000004,47.13,1.7800000000000011,1.0,1.0,0.0,453,113.25,113.75,1,charging_attack
63,0.007816935483871001,0.006472914432764339,2.9999999995311555e-05,126.0,5,0,192,0.3968253968253968,27.48611111111111,50.670854752850566,2.2772108069057793,0.0,0.0,0.0,82.91,82.76,0.14999999999999147,402.6,402.1,0.5,33.33,33.32000000000001,0.009999999999990905,48.910000000000004,48.24,0.6700000000000017,1.0,1.0,0.0,454,113.5,114.0,1,charging_attack
62,0.00791393442622944,0.007035477841249039,7.999999999697138e-05,124.0,5,0,192,0.4032258064516129,28.070564516129032,51.17267042150936,2.2598062196310615,0.0,0.0,0.0,82.98,82.83,0.15000000000000568,402.5,401.90000000000003,0.5999999999999659,33.33,33.32000000000001,0.009999999999990905,48.910000000000004,48.25,0.6600000000000037,1.0,1.0,0.0,455,113.75,114.25,1,charging_attack
62,0.007896557377049187,0.007204946134710872,7.999999999697138e-05,124.0,5,0,192,0.4032258064516129,28.429435483870968,51.49071185899295,2.236399686416471,0.0,0.0,0.0,83.10000000000001,82.95,0.15000000000000568,402.0,401.40000000000003,0.5999999999999659,33.32000000000001,33.32000000000001,0.0,48.25,47.15,1.1000000000000014,1.0,1.0,0.0,456,114.0,114.5,1,charging_attack
63,0.007765322580645085,0.006754041972067424,2.9999999995311555e-05,126.0,5,0,192,0.3968253968253968,28.6765873015873,52.2094812082636,2.2732425529375253,0.0,0.0,0.0,83.17,83.02,0.15000000000000568,402.5,401.40000000000003,1.099999999999966,33.32000000000001,33.31,0.010000000000005116,47.15,45.19,1.9600000000000009,1.0,1.0,0.0,457,114.25,114.75,1,charging_attack
63,0.0078020967741936845,0.007676625211366086,2.9999999995311555e-05,126.0,5,0,192,0.3968253968253968,28.998015873015873,52.78740301149659,2.2757130142427564,0.0,0.0,0.0,83.29,83.14,0.15000000000000568,402.5,401.8,0.6999999999999886,33.32000000000001,33.31,0.010000000000005116,46.0,45.02,0.9799999999999969,1.0,1.0,0.0,458,114.5,115.0,1,charging_attack
62,0.00788606557377043,0.0081777293090089,9.999999988963282e-06,124.0,5,0,192,0.4032258064516129,29.076612903225808,52.42062141770067,2.2336574678174053,0.0,0.0,0.0,83.36,83.21000000000001,0.14999999999999147,402.5,401.20000000000005,1.2999999999999545,33.31,33.31,0.0,49.910000000000004,45.02,4.890000000000001,1.0,1.0,0.0,459,114.75,115.25,1,charging_attack
62,0.008010000000000139,0.0065564462085229746,9.999999988963282e-06,124.0,5,0,192,0.4032258064516129,29.278225806451612,52.852877146459,2.23941301816473,0.0,0.0,0.0,83.47,83.32000000000001,0.14999999999999147,402.5,401.20000000000005,1.2999999999999545,33.31,33.3,0.010000000000005116,49.96,49.910000000000004,0.04999999999999716,1.0,1.0,0.0,460,115.0,115.5,0,normal
61,0.007982833333333161,0.004064978102305227,0.0003900000000101045,122.0,5,0,192,0.4098360655737705,29.727459016393443,53.61059413380407,2.259504760949936,0.0,0.0,0.0,83.55,83.4,0.14999999999999147,402.70000000000005,401.70000000000005,1.0,33.3,33.3,0.0,50.04,49.96,0.0799999999999983,1.0,1.0,0.0,461,115.25,115.75,0,normal
62,0.008030983606557419,0.003542926318930489,0.00010000000000331966,124.0,5,0,192,0.4032258064516129,28.941532258064516,53.304347255752624,2.1956288177119956,0.0,0.0,0.0,83.64,83.51,0.12999999999999545,402.70000000000005,401.6,1.1000000000000227,33.3,33.290000000000006,0.009999999999990905,50.04,49.97,0.07000000000000028,1.0,1.0,0.0,462,115.5,116.0,0,normal
62,0.008090491803278749,0.0036442357026538457,0.00010000000000331966,124.0,5,0,192,0.4032258064516129,30.018145161290324,54.75102806321475,2.2451991379821976,0.0,0.0,0.0,83.75,83.59,0.1599999999999966,402.6,401.6,1.0,33.3,33.290000000000006,0.009999999999990905,50.01,49.89,0.11999999999999744,1.0,1.0,0.0,463,115.75,116.25,0,normal
63,0.008057419354838748,0.0032113181573954533,0.00034000000000844466,126.0,5,0,192,0.3968253968253968,31.00793650793651,56.30243531789835,2.2938666424849616,0.0,0.0,0.0,83.85000000000001,83.68,0.1700000000000017,402.6,401.70000000000005,0.8999999999999773,33.290000000000006,33.28,0.010000000000005116,50.0,49.89,0.10999999999999943,1.0,1.0,0.0,464,116.0,116.5,0,normal
63,0.007845806451612931,0.002985411058523014,1.0000000003174137e-05,126.0,5,0,192,0.3968253968253968,30.32936507936508,56.055905438388116,2.246924258145049,0.0,0.0,0.0,83.92,83.79,0.12999999999999545,402.6,401.70000000000005,0.8999999999999773,33.290000000000006,33.28,0.010000000000005116,50.03,50.0,0.030000000000001137,1.0,1.0,0.0,465,116.25,116.75,0,normal
62,0.008070983606557535,0.0034331210791346545,1.0000000003174137e-05,124.0,5,0,192,0.4032258064516129,29.836693548387096,56.12133622242042,2.1635418647183102,0.0,0.0,0.0,84.01,83.88,0.13000000000000966,402.3,401.70000000000005,0.5999999999999659,33.28,33.28,0.0,50.03,50.01,0.020000000000003126,1.0,1.0,0.0,466,116.5,117.0,0,normal
62,0.008019999999999817,0.00439243724121782,0.00043999999999755346,124.0,5,0,192,0.4032258064516129,30.481854838709676,56.92496186785151,2.238282192736689,0.0,0.0,0.0,84.12,83.96000000000001,0.1599999999999966,403.0,401.5,1.5,33.28,33.269999999999996,0.010000000000005116,50.01,50.0,0.00999999999999801,1.0,1.0,0.0,467,116.75,117.25,0,normal
61,0.008070833333333383,0.0053726598911111485,0.00034999999999740794,122.0,5,0,192,0.4098360655737705,29.58811475409836,55.092549016192606,2.257926901100123,0.0,0.0,0.0,84.2,84.05,0.15000000000000568,403.70000000000005,401.5,2.2000000000000455,33.269999999999996,33.269999999999996,0.0,50.0,50.0,0.0,1.0,1.0,0.0,468,117.0,117.5,0,normal
63,0.007912419354838794,0.006595252125455856,0.0,126.0,5,0,192,0.3968253968253968,28.761904761904763,54.01839465822033,2.2717447602745025,0.0,0.0,0.0,84.31,84.16,0.15000000000000568,403.70000000000005,402.0,1.7000000000000455,33.269999999999996,33.260000000000005,0.009999999999990905,50.0,49.9,0.10000000000000142,1.0,1.0,0.0,469,117.25,117.75,0,normal
63,0.00790161290322567,0.007380582019524174,0.0,126.0,5,0,192,0.3968253968253968,28.984126984126984,54.243496300519844,2.2717447602745025,0.0,0.0,0.0,84.38,84.24,0.14000000000000057,403.3,401.70000000000005,1.599999999999966,33.269999999999996,33.260000000000005,0.009999999999990905,50.02,49.9,0.12000000000000455,1.0,1.0,0.0,470,117.5,118.0,0,normal
61,0.008192666666666544,0.006959838328262605,0.00015999999999394277,122.0,5,0,192,0.4098360655737705,29.729508196721312,55.14054871755343,2.255139728097793,0.0,0.0,0.0,84.47,84.35000000000001,0.11999999999999034,403.3,401.3,2.0,33.260000000000005,33.25,0.010000000000005116,50.04,50.02,0.01999999999999602,1.0,1.0,0.0,471,117.75,118.25,0,normal
63,0.00804225806451617,0.005098410384574076,0.0,126.0,5,0,192,0.3968253968253968,28.942460317460316,53.47116363030249,2.3169016434263043,0.0,0.0,0.0,84.59,84.42,0.1700000000000017,402.8,401.20000000000005,1.599999999999966,33.260000000000005,33.25,0.010000000000005116,50.04,50.03,0.00999999999999801,1.0,1.0,0.0,472,118.0,118.5,0,normal
64,0.007861587301587206,0.003248093558719264,0.0,128.0,5,0,192,0.390625,27.02734375,50.03525353257777,2.2778386534984563,0.0,0.0,0.0,84.68,84.53,0.15000000000000568,402.6,401.20000000000005,1.3999999999999773,33.25,33.239999999999995,0.010000000000005116,50.06,49.97,0.09000000000000341,1.0,1.0,0.0,473,118.25,118.75,0,normal
63,0.007943064516128988,0.003829958556462431,0.0008699999999919328,126.0,5,0,192,0.3968253968253968,27.36904761904762,50.365043565737984,2.2757130142427564,0.0,0.0,0.0,84.77,84.62,0.14999999999999147,402.3,401.70000000000005,0.5999999999999659,33.25,33.239999999999995,0.010000000000005116,50.06,49.97,0.09000000000000341,1.0,1.0,0.0,474,118.5,119.0,0,normal
62,0.008105245901639429,0.005158054534305999,0.000999999999990564,124.0,5,0,192,0.4032258064516129,27.737903225806452,50.692819515610374,2.241953895090188,0.0,0.0,0.0,84.86,84.71000000000001,0.14999999999999147,402.3,401.70000000000005,0.5999999999999659,33.239999999999995,33.239999999999995,0.0,50.050000000000004,49.99,0.060000000000002274,1.0,1.0,0.0,475,118.75,119.25,0,normal
62,0.008024098360655691,0.005532339610336205,0.000999999999990564,124.0,5,0,192,0.4032258064516129,27.941532258064516,50.88842365576197,2.251741703502029,0.0,0.0,0.0,84.95,84.82000000000001,0.12999999999999545,402.70000000000005,401.90000000000003,0.8000000000000114,33.239999999999995,33.230000000000004,0.009999999999990905,49.99,49.870000000000005,0.11999999999999744,1.0,1.0,0.0,476,119.0,119.5,0,normal
63,0.008001290322580746,0.005777668489430923,2.9999999995311555e-05,126.0,5,0,192,0.3968253968253968,28.071428571428573,51.24105474724322,2.256844413043695,0.0,0.0,0.0,85.02,84.9,0.11999999999999034,402.70000000000005,401.6,1.1000000000000227,33.230000000000004,33.230000000000004,0.0,50.160000000000004,49.870000000000005,0.28999999999999915,1.0,1.0,0.0,477,119.25,119.75,0,normal
57,0.007794285714285516,0.0062109114402279925,2.9999999995311555e-05,114.0,5,0,192,0.40350877192982454,28.30921052631579,51.640487170109125,2.2474149612641234,0.0,0.0,0.0,85.10000000000001,84.99,0.11000000000001364,402.6,401.6,1.0,33.230000000000004,33.22,0.010000000000005116,50.160000000000004,49.95,0.21000000000000085,1.0,1.0,0.0,478,119.5,120.0,0,normal
25,0.008092916666666264,0.006171775459814968,0.0005000000000023874,50.0,5,0,192,0.4,28.44,51.786546515480254,2.221365502757387,0.0,0.0,0.0,85.10000000000001,85.06,0.04000000000000625,402.6,402.0,0.6000000000000227,33.230000000000004,33.22,0.010000000000005116,49.95,49.95,0.0,1.0,1.0,0.0,479,119.75,120.25,0,normal
