timestamp,speed_kmh,acceleration_ms2,steering_deg,brake_percent,battery_soc,battery_temp_c,pack_voltage_v,pack_current_a,charging_state,grid_frequency_hz
0.0,0.5400000000000001,3.0,-2.079968212480991,0.0,84.99972037105783,25.000419443413254,401.0970232282964,3.4953617771138825,0.0,49.97220953295564
0.05,1.0800000000000003,3.0,2.181109433182424,0.0,84.99927591006404,25.001085715460533,399.85721095267144,5.555762422437329,0.0,50.016122004336005
0.1,1.5673220499063467,2.7073447217019244,-2.0045190009251237,0.0,84.99927591006404,25.001084629745073,400.73396850233905,0.0,0.0,50.01573033502664
0.15000000000000002,2.107322049906347,3.0,0.26697491250450456,0.0,84.99910085779302,25.001346123521856,400.2524455212026,2.1881533877264143,0.0,49.984690093979154
0.2,2.6468684186537312,2.9974798263743567,-0.5073674456095696,0.0,84.99900832242693,25.001483580447474,399.73116437899296,1.1566920761574204,0.0,49.96294544276619
0.25,3.1868684186537313,3.0,3.053085120560319,0.0,84.99852264940169,25.002210606404887,400.401379861935,6.070912815512619,0.0,49.985973117004725
0.30000000000000004,3.7268684186537313,3.0,4.050165523269856,0.0,84.99811297969123,25.00282290036417,399.70317317647095,5.1208713807369755,0.0,50.00656547924162
0.35000000000000003,4.266868418653732,3.0,0.3745617938970709,0.0,84.99789024724248,25.003154176136917,399.4689834671838,2.7841556092694315,0.0,50.021041497720475
0.4,4.806868418653732,3.0,0.47200789755569184,0.0,84.99748497519627,25.003758930030084,400.8486941544655,5.0659005775290415,0.0,50.00092619929588
0.45,5.346868418653732,3.0,2.585591779414857,0.0,84.99723938293933,25.004123559485475,400.5149574737327,3.0699032118510416,0.0,50.01261600328292
0.5,5.8818771348380094,2.972270645468211,1.6181808731180354,0.0,84.99655026920274,25.005153106530866,400.31930987172,8.613921707318344,0.0,49.98694407412309
0.55,6.4218771348380095,3.0,2.964385382075436,0.0,84.9960188957476,25.005945013607047,399.7013275917741,6.642168189273209,0.0,49.97418506926169
0.6000000000000001,6.950312283639605,2.935750826675534,2.8612722954305596,0.0,84.99547400505881,25.00675640462661,400.44978085393205,6.811133609756088,0.0,50.004746762075875
0.65,7.490312283639605,3.0,4.587096407110483,0.0,84.99514165745268,25.007248169631186,399.08865541745854,4.154345076695854,0.0,50.03329552117496
0.7000000000000001,8.030312283639606,3.0,5.006976734477472,0.0,84.99446068169031,25.00826238510509,399.40335066037534,8.51219702946543,0.0,49.99452016470206
0.75,8.570312283639607,3.0,3.619973067150862,0.0,84.99406533322653,25.00884714541566,400.55281472256553,4.941855797278824,0.0,49.99213894124828
0.8,9.096481729954675,2.9231635906392692,3.0909529527460107,0.0,84.9929412147085,25.010524476047287,399.57547257148315,14.051481475353192,0.0,50.02859063949137
0.8500000000000001,9.636481729954676,3.0,7.260250967554,0.0,84.99203641587735,25.011871149817953,400.0639004405657,11.309985389267183,0.0,50.014381860921766
0.9,10.173405148597995,2.982907881351769,3.6038005452012927,0.0,84.99099665307095,25.01341892287774,399.7571617813373,12.99703508003497,0.0,49.99534298567769
0.9500000000000001,10.691144155774332,2.876327817646314,6.864992616844142,0.0,84.98960147363134,25.015498273114275,398.9874198789721,17.439742995096754,0.0,50.00008615284686
1.0,11.231144155774333,3.0,6.927583671240147,0.0,84.98861517590765,25.01696222142668,399.80556280479044,12.328721546000962,0.0,49.99141054708211
1.05,11.753175393677537,2.900173543906696,6.580729442026992,0.0,84.98751123394736,25.018601172145686,399.47275304667795,13.79927450360357,0.0,49.96836094965124
1.1,12.293175393677538,3.0,6.82646916944802,0.0,84.98643328855171,25.020199489067014,399.01718250408067,13.474317445605346,0.0,49.96531228475102
1.1500000000000001,12.83317539367754,3.0,7.106412702032161,0.0,84.9852775361078,25.021912918243817,399.7801684470557,14.446905548902961,0.0,50.01053396084209
1.2000000000000002,13.37317539367754,3.0,7.061845772100026,0.0,84.98397126229116,25.02385041605052,398.50959308910626,16.328422707893893,0.0,49.97277966144185
1.25,13.913175393677541,3.0,8.453959530740125,0.0,84.98228021429938,25.026363137622145,398.7982044446786,21.138099897275822,0.0,50.01221682062273
1.3,14.413832186541438,2.78142662702165,6.813859634941449,0.0,84.98118386901226,25.027981292415205,399.599416641686,13.704316089032158,0.0,49.98733491595453
1.35,14.941132124875532,2.9294441018560806,6.434284178310012,0.0,84.97974175007423,25.030116489529842,399.48951365845164,18.026486725441544,0.0,49.99103420452712
1.4000000000000001,15.473703284092412,2.9587286623159974,10.957675591282044,0.0,84.97863984234559,25.031739234633264,399.6909879915269,13.773846607933942,0.0,49.97574562401915
1.4500000000000002,15.990325843968694,2.8701253326460137,10.156915761061065,0.0,84.97713809338413,25.033960118840817,400.7102566792743,18.771862018203272,0.0,50.02700340102524
1.5,16.484888360135066,2.747569534257629,7.7998670409539805,0.0,84.97552326215975,25.036348405558524,399.30881618759884,20.185390304580217,0.0,49.96122494745993
1.55,17.024888360135066,3.0,9.887972070778133,0.0,84.97435093316327,25.03807055064771,400.16989992276933,14.654112456197176,0.0,49.984204878397506
1.6,17.564888360135065,3.0,10.544626090835733,0.0,84.9729818259353,25.040086140938993,399.3668300535705,17.113840349405585,0.0,49.97875907482307
1.6500000000000001,18.095472783184356,2.9476912391627343,8.272049194272373,0.0,84.97169289656307,25.04197944885641,399.4563605043711,16.11161715295298,0.0,49.98216941090656
1.7000000000000002,18.635472783184355,3.0,9.0492867105138,0.0,84.9702401371537,25.044116608521627,399.0253247368892,18.159492617271205,0.0,50.01044720427669
1.75,19.14102925245423,2.8086470514993116,7.396690880558404,0.0,84.96862100725983,25.04650118675391,399.2599241592307,20.23912367338574,0.0,50.011938917946175
1.8,19.656204040732188,2.862082157099758,10.885091567679625,0.0,84.96693517891224,25.04898342808854,399.18323529462737,21.072854344852008,0.0,50.0094090071114
1.85,20.196204040732187,3.0,11.495289382557711,0.0,84.96500764357621,25.051825747664477,399.1519498801962,24.09419170022372,0.0,50.00161215551241
1.9000000000000001,20.7246682192811,2.9359121030495197,10.650901058811698,0.0,84.96338186476217,25.05421259013789,398.91568513927353,20.322235175638713,0.0,50.01538295003934
1.9500000000000002,21.2646682192811,3.0,9.930498208565677,0.0,84.96141442019797,25.05710954439405,399.43681283554895,24.593057052472563,0.0,50.00561708697451
2.0,21.804668219281098,3.0,9.436489481359539,0.0,84.95949542294258,25.05993093073273,399.5765565855526,23.98746569228356,0.0,50.018702175220454
2.0500000000000003,22.334865765423842,2.9455419230152393,10.20371165790678,0.0,84.95732242746686,25.063130493015578,399.0761450944855,27.16244344650427,0.0,50.027739854598174
2.1,22.842578094992938,2.820624053161644,12.143591761134052,0.0,84.95526887131993,25.066147696742952,399.4902925246438,25.669451836595485,0.0,50.0056417578167
2.15,23.369904231807464,2.9295896489695914,11.39262668088453,0.0,84.95316472308986,25.06923777139133,398.78578118515213,26.301852875991933,0.0,50.014027016766896
2.2,23.909904231807463,3.0,12.454145535544427,0.0,84.9503897358148,25.073331014532528,398.69764652616203,34.687340938262324,0.0,50.0014198943085
2.25,24.449904231807462,3.0,11.552932675393404,0.0,84.94835745845795,25.076306099553253,398.9379148523289,25.403466960497624,0.0,50.03088898956237
2.3000000000000003,24.97847517738227,2.936505253193377,11.774587878732692,0.0,84.94633335492418,25.07926594875435,398.9479516853027,25.301294172079455,0.0,49.968250143525374
2.35,25.472917147665402,2.7468998349062956,9.219146561230541,0.0,84.94428630148765,25.082257262960393,398.32140730905985,25.58816795663229,0.0,50.01263609398424
2.4000000000000004,25.977204258131835,2.8015950581468396,10.29337986931201,0.0,84.94134136878182,25.086592404756175,398.63282165772193,36.811658822843626,0.0,49.9666648413402
2.45,26.517204258131834,3.0,10.646502446659435,0.0,84.93880511348978,25.090310195289494,398.6159159150641,31.70319115062089,0.0,50.02598693861107
2.5,27.04699386917277,2.9432756168940917,15.220521367690578,0.0,84.93650618849769,25.093668272582327,398.7581727774751,28.73656240103788,0.0,49.996440848885086
2.5500000000000003,27.57737474195411,2.946560404340786,14.256651466174619,0.0,84.93391130178514,25.097466934378563,398.8417261297824,32.43608390682086,0.0,49.99006550594412
2.6,28.09216706459384,2.8599573479985185,12.525188292914816,0.0,84.9315009567517,25.10098498499434,398.39308449004994,30.129312917962896,0.0,50.00794063204588
2.6500000000000004,28.605686965529912,2.852888338533721,12.407266083373669,0.0,84.92942677352474,25.103995274849787,398.94120865938527,25.92729033701361,0.0,50.01518770417662
2.7,29.14568696552991,3.0,9.774726256889515,0.0,84.92680379432736,25.10782574837102,399.2386489869708,32.787239967346494,0.0,49.99869908654562
2.75,29.68568696552991,3.0,13.843581605586087,0.0,84.92392555763443,25.11203527766203,399.3034474769802,35.97795866150489,0.0,50.008922820084955
2.8000000000000003,30.19447373403633,2.8265931583689854,10.609390923870667,0.0,84.92106093019615,25.116220183541795,399.2214668949081,35.80784297854286,0.0,49.99121072973306
2.85,30.716670967138278,2.9010957394552643,12.570517023610645,0.0,84.91869575722534,25.11965172281448,399.25598145031637,29.56466213523349,0.0,50.01092178461663
2.9000000000000004,31.238503186140612,2.899067883346292,13.79575092262339,0.0,84.91570067491868,25.124024694551657,398.325376507305,37.438528833256996,0.0,49.98187137881445
2.95,31.77850318614061,3.0,13.390378931174256,0.0,84.91280967982598,25.12823716249616,398.7992994364756,36.1374386587646,0.0,49.962284767788574
3.0,32.256862225164554,2.65755021679969,14.339137559421028,0.0,84.90989717842199,25.132477677439667,397.8997776987465,36.406267550036304,0.0,49.98109486896253
3.0500000000000003,32.76449037560531,2.8201563913375374,16.80486549526689,0.0,84.90670588198464,25.137132144418256,399.6265915221612,39.891205466898626,0.0,49.97568687263056
3.1,33.28415796586456,2.8870421681069214,14.900502110042103,0.0,84.9038725721316,25.14124497705339,398.8783745775389,35.41637316292628,0.0,50.03562453855163
3.1500000000000004,33.81610972223471,2.9552875353897066,11.903829015212034,0.0,84.90103195107838,25.145364663656164,398.6154127623042,35.50776316522101,0.0,50.030974511169255
3.2,34.28649144335035,2.613231783975803,12.517086021527325,0.0,84.89812183247373,25.14958447689947,399.1868655958743,36.37648255800967,0.0,49.970457140697754
3.25,34.75938815567499,2.6272039573591175,11.700000486145276,0.0,84.8951214818687,25.15393541833013,397.9595734870079,37.50438256299254,0.0,49.97889132438089
3.3000000000000003,35.25570273783791,2.7573032342384116,14.086281107576431,0.0,84.8918351995539,25.158710906383995,398.6497178984931,41.078528934967,0.0,49.99361788518894
3.35,35.6906896432458,2.416593918932706,12.571109963014708,0.0,84.88889196411986,25.162967048628655,398.70126698618,36.79044292535734,0.0,50.00602226334201
3.4000000000000004,36.16993831033774,2.6624925949552396,16.344222172318506,0.0,84.88549119462816,25.167905235817585,397.31566798073226,42.509618646317186,0.0,49.98336477651474
3.45,36.69032059962038,2.8910127182368814,20.555527887600057,0.0,84.88224260847757,25.172610209807655,398.6393582426297,40.6073268824018,0.0,50.00806752485053
3.5,37.163296768922244,2.6276453850103807,12.802669709763176,0.0,84.87892661034162,25.17741159680177,398.509059475157,41.449976699388365,0.0,49.98946293608026
3.5500000000000003,37.5632618484222,2.2220282194441916,15.365199367463466,0.0,84.87569874528742,25.18207598278627,399.27079502775996,40.34831317750528,0.0,49.98535984134188
3.6,37.99524308221302,2.3998957432823413,14.041160702515926,0.0,84.87238923513128,25.18685817203769,398.75510596805674,41.36887695173863,0.0,50.03120701859749
3.6500000000000004,38.42875928089849,2.408423326030378,14.626443678341902,0.0,84.86909879267618,25.191606977548307,399.15013622523236,41.13053068877378,0.0,50.0246395880653
3.7,38.90368191360167,2.638459070573222,15.25230980295529,0.0,84.86571002153234,25.196498527286522,398.52570305507794,42.359639298029876,0.0,49.99341892655904
3.75,39.341265635779216,2.4310206787641135,12.891117293409193,0.0,84.86232905834143,25.201373473545605,399.06096755975756,42.262039886405766,0.0,50.00462019954511
3.8000000000000003,39.73397780555018,2.1817342765053858,14.008036341487085,0.0,84.85879586575324,25.20647188895434,398.00999079611086,44.16490735233012,0.0,49.980650198452494
3.85,40.16691987642814,2.405233727099743,18.528747286241952,0.0,84.8547668330261,25.212308966156087,398.28495072980473,50.36290908917421,0.0,49.98450456008843
3.9000000000000004,40.60093500962005,2.411195184399526,16.96460482549561,0.0,84.85087078741302,25.217940725609555,398.5675731078498,48.70057016353982,0.0,50.01156309833729
3.95,41.014045613372915,2.295058909738125,12.629477164647053,0.0,84.84731518971991,25.2230561814236,398.40315589644257,44.44497116378202,0.0,49.996608272550056
4.0,41.41086105027228,2.2045302049964985,13.543151916551071,0.0,84.84402359653888,25.227770515013717,398.6238013825331,41.14491476283942,0.0,50.005920661540856
4.05,41.88763198359558,2.648727407351661,13.339072793609086,0.0,84.8399143175642,25.233706662960735,398.3832793743842,51.36598718358892,0.0,49.95331645915579
4.1000000000000005,42.3252825042441,2.4313917813806727,13.158241363613554,0.0,84.83623341184894,25.238994314870652,399.88101312163786,46.011321440663124,0.0,50.0173273246997
4.15,42.76150743305351,2.4234718267189317,15.710261780959776,0.0,84.83268639329506,25.244075848386597,398.8600144749935,44.33773192347651,0.0,49.98515973150221
4.2,43.16442464291926,2.2384289436986107,14.829122980700271,0.0,84.8292344199435,25.249009732565558,398.42794941975166,43.14966689455236,0.0,50.00183052878478
4.25,43.55026555335639,2.143560613539629,15.76711655975119,0.0,84.82587308902816,25.253802719205993,398.0634752974996,42.01663644168337,0.0,50.000206711263644
4.3,43.938028609406985,2.1542392002810637,12.382134962536025,0.0,84.82212647308708,25.259168840398416,398.68097190644744,46.832699263572025,0.0,49.97570663345383
4.3500000000000005,44.30008203741569,2.011407933381708,15.130963517977541,0.0,84.81807882860916,25.26498113827491,397.77087054316013,50.59555597408331,0.0,50.03285468603875
4.4,44.736016763002034,2.421859586590781,15.052297984211153,0.0,84.81457620913065,25.2699700863544,398.0341326943166,43.78274348139852,0.0,50.00834741606064
4.45,45.12218937733005,2.1454034129334163,15.244601381325756,0.0,84.81022860157978,25.276221527594362,398.39950135786574,54.34509438594766,0.0,50.011257158403644
4.5,45.543351719960164,2.3397907923895214,15.04647946590064,0.0,84.80623934944788,25.281929184264616,397.871723855128,49.8656516487256,0.0,49.99019723303521
4.55,45.91436651924801,2.0611933293769313,16.74921435332662,0.0,84.80251270071024,25.28723722818681,397.85023679112714,46.583109220483685,0.0,50.0080349783864
4.6000000000000005,46.30471364441325,2.1685951398068415,17.531256926278708,0.0,84.79873060098205,25.2926231405509,398.62681017218586,47.2762466023131,0.0,49.97396354495558
4.65,46.68491855141852,2.1122494833626235,11.928131182742712,0.0,84.79457453868397,25.298564610857465,398.0726912501561,51.95077872596427,0.0,50.028132310673016
4.7,47.01981398607612,1.8605301925422242,17.59049877853643,0.0,84.79038261242525,25.30455393563469,398.9201592042514,52.39907823400795,0.0,49.984887065671494
4.75,47.43517463466259,2.307559158813689,13.835462888746017,0.0,84.78621856024306,25.310495459972344,397.82245740408956,52.050652277394704,0.0,49.99172789514511
4.800000000000001,47.78991200527995,1.9707631700964727,17.017570689764277,0.0,84.78209984795605,25.316363032942878,397.96779595965074,51.48390358754106,0.0,49.97568994282309
4.8500000000000005,48.12191256381726,1.8444475474294795,12.199771172421354,0.0,84.7782284247644,25.321853804697422,397.2593795079598,48.392789895717165,0.0,49.97887307072993
4.9,48.49818517419951,2.0904033910124937,13.088962566103344,0.0,84.77383423502646,25.32812323549964,397.4204582623185,54.92737172429625,0.0,49.97263754307493
4.95,48.853563217230274,1.9743224612820138,13.434683532178122,0.0,84.76912973258786,25.334851865922044,397.77686397289324,58.80628048254436,0.0,50.006420920183295
5.0,49.21499566109277,2.0079580214583266,16.45442512501266,0.0,84.76466926435235,25.34120771640938,398.5235426971236,55.7558529438217,0.0,49.96955371538784
5.050000000000001,49.56650649262929,1.9528379529806235,14.799775459393125,0.0,84.76038764935743,25.347288931185364,397.45427913220493,53.52018743661481,0.0,50.0489263571782
5.1000000000000005,49.857053287467785,1.6141488602138823,13.281492960440458,0.0,84.75640792725814,25.352911225403112,397.859831843575,49.74652624112109,0.0,49.97918798290317
5.15,50.17757259058267,1.78066279508268,10.802984141392356,0.0,84.75237658817088,25.358605322808604,399.0389989787904,50.39173859078115,0.0,50.04844895802167
5.2,50.49426432336035,1.759398515431554,12.428747811211123,0.0,84.74807251983121,25.364702819995284,397.5929683426973,53.800854245737526,0.0,49.95526149002548
5.25,50.85654531309372,2.0126721651853847,10.295355064253977,0.0,84.74368115820876,25.370925159608962,398.05964075526003,54.892020280629936,0.0,49.986974077472794
5.300000000000001,51.19166345557593,1.8617674582344768,11.825768356625986,0.0,84.73914875759544,25.37735283536933,398.3585412018404,56.655007666464854,0.0,50.00646166515876
5.3500000000000005,51.514091310927974,1.7912658630669096,14.640472125158894,0.0,84.73471714457501,25.383622902064612,397.65001559149687,55.395162755422,0.0,50.01331666195613
5.4,51.85699360592873,1.9050127500041902,15.145548126565734,0.0,84.73017665433224,25.390050014526718,398.6010003307386,56.75612803474913,0.0,50.01580151098945
5.45,52.17810901013562,1.7839744678160785,10.909673990979204,0.0,84.72595229269042,25.395996506974914,397.56573946881394,52.80452052269449,0.0,49.98488918562519
5.5,52.49446184098863,1.757515726961144,12.612439639836296,0.0,84.72161253097732,25.402110153037583,398.6138824558471,54.24702141370931,0.0,50.007026193519756
5.550000000000001,52.81877916509798,1.8017629117186256,9.779705939074566,0.0,84.71672708364187,25.409036213887727,398.21573718288784,61.068091693181835,0.0,50.00417299163747
5.6000000000000005,53.13785337671605,1.7726345089892823,12.221195536544109,0.0,84.71178958632413,25.416033423650457,398.23104370140186,61.718716471815696,0.0,50.001362019268754
5.65,53.519584495339025,2.120728436794286,15.329979152865226,0.0,84.70675131395265,25.423174798784036,398.0129566243774,62.97840464356911,0.0,49.99391318790164
5.7,53.80687066441588,1.5960342726492258,10.808443899615476,0.0,84.70224429035162,25.429512159386796,398.51892771814596,56.33779501287192,0.0,50.02474101083685
5.75,54.07509589438654,1.4901401665036555,10.004164154723828,0.0,84.6975248604372,25.436161792099032,398.73593833216773,58.992873930184984,0.0,49.96059969936057
5.800000000000001,54.388941366434004,1.743585955819224,13.395178902230239,0.0,84.69277913687759,25.442844215646346,398.0509410337919,59.321544495113436,0.0,49.985460112551856
5.8500000000000005,54.67175563051702,1.5711903560167586,9.468679015901301,0.0,84.68742323161081,25.45043522933088,397.7932839001024,66.9488158348236,0.0,49.99184538456791
5.9,54.913733026039424,1.344318864013351,10.240829645462828,0.0,84.6826120490638,25.457201567922052,397.04238131684247,60.139781837531125,0.0,49.984802641493104
5.95,55.18282423968486,1.4949511869190943,9.292245898621898,0.0,84.67754757435017,25.46434107842459,397.6274921945129,63.305933920491526,0.0,49.983422496744
6.0,55.454503580517176,1.5093296712906188,9.94342259976215,0.0,84.67238101913411,25.47162657017025,398.5707432159659,64.58194020073385,0.0,50.010339809443224
6.050000000000001,55.699954381725895,1.3636155622706465,6.97462752840603,0.0,84.66761650128588,25.47830172037243,397.9412189782778,59.55647310289669,0.0,49.9839170007685
6.1000000000000005,56.04814446431513,1.93438934771795,7.106679812467499,0.0,84.66295103419381,25.484821619290148,397.5779000224409,58.31833865075874,0.0,49.987638911864295
6.15,56.30609795351802,1.4330749400160478,13.124286506581011,0.0,84.65827258366065,25.49135447347061,397.3125944858271,58.48063166460609,0.0,50.004388053395076
6.2,56.66977988550585,2.02045517771016,6.872480609434993,0.0,84.65325767498125,25.498385482016236,398.8097586749538,62.686358492452335,0.0,49.986633232632904
6.25,56.941809144703015,1.5112736622065033,9.660193263440366,0.0,84.64820420253957,25.505467305196728,398.0997877332229,63.168405520888726,0.0,49.99492324877749
6.300000000000001,57.268007698799636,1.8122141894256882,6.761245586004754,0.0,84.64301461180463,25.512746223993947,398.2760797606279,64.86988418681112,0.0,50.00654822190395
6.3500000000000005,57.53797312767,1.499807938168702,10.04401860885403,0.0,84.63804139268517,25.519693306449142,397.7957514372074,62.16523899324567,0.0,49.97264492202406
6.4,57.82387005353157,1.588316254786493,7.488019403946701,0.0,84.63317522432236,25.526472865686916,397.7058464153551,60.82710453519707,0.0,49.97752056475141
6.45,58.091842003007855,1.4887330526460152,5.2382319965943545,0.0,84.62798660639508,25.53372931971213,398.4856654242257,64.85772409085284,0.0,49.981838751353415
6.5,58.35458473389347,1.4596818382534076,7.1997455973040525,0.0,84.62281255428628,25.54095666855561,397.375604842146,64.67565135992987,0.0,49.993901556581214
6.550000000000001,58.62766205830834,1.517096246749265,6.363270198539547,0.0,84.61784831295519,25.547862073883703,398.277036123159,62.053016638741425,0.0,49.986424236523156
6.6000000000000005,58.904744639892286,1.539347675466354,9.23777086046938,0.0,84.6124513492999,25.55540965729274,397.6795992859868,67.46204569100212,0.0,49.9870079258081
6.65,59.1707985299803,1.4780771671556558,7.651381790753584,0.0,84.60757469769149,25.562169225048063,398.13669908155265,60.95814510513046,0.0,50.017904368044526
6.7,59.43169653759508,1.4494333756376652,6.680788454310895,0.0,84.60230882714288,25.569505861645926,398.97329849647815,65.82338185760524,0.0,50.02859574904941
6.75,59.66932920185107,1.320181468088819,7.043686726854062,0.0,84.59716156750125,25.576657245246725,397.7417985831946,64.34074552037355,0.0,50.009393934389706
6.800000000000001,59.92167850087725,1.4019405501454232,10.324549162941448,0.0,84.59211954523572,25.583643621399766,398.52554720157997,63.025278319057435,0.0,50.00723201043687
6.8500000000000005,60.216863976736185,1.639919310327424,6.634964788589785,0.0,84.58678901949915,25.59105576638322,398.1699454412071,66.63157170713079,0.0,50.03445659766738
6.9,60.4463096562838,1.2746982197089756,3.361162647408994,0.0,84.5814589381197,25.59845983268601,397.7695931565963,66.62601724312292,0.0,50.03017439246645
6.95,60.726453729110645,1.55635596014914,5.831963629811418,0.0,84.57591316131857,25.606180038055026,397.57879067548595,69.32221001418817,0.0,50.00010372897318
7.0,60.98487951744022,1.4356988240532094,1.5356502783901846,0.0,84.57053009294097,25.613648460583374,397.98473213055604,67.28835472001664,0.0,49.972868002981215
7.050000000000001,61.25305644078533,1.489871796361716,5.650010139684533,0.0,84.56554064680827,25.620518981321833,397.51708060060105,62.36807665870427,0.0,49.98070523113977
7.1000000000000005,61.46379730433907,1.170782575298562,3.512570654702588,0.0,84.56031708230749,25.627733809091676,398.18396122896525,65.29455625970336,0.0,49.9966214168735
7.15,61.70974349311764,1.3663677154365248,4.273222483961289,0.0,84.55487034504664,25.63527618117386,397.16464042514343,68.08421576062798,0.0,49.99076715594158
7.2,61.93846717966289,1.2706871474735848,3.672313708784741,0.0,84.5493097873296,25.642981741568246,398.02818412100567,69.50697146299079,0.0,49.985508523436245
7.25,62.16621758583433,1.2652800342858228,3.8938649624146735,0.0,84.54383144431812,25.650556274343916,398.8624698665763,68.47928764364495,0.0,49.999648041414886
7.300000000000001,62.43845191083264,1.512412916657257,-1.836562698485841,0.0,84.53853444464299,25.65785121758226,397.7481723797337,66.21249593904587,0.0,50.00184354215054
7.3500000000000005,62.66211088649339,1.2425498647819153,3.356474613571452,0.0,84.53308779035179,25.66536334780148,397.75896971221596,68.08317864003048,0.0,49.97113106406126
7.4,62.8981437262365,1.3112935541283957,1.965114855770914,0.0,84.52781523408976,25.672606818846717,397.76909140006325,65.90695327531333,0.0,49.99669464059955
7.45,63.07662894457345,0.9915845463163877,3.0693456919400557,0.0,84.52243191448308,25.680009191437897,397.7104085557366,67.2914950835472,0.0,50.00122029710828
7.5,63.34757773985472,1.5052710848959552,-0.9509226889342672,0.0,84.51667554220127,25.687963740669165,397.59951277388586,71.95465352253969,0.0,50.00798206410597
7.550000000000001,63.59277289656588,1.3621953150619923,1.1623483792136584,0.0,84.51124115864516,25.695427352262655,398.06341855522163,67.92979445131716,0.0,50.007514605952245
7.6000000000000005,63.81078218315941,1.2111627032973789,-0.5845272266588701,0.0,84.50544991912338,25.703418784193076,397.99077941441874,72.39049402237005,0.0,50.01177471245762
7.65,64.01945482685737,1.159292464988648,3.8226214658019537,0.0,84.49987183700411,25.71108248858779,397.8412239495138,69.7260264909019,0.0,50.02127017856903
7.7,64.25101142494933,1.2864255449552875,4.387928972268585,0.0,84.49440637140108,25.718569604503745,397.4490505065811,68.31832003782993,0.0,50.00362862795901
7.75,64.49654244312718,1.3640612120991877,1.5018832943585099,0.0,84.48866325681165,25.726465706783397,397.2395672402742,71.78893236796671,0.0,49.99850474873173
7.800000000000001,64.75515979334557,1.4367630567688097,1.2018509533680368,0.0,84.48301974003554,25.73420451624077,396.5832552057606,70.54395970128536,0.0,49.995608120214825
7.8500000000000005,64.98671903597898,1.2864402368522805,-0.5692521133221143,0.0,84.47737115839978,25.741943184178176,397.60815799012266,70.60727044705659,0.0,50.028318285491544
7.9,65.19563530168337,1.1606459205799318,-1.670942250596361,0.0,84.47195833190253,25.74932048073988,397.3697539486859,67.66033121568955,0.0,49.947756084033614
7.95,65.42759335020227,1.2886558251050595,-2.9325758138082616,0.0,84.46634883748426,25.75698540188653,397.50501533938103,70.11868022826131,0.0,49.98980045647331
8.0,65.65186846929574,1.2459728838525357,-1.2569142664240203,0.0,84.46033845643173,25.765243988063453,397.97219018579585,75.1297631567435,0.0,50.001557134485346
8.05,65.88462532459569,1.293093640555311,0.3268324753995402,0.0,84.45466249884868,25.772992680449967,398.1881780507173,70.94946978815695,0.0,49.999604842803286
8.1,66.1328211429308,1.3788656574172358,-0.012179523899340516,0.0,84.44907226180801,25.780605043330517,396.8506880711721,69.87796300832518,0.0,49.991173710122084
8.15,66.28718066574179,0.8575529045054742,-1.9058691841736688,0.0,84.44309101903164,25.788796302451747,398.6900813361252,74.76553470467289,0.0,50.00123220692379
8.200000000000001,66.45095184555005,0.9098398878236884,-3.1060476938009587,0.0,84.43746024606878,25.79645366559358,397.0989542353221,70.38466203570945,0.0,50.011039097926115
8.25,66.68569644663857,1.3041366727140056,-1.091117790353338,0.0,84.43204875548227,25.80377444780775,398.05378119164726,67.64363233135812,0.0,50.01635423212526
8.3,66.8586540570472,0.9608756133812594,-4.689371105493707,0.0,84.4260939161835,25.811902932308094,397.4508428361421,74.43549123459397,0.0,50.01129881307094
8.35,67.04981128704144,1.061984611079079,-5.389742892782303,0.0,84.42018603248681,25.819952854920817,397.18980320364363,73.84854620858646,0.0,50.0370082464475
8.4,67.22024219796836,0.9468383940384411,-2.6261072627082065,0.0,84.4143886643456,25.82782895427772,398.0103677601732,72.46710176519635,0.0,49.95162771434609
8.450000000000001,67.43845344316152,1.2122846955175866,-2.3248068660045753,0.0,84.40818144665745,25.83631195185566,398.1923129417354,77.59022110180068,0.0,50.000596675742536
8.5,67.56164254544092,0.684383901552209,-3.2243830723419484,0.0,84.4021356978864,25.8445442630604,397.80117165216717,75.57185963828928,0.0,49.98714432860719
8.55,67.74753266900923,1.0327229087128407,-3.2945894841014742,0.0,84.39607647942455,25.852788546490103,397.1116050282687,75.74023077304686,0.0,49.987824861527095
8.6,67.97344253639272,1.2550548187972197,-8.536451239843,0.0,84.38985833684825,25.86126297180807,397.9390576485128,77.72678220381643,0.0,49.985872489957686
8.65,68.13772176108503,0.912662359401698,-3.514002740957843,0.0,84.3840723445166,25.869080697333743,397.30121200056095,72.32490414568362,0.0,50.01465279132931
8.700000000000001,68.27377921645001,0.7558747520276571,-2.027879727203993,0.0,84.37833838518254,25.87681255563748,397.8226064244183,71.67449167556099,0.0,50.014936936212685
8.75,68.46126083204487,1.0415645310825983,-3.5685804436574893,0.0,84.37236920376782,25.88488951520394,398.05459620291583,74.61476768416976,0.0,49.9939137966102
8.8,68.62169400569537,0.8912954091694874,-3.914086998234736,0.0,84.36641613088656,25.892934235010628,397.06678934501883,74.41341101574757,0.0,50.020343546952404
8.85,68.82494749165582,1.129186033113587,-5.353507728851618,0.0,84.36057791288832,25.900798627772986,397.77565650084836,72.97772497806194,0.0,49.99857367865748
8.9,69.00385178833378,0.9939127593220135,-5.5538990536028,0.0,84.35479274379199,25.908575582789712,397.3168600639346,72.31461370415508,0.0,50.027657444780814
8.950000000000001,69.15150680009081,0.820305620872404,-6.662526902734444,0.0,84.34869358913674,25.916815739189783,396.9906323261341,76.23943319050277,0.0,50.006106565746975
9.0,69.31702513051378,0.9195462801276055,-5.871018920715796,0.0,84.34266341680541,25.9249441819476,399.24922061026774,75.3771541417158,0.0,50.00570247682685
9.05,69.51216715900574,1.084122380510855,-9.022560886391792,0.0,84.3366724521423,25.933005684760328,398.24729533886097,74.88705828896343,0.0,49.963179276654145
9.1,69.67518241075607,0.9056402875017763,-4.207497596712196,0.0,84.33055323684383,25.941251502023277,398.48258345163583,76.49019123090774,0.0,49.9976760143128
9.15,69.82002888688132,0.8047026451403122,-9.076960628333314,0.0,84.32485997656694,25.948850140936585,397.4572229046967,71.1657534610822,0.0,50.02909036081918
9.200000000000001,69.98911089407883,0.9393444844306131,-6.002769229365217,0.0,84.3186456726606,25.957222746655173,397.02671494997026,77.67879882936103,0.0,49.98629514385642
9.25,70.15151739953227,0.9022583636301572,-5.289620932753422,0.0,84.3126417429532,25.96527141846959,397.7102912333691,75.04912134228897,0.0,50.02676392265877
9.3,70.33528718046577,1.0209432274083658,-6.516725572259183,0.0,84.30623482380184,25.973916525778165,397.59586191288975,80.08648939203195,0.0,49.973367104798854
9.35,70.50923074137732,0.9663531161753256,-3.7946030608133796,0.0,84.30038396991533,25.981718890082156,397.85632285299357,73.13567358140112,0.0,49.973090578041344
9.4,70.66110829910555,0.8437642096012273,-12.703117550064174,0.0,84.29425525902421,25.989930237528746,397.63001639254946,76.60888613894087,0.0,49.977248120092746
9.450000000000001,70.86047319217457,1.1075827392722937,-9.854157219030116,0.0,84.28830079058014,25.99787200995732,397.49998216914645,74.43085555086435,0.0,50.01007300575048
9.5,71.01764170544226,0.8731584070427266,-6.558766994419734,0.0,84.28183198242601,26.00657735017855,397.6441866539777,80.86010192656873,0.0,50.00147313189984
9.55,71.1272219224847,0.6087789835690484,-11.916601774401684,0.0,84.27578743724865,26.014637590594415,396.97430717485713,75.55681471704648,0.0,49.989782458233414
9.600000000000001,71.23584242088012,0.6034472133079373,-11.233253710859481,0.0,84.26945591649643,26.023120234132154,397.5626491440744,79.14400940277933,0.0,49.9580019602855
9.65,71.39859002745466,0.9041533698585431,-8.824421365948032,0.0,84.26339710235581,26.031185335108947,398.10506782979144,75.73517675772601,0.0,50.00158430095608
9.700000000000001,71.55546212004944,0.8715116255265501,-12.922195752938158,0.0,84.25747608155945,26.03903568096838,398.7352498804111,74.01275995449512,0.0,49.9994211653537
9.75,71.64109016817991,0.4757113785026314,-10.207785216978841,0.0,84.2511152460195,26.047537898597337,397.58053968664416,79.510444249387,0.0,49.992648090676795
9.8,71.77558240375807,0.7471790865452539,-9.613422787528858,0.0,84.2450095002428,26.055648979363777,398.54304013188056,76.32182220864621,0.0,50.02006411739235
9.850000000000001,71.94055491003222,0.9165139237452873,-10.467200672742194,0.0,84.2385174367599,26.064331425608753,397.6151709463775,81.15079353617377,0.0,49.97993365219276
9.9,72.10561350914708,0.9169922173047671,-10.492452664359357,0.0,84.23190158833184,26.073190866825247,396.85528445860007,82.69810535085043,0.0,50.005665735963014
9.950000000000001,72.262974734616,0.8742290303828663,-12.563033609903883,0.0,84.22597203161988,26.081012011026374,396.5303450930513,74.11945889959253,0.0,50.00636582405306
10.0,72.399758453831,0.7599095511944816,-10.958485236305009,0.0,84.2198312365793,26.089142191576222,396.47108132177596,76.75993800729292,0.0,50.01081219005894
10.05,72.56231489658279,0.903091348621063,-12.333329455909508,0.0,84.2129732146408,26.098340082292403,397.87286867535283,85.72527423128979,0.0,49.994853642294686
10.100000000000001,72.71532557841832,0.8500593435306774,-12.26671619223055,0.0,84.20660850077908,26.106788813002687,397.8186284337823,79.55892327148587,0.0,50.0224425603967
10.15,72.8497140096947,0.7466023959798647,-10.260498162312814,0.0,84.20031659937575,26.11511987629468,397.42035995646785,78.64876754162647,0.0,50.00601229613529
10.200000000000001,72.93225395358898,0.458555243857142,-14.69221088489813,0.0,84.19380209683794,26.123776510225095,397.2470409735557,81.43128172257444,0.0,49.997598295098626
10.25,73.02784466227573,0.5310594927041278,-16.941388905662762,0.0,84.18708100067086,26.132734377965505,397.83502998445243,84.01370208862724,0.0,50.00954821146872
10.3,73.14428092043106,0.6468681008629372,-10.945269804715084,0.0,84.18026828991351,26.141820709723554,396.99971964494085,85.15888446679025,0.0,50.03245946897259
10.350000000000001,73.27029052235486,0.7000533440210609,-12.213560889369214,0.0,84.17372693578636,26.15049092020456,398.93634410382407,81.76692658943226,0.0,49.97615036146435
10.4,73.43226678006485,0.8998680983888762,-10.113728749498232,0.0,84.16746705530363,26.158730250008443,397.6221934265413,78.24850603404391,0.0,50.00794468105958
10.450000000000001,73.56150965480666,0.7180159707878366,-10.216781725522313,0.0,84.16056238985263,26.167928517934932,396.8200027169365,86.30831813746983,0.0,50.01809837037388
10.5,73.69394348769112,0.7357435160247836,-14.748433033858745,0.0,84.15383517867633,26.17685140618144,397.5768229634593,84.09013970370813,0.0,49.98078007316151
10.55,73.80664918679253,0.626142772785634,-16.179163412554914,0.0,84.14703923475922,26.185868470650917,397.8109888222915,84.94929896381691,0.0,50.01199169039581
10.600000000000001,73.91040973006058,0.5764474626003259,-14.073290504878686,0.0,84.14052303046292,26.19445690862473,397.4206245895443,81.45255370388062,0.0,49.99842528415521
10.65,74.05891283801326,0.8250172664037614,-10.049541482945697,0.0,84.13388908715737,26.203213366674426,397.2753790129695,82.92429131933493,0.0,49.98302950049295
10.700000000000001,74.14706372155595,0.48972713079278124,-12.833853972726242,0.0,84.1276528810765,26.211364462429067,397.04226472893055,77.95257601096904,0.0,50.00444264485099
10.75,74.2436454617047,0.5365652230485722,-12.79309487431542,0.0,84.12116303149935,26.21988787233237,397.42384836893245,81.1231197144339,0.0,50.01001626267092
10.8,74.36391331298078,0.6681547293116059,-17.52178403254288,0.0,84.11480674610668,26.228202412549038,398.10179660171707,79.4535674083221,0.0,49.99464578345905
10.850000000000001,74.5117021119363,0.8210488830862335,-15.1819133319161,0.0,84.10839099464823,26.236597837324158,397.58573163475234,80.1968932305858,0.0,49.9632697959525
10.9,74.61868148649279,0.5943298586471517,-16.217767675856,0.0,84.1020515882861,26.244870349030037,397.86497901332064,79.24257952668273,0.0,49.96525156141876
10.950000000000001,74.7214477046438,0.5709234341722272,-13.323201801431114,0.0,84.09524524380468,26.25383499540314,397.9425550149919,85.07930601775362,0.0,49.99261089324352
11.0,74.83584507809671,0.6355409636273496,-13.61670710377778,0.0,84.08862707229616,26.26250841767051,397.8211376462488,82.72714385644721,0.0,49.99066421623913
11.05,74.96409436244991,0.7124960241844911,-11.722046800682731,0.0,84.08185944791452,26.2713973458253,396.8655617945699,84.59530477050814,0.0,49.99044795413334
11.100000000000001,75.07216228711452,0.6003773592478474,-17.400679592291212,0.0,84.07548247446584,26.2796914086525,397.5280824675702,79.71216810855658,0.0,50.02315938105131
11.15,75.21732783177794,0.8064752481300713,-15.187755556695118,0.0,84.06894514538428,26.288217710866206,396.65633830195327,81.71661351965562,0.0,49.97834586355427
11.200000000000001,75.36246587729552,0.8063224750977098,-13.830030522012667,0.0,84.06225622575889,26.29696287259343,398.1527159791161,83.6114953174036,0.0,50.007874499986286
11.25,75.47266297108438,0.6122060766047224,-13.965399976883864,0.0,84.05574522292108,26.305432413977556,397.6842653705918,81.38753547266978,0.0,49.995210027288266
11.3,75.63808634346803,0.9190187354647262,-10.569292738265226,0.0,84.0492176788182,26.31391829771791,396.81467457387976,81.59430128607553,0.0,50.02816897688493
11.350000000000001,75.75121685702541,0.6285028530965152,-14.457285535923742,0.0,84.04319885724341,26.321632611782377,397.8957208559477,75.23526968488454,0.0,49.99072510124405
11.4,75.89051438956378,0.7738751807686872,-16.517490844621655,0.0,84.03665691900987,26.3301238865209,398.1330479765445,81.77422791923054,0.0,49.985717378156
11.450000000000001,76.00849266011839,0.6554348364145495,-14.920466261691718,0.0,84.03016939249908,26.33852505240057,397.24280921547273,81.09408138491925,0.0,50.00827694771625
11.5,76.12489174788668,0.6466615987127134,-16.572102666400777,0.0,84.02361450985889,26.347018851308455,396.49347892964204,81.93603300237244,0.0,49.98268603638236
11.55,76.18884939983636,0.35532028860932074,-19.081994467916264,0.0,84.01664046541084,26.356132899129204,397.14943466189396,87.17555560046456,0.0,50.009021745674076
11.600000000000001,76.26498038418711,0.42294991305974095,-15.878066495350065,0.0,84.01003002071695,26.364692433270918,396.92707627642716,82.63055867368554,0.0,50.03355138899751
11.65,76.36267938788991,0.5427722427933303,-11.10495784325345,0.0,84.0033934523162,26.37328259343877,397.0240270451688,82.95710500935134,0.0,50.021922847327104
11.700000000000001,76.4972770943864,0.7477650360915992,-16.916315075092516,0.0,83.99687330705657,26.38168952873478,396.9942655549664,81.50181574538297,0.0,50.00020493368034
11.75,76.6101897287531,0.6272924131483233,-15.813005336162163,0.0,83.99016985063032,26.390363023845413,397.3474400885158,83.79320532808822,0.0,50.04183338178791
11.8,76.70502019756724,0.5268359378563308,-14.628914246119605,0.0,83.98337746178392,26.399161244091186,395.9923552262384,84.90486058014626,0.0,50.00652597886863
11.850000000000001,76.82339263594747,0.6576246576679472,-15.672799567980812,0.0,83.9766463237296,26.40785878992858,397.2269344228195,84.13922567903634,0.0,50.00491894618792
11.9,76.95270609360777,0.7184080981127802,-17.26687859464102,0.0,83.96991984473544,26.416540649629873,397.18009434028636,84.08098742685911,0.0,50.01226088419541
11.950000000000001,77.05230289344908,0.5533155546739517,-9.770381230221734,0.0,83.9633078676236,26.42504207464802,396.7776967742027,82.64971389812644,0.0,50.06047562905245
12.0,77.15685532045892,0.5808468167213372,-12.076040119325265,0.0,83.95672844856956,26.43348616115442,397.31397667947397,82.24273817540823,0.0,49.97008679498249
12.05,77.25691466738546,0.5558852607030355,-13.751678602579476,0.0,83.94994051611656,26.442234573672778,396.71320829506357,84.8491556626071,0.0,49.991150541143
12.100000000000001,77.35206928913038,0.5286367874718233,-15.218846521992099,0.0,83.94292139453397,26.45132102147298,397.32264829060887,87.73901978229972,0.0,50.011368190491496
12.15,77.42685464081663,0.41547417603466796,-13.97627619400044,0.0,83.93657163391411,26.459394341381294,398.272200500363,79.3720077482176,0.0,49.976162373781165
12.200000000000001,77.49902144494126,0.4009266895813034,-13.458621437798197,0.0,83.92942361494225,26.46865697549771,397.5445067057398,89.3502371482861,0.0,50.01154665483569
12.25,77.62283300105683,0.6878419784198233,-14.003726374890528,0.0,83.92283681340207,26.47706852083247,397.3333579876802,82.33501925218076,0.0,49.990581571787104
12.3,77.70849878824131,0.47592103991380463,-13.769960790499685,0.0,83.91603035026094,26.485801147023338,397.0440816490304,85.08078926415482,0.0,49.95922778986855
12.350000000000001,77.7927881266474,0.46827410225597244,-12.742029496861838,0.0,83.90895425310362,26.494929491612293,397.0199029841085,88.45121446647434,0.0,49.990303992009956
12.4,77.83520506923377,0.23564968103536177,-15.213725228044424,0.0,83.90227815119594,26.5034487149822,397.39901684023147,83.45127384598511,0.0,49.98212487323411
12.450000000000001,77.8729362997423,0.20961794726971206,-17.456202085977367,0.0,83.89600551140374,26.511354225955508,397.584109535867,78.40799740242102,0.0,50.010382059959134
12.5,78.0009041532496,0.7109325194849712,-12.593494156003706,0.0,83.88922834392825,26.520008622942782,396.60410440660314,84.71459344358385,0.0,50.00177871081779
12.55,78.07147004957167,0.3920327573448011,-17.300901372587305,0.0,83.88274857806731,26.528208263111253,396.78275321508596,80.99707326177825,0.0,49.98498604126992
12.600000000000001,78.0807845405038,0.051747171845168694,-15.289197649754403,0.0,83.875713964043,26.537231975884605,396.8924203114627,87.93267530385069,0.0,49.99104267176447
12.65,78.23540868496994,0.8590230248119204,-13.23306957105213,0.0,83.86839923957936,26.54666683060417,397.1371813870989,91.43405579541961,0.0,50.00677989020949
12.700000000000001,78.30818155508187,0.4042937228440796,-13.067668227858851,0.0,83.86163600187214,26.555265020334396,396.88268268348105,84.54047134024447,0.0,49.956271871199654
12.75,78.35326204555528,0.25044716929673994,-14.481866960311251,0.0,83.8545475937155,26.564342367549035,397.27424634959067,88.60510195809677,0.0,49.99641668013573
12.8,78.44276857891671,0.49725851867459664,-13.943258423681101,0.0,83.84771678587327,26.573024236944807,397.5205206728321,85.38509802768138,0.0,49.9689057985384
12.850000000000001,78.5501354269921,0.5964824893076764,-12.960095313453555,0.0,83.84098522054299,26.581548560703297,396.62332095849246,84.14456662861117,0.0,50.03543018564974
12.9,78.65322901063809,0.5727421313665946,-14.89899940395684,0.0,83.83389290567692,26.590605484441706,395.94511702356976,88.65393582594531,0.0,49.9697247674672
12.950000000000001,78.76159096556943,0.6020108607296779,-10.131841296175537,0.0,83.82703302942903,26.59930469332909,396.90253269775405,85.7484530985191,0.0,49.973512355838466
13.0,78.8185426098487,0.31639802377381687,-15.027211147231418,0.0,83.81966966401363,26.608750436758857,397.09289075723353,92.0420676924735,0.0,50.00949632645726
13.05,78.93724190344071,0.6594405199555997,-13.491311902325457,0.0,83.8129287389349,26.6172530739402,397.54605991598834,84.26156348419164,0.0,49.99239134478036
13.100000000000001,79.05670990389554,0.6637111136379482,-13.845256171060484,0.0,83.80607927918,26.62591001049861,397.44632500587016,85.61824693626325,0.0,49.96742004869879
13.15,79.17648574531978,0.6654213412458299,-12.543590030907245,0.0,83.79876804999091,26.635250944271732,397.04657973672914,91.39036486349644,0.0,50.02561888417561
13.200000000000001,79.26286955184162,0.4799100362324153,-9.518380084506441,0.0,83.79209064964671,26.643631793843756,396.74666636527155,83.46750430247032,0.0,49.976761995568005
13.25,79.33173592298405,0.3825909507912934,-14.366255825208436,0.0,83.78508905131201,26.652490559551964,397.11086122221,87.51997918375832,0.0,49.99071176361538
13.3,79.39763906606044,0.36612857264654425,-11.410545799382428,0.0,83.77838513450003,26.660893944210393,396.56297365378947,83.79896014984776,0.0,49.99903032199059
13.350000000000001,79.43278481951701,0.19525418586990115,-10.86654804139705,0.0,83.77154650665543,26.669490992033094,396.7989000166438,85.48284805758092,0.0,50.03094178972263
13.4,79.49534293056568,0.347545061381488,-9.667284237208438,0.0,83.76461042231176,26.678225627556547,397.73704877173134,86.701054295728,0.0,49.98933495634635
13.450000000000001,79.50723981595829,0.06609380773664508,-13.352675816540046,0.0,83.75759479251975,26.687070846617,397.04176955432064,87.69537240010034,0.0,49.96604755380964
13.5,79.53814001753135,0.17166778651697046,-13.243926246067712,0.0,83.75029240407471,26.69633735843794,396.88649705887633,91.27985556296665,0.0,50.01492836439266
13.55,79.62098373670351,0.46024288428977417,-11.757207178872925,0.0,83.74350605489114,26.704820544854858,397.0773887412709,84.82936479463478,0.0,49.98266295280153
13.600000000000001,79.68955368871158,0.3809441778226224,-11.519850935777306,0.0,83.73623657930752,26.714019937685443,397.12153809820586,90.86844479531847,0.0,50.00734107053362
13.65,79.76983918800993,0.44603055165741234,-13.016800098821063,0.0,83.72893075418325,26.723264655434143,397.5287336741654,91.32281405320077,0.0,50.01530685072272
13.700000000000001,79.86299557562211,0.5175354867343613,-9.468243151536646,0.0,83.72228395663367,26.731511587103075,396.8656698160738,83.08496936972429,0.0,49.97992223727977
13.75,79.94662463975823,0.46460591186730976,-9.470037998053353,0.0,83.71511401889123,26.740534982129645,397.08886227578455,89.62422178061296,0.0,49.97218975132739
13.8,80.02710830402224,0.4471314681333876,-6.298254968494762,0.0,83.70815694552574,26.749230057195735,396.34093018050146,86.96341706849063,0.0,49.9989368702386
13.850000000000001,80.09651278666762,0.3855804591410118,-10.763717478641006,0.0,83.70154579005786,26.757397560340355,397.49010613854745,82.63944334845615,0.0,50.00755925252068
13.9,80.14729892691795,0.2821452236130125,-11.991166166051228,0.0,83.69407499376335,26.766846357221777,397.3050256263216,93.38495368135713,0.0,49.99154171488355
13.950000000000001,80.18437249831047,0.205964285513941,-11.477354710304589,0.0,83.68686252434736,26.775898214988537,396.2848665455669,90.15586769985053,0.0,49.98075054792638
14.0,80.25280477552107,0.380179317836666,-8.800409311089384,0.0,83.67976044972181,26.78477542871188,395.94802136337574,88.77593281945148,0.0,49.99925678430132
14.05,80.32391036812228,0.3950310700067708,-10.76552213361072,0.0,83.6729769707547,26.793165871733823,397.2045596378112,84.79348708877849,0.0,49.97844527283905
14.100000000000001,80.41730015803772,0.5188321661968803,-7.517384587308762,0.0,83.66583863743789,26.802080205837317,397.0209142488505,89.22916646021932,0.0,50.02800731833763
14.15,80.48123395231498,0.3551877459848115,-10.060202210374534,0.0,83.65879491317888,26.81084371202,396.6640683852324,88.04655323764936,0.0,49.99506228288345
14.200000000000001,80.56371040060655,0.45820249050872097,-8.13308110396232,0.0,83.65206820525411,26.81912293019513,397.3775922779705,84.08384905961321,0.0,50.01179700492631
14.25,80.59153757099689,0.15459539105741524,-8.396243650933373,0.0,83.64442383866785,26.82877035714434,396.4957777540572,95.5545823283563,0.0,49.994644108526494
14.3,80.66528869978393,0.4097284932613126,-9.807623568850172,0.0,83.63750380795248,26.837321632860245,397.2017949452145,86.50038394207402,0.0,50.00763381068959
14.350000000000001,80.73642687309248,0.39521207393642,-10.662626636477011,0.0,83.63045218056375,26.846061752310483,397.5855572209998,88.14534235915937,0.0,49.987660409924906
14.4,80.83787605593498,0.5636065713472015,-4.998728276634672,0.0,83.62314218463736,26.855180684447756,397.207564774729,91.37494907985102,0.0,49.99975940160202
14.450000000000001,80.89551720340539,0.3202285970578061,-6.506368400495827,0.0,83.61613941167585,26.863829663205582,398.2738386359268,87.53466201895321,0.0,49.98365982698516
14.5,80.89438965549814,-0.006264155040250741,-9.281728011737027,0.15660387600626852,83.60898964861852,26.87269047812837,396.6258842068094,89.37203821660633,0.0,50.03571241497242
14.55,80.95040811775455,0.31121367920227333,-8.84626682893517,0.0,83.60169364958931,26.881761786194065,396.60259481385225,91.19998786519164,0.0,50.01025189986863
14.600000000000001,81.03314314972579,0.4596390665068714,-2.4376951085049505,0.0,83.5945414025906,26.890608394905932,396.74024295978876,89.40308748384224,0.0,50.01516328434457
14.65,81.06407626395367,0.17185063459931532,-7.834929532585498,0.0,83.58735486262363,26.89949759646147,397.0919688564209,89.83174958701255,0.0,49.99916160577515
14.700000000000001,81.13285668352245,0.38211344204880626,-2.663021062872566,0.0,83.5801522845856,26.908401965922057,397.09167784399193,90.03222547540162,0.0,50.0011818666605
14.75,81.16165686693216,0.16000101894289218,-5.110077727839656,0.0,83.57320448342958,26.916915265690164,397.9250831063163,86.84751445024436,0.0,49.97899160113303
14.8,81.27237702410173,0.6151119842753582,-8.632321696179174,0.0,83.56599051774744,26.925819298947683,396.81089240776805,90.1745710267505,0.0,50.03519094538898
14.850000000000001,81.29833676229998,0.14422076776803874,-5.89453858979924,0.0,83.55909374908967,26.934238632635388,396.7295702809218,86.20960822209408,0.0,49.98060363873476
14.9,81.34459584429219,0.2569948999566893,-3.138625915573233,0.0,83.55189846534107,26.943097319625657,396.2905510173083,89.94104685754641,0.0,49.99042943010485
14.950000000000001,81.41101929412872,0.3690191657585164,-8.02835025668816,0.0,83.54529156895032,26.951064566892157,397.33198127765854,82.58620488439044,0.0,49.98999570282488
15.0,81.48423620135988,0.40676059572868556,-5.346310247695189,0.0,83.53851883190124,26.95927260789888,397.68756176504706,84.65921311344181,0.0,49.9738466620323
15.05,81.57728815040505,0.5169552724731921,-5.15753744433086,0.0,83.53118955270247,26.96830725408913,396.5708868637695,91.61598998459016,0.0,50.03203142755791
15.100000000000001,81.61790394440764,0.22564330001441202,-2.529668155403325,0.0,83.523868093978,26.97732113492176,396.4197793841696,91.51823405597429,0.0,49.9816583489558
15.15,81.69594182393108,0.4335437751301583,-2.4238569303029727,0.0,83.51657437301915,26.98628439522511,396.8029799884077,91.17151198559756,0.0,49.99661314985957
15.200000000000001,81.70716721994631,0.0623633111957248,-1.9507830814854312,0.0,83.50911965856058,26.99548018251774,396.49468174574287,93.18393073213258,0.0,50.00182587544351
15.25,81.73587639757159,0.1594954312515245,-2.261885340904898,0.0,83.50173865870532,27.004556202118117,397.3023326679577,92.26249819080084,0.0,49.99680774664959
15.3,81.75381268023767,0.09964601481156163,-1.5442859331411856,0.0,83.4946545375072,27.01317782771317,396.1464092432438,88.55151497645197,0.0,49.978875100146695
15.350000000000001,81.78825019569923,0.19131953034201055,-4.705717453294909,0.0,83.4874216594007,27.02201396704521,396.88664982886826,90.41097633127023,0.0,50.00149854157132
15.4,81.86342908762296,0.4176605106873982,-1.359820883244748,0.0,83.48000918848922,27.031110659445385,396.28935099972614,92.65588639348978,0.0,49.99527639395534
15.450000000000001,81.90208085219675,0.21473202540991743,1.3573232170156606,0.0,83.47279746578343,27.03989713284462,396.6105106954767,90.14653382232383,0.0,50.02862954227855
15.5,81.94506450914459,0.23879809415470132,-1.1821256943205767,0.0,83.46540921180649,27.04893961667718,397.03630599395007,92.35317471171632,0.0,50.03588463558657
15.55,82.0068195916496,0.3430837916945608,-2.186480951956419,0.0,83.45859334995933,27.057114469831248,397.1156514555779,85.19827308953631,0.0,50.007326739378684
15.600000000000001,82.07347889524655,0.3703294644275093,-1.7144829724603792,0.0,83.45163141376723,27.06550025964957,397.21074593544415,87.02420240129415,0.0,49.97786835012424
15.65,82.1157033504895,0.23458030690524104,2.3775368297209907,0.0,83.44428055596768,27.07446104608925,397.4330023198398,91.88572249442066,0.0,50.005446668022564
15.700000000000001,82.14056619691726,0.1381269245986602,-4.873340188756051,0.0,83.43753792790106,27.082500527143083,396.6633058055612,84.28285083268341,0.0,50.01129420006426
15.75,82.23679640001033,0.534612239405921,5.350864412479251,0.0,83.43033712054162,27.091219237655107,395.6157094594303,90.01009199304839,0.0,50.024856607677364
15.8,82.2777229622431,0.22736979018208353,-3.3215804198529666,0.0,83.42310502222092,27.099976165898497,396.53993384194325,90.4012290087149,0.0,50.01989911195133
15.850000000000001,82.32084038822562,0.23954125545845326,0.2793160849248324,0.0,83.41606455829005,27.108436885628905,396.681194824678,88.00579913590107,0.0,50.00716705302028
15.9,82.36682488102399,0.2554694044353805,-1.0756884694559128,0.0,83.40843001188274,27.117780268354238,397.59881802725164,95.43183009134687,0.0,50.00719422997808
15.950000000000001,82.43317160794163,0.36859292732027227,2.498967575043431,0.0,83.40110613680892,27.126648300696612,397.3063100501957,91.54843842273709,0.0,49.97486032649261
16.0,82.44292411173504,0.05418057663002249,3.14663153614718,0.0,83.39373778534822,27.135574179586957,396.5249964601858,92.10439325866615,0.0,50.00636956133593
16.05,82.54836028924196,0.5857565417051318,2.389744713998084,0.0,83.38656939605355,27.144191189349396,397.2219053852893,89.60486618353636,0.0,50.002362069300126
16.1,82.58831726726292,0.22198321122762635,2.0585852943331355,0.0,83.38008044555765,27.15178042390388,397.331873702053,81.1118811986049,0.0,50.012843059045984
16.150000000000002,82.6536343445657,0.36287265168213806,-0.8229208192971762,0.0,83.3727412297489,27.1606374671931,396.85029482637026,91.7401976093841,0.0,50.032843233838605
16.2,82.70619018444499,0.2919768882183102,2.1522698275825434,0.0,83.36542970855677,27.1694441115141,397.130771144101,91.39401490160168,0.0,50.020889837881015
16.25,82.8037257481348,0.5418642427211573,2.878454353707317,0.0,83.35809736023388,27.17827318988692,396.4538615301607,91.65435403611222,0.0,49.95123325172441
16.3,82.8955251819018,0.5099968542611881,1.3116298436571974,0.0,83.35095851079696,27.18680319085243,397.36002883924743,89.23561796165086,0.0,49.99293807337165
16.35,82.95732145276837,0.3433126159253287,4.448815587132804,0.0,83.34350746236049,27.195792960316275,396.92829545961024,93.13810545581059,0.0,50.02576132140524
16.400000000000002,82.9792412840011,0.12177684018186422,4.454187153929079,0.0,83.33631763075785,27.20438191475992,397.1915065353032,89.87289503301423,0.0,50.01011770129071
16.45,83.05716612103954,0.4329157613246848,3.7395516778748443,0.0,83.32868974427282,27.213619362572693,395.92839572725114,95.34858106278057,0.0,49.99083183450894
16.5,83.0559686344226,-0.0066527034274416474,4.637994799745789,0.16631758568604119,83.32121870315201,27.222612304891328,397.6166536618824,93.3880140100652,0.0,50.00480143025284
16.55,83.0760994931534,0.11183810405999323,4.2725547557519,0.0,83.31401979344582,27.231188057145722,397.33039728120593,89.98637132737204,0.0,50.01737405350463
16.6,83.11821172793351,0.23395685988956222,1.828065552870001,0.0,83.30683326872251,27.239736656173548,397.1212270936354,89.83155904142536,0.0,50.02361054524824
16.650000000000002,83.11852504722046,0.001740662705222662,6.483541329636821,0.0,83.2991066876225,27.2490867911674,397.1105807083728,96.5822637502207,0.0,50.00088277793331
16.7,83.1483449169989,0.165665943213525,0.6677489591570556,0.0,83.2918441854845,27.257731457583215,397.20288184194993,90.7812767248538,0.0,49.99768654315041
16.75,83.21320060173433,0.36030935964127553,6.617488319797454,0.0,83.28451751671209,27.266463729284258,396.36884611043894,91.58335965521408,0.0,50.02594114392982
16.8,83.23700717606974,0.13225874630781098,3.71217053502847,0.0,83.2775079229187,27.27471165624506,396.8078573947092,87.61992241738022,0.0,50.00195186521704
16.85,83.3024409246856,0.3635208256436636,7.315076102388895,0.0,83.26974112248662,27.28408714523694,396.50891244698914,97.08500540104077,0.0,49.986679683720794
16.900000000000002,83.4090492179959,0.5922682961683311,7.724649493115229,0.0,83.26257502674021,27.292552201711324,397.78926778791384,89.57619683018162,0.0,49.94375306012988
16.95,83.46083575984801,0.28770301028950723,6.8155602567163625,0.0,83.25551286073414,27.30085289851872,398.36632923822475,88.27707507588799,0.0,50.01181764146983
17.0,83.5237411864238,0.34947459208771814,8.66187066957543,0.0,83.24846996976817,27.309116382069156,396.98673161950114,88.03613707463337,0.0,50.00134909132136
17.05,83.59782409097726,0.411571691963589,6.628373998664715,0.0,83.24095209010119,27.318084085187554,397.73669434363023,93.97349583722318,0.0,50.00777103362559
17.1,83.62568767238898,0.1547976745095429,6.969064757320002,0.0,83.23376439162257,27.326547548820283,397.34183926876693,89.84623098263656,0.0,49.986034946062745
17.150000000000002,83.68640812980931,0.33733587455739955,11.177100440197993,0.0,83.22668983191025,27.334832840839944,396.1128906622844,88.43199640401184,0.0,49.96869743210999
17.2,83.712841763326,0.1468535195371395,7.580612532924962,0.0,83.21958010509343,27.343162598224335,396.3891723999304,88.87158521026498,0.0,50.00626473054749
17.25,83.75990627250054,0.26146949541417003,8.185073465797199,0.0,83.21253896973278,27.35138113866708,395.43296660170256,88.01419200807536,0.0,49.979121764508214
17.3,83.82377256468281,0.3548127343459563,4.416007838996835,0.0,83.20531763594882,27.359861758204346,396.6292735060763,90.26667229945755,0.0,50.03039049358618
17.35,83.8390375753339,0.08480561472832521,7.5941280006817955,0.0,83.19812897037521,27.36828489480656,397.3848083991922,89.85831967015402,0.0,49.99962034800638
17.400000000000002,83.81383662482148,-0.14000528062461692,7.46741856608723,3.500132015615423,83.19080541280469,27.37690194626752,396.4719673686523,91.54446963138068,0.0,49.998824346968384
17.45,83.82680288007025,0.07203475138203727,9.224463179086346,0.0,83.18365419062314,27.38525187759358,397.0428887035693,89.39027726938457,0.0,49.99527500734752
17.5,83.89441173322444,0.3756047397455272,9.364677678400431,0.0,83.17654014030046,27.39353770120002,397.4679810548039,88.92562903363942,0.0,50.00853680960043
17.55,83.9035300571781,0.05065735529810472,9.965074602815873,0.0,83.16930611647665,27.401995199234534,396.9960676056417,90.42529779761178,0.0,49.99832354956996
17.6,83.96872597444242,0.3621995403572973,8.347219298384767,0.0,83.16216707477882,27.41030176658203,396.99584814286027,89.23802122275657,0.0,49.987579764903856
17.650000000000002,83.98042191880656,0.06497746868966167,11.632268577082428,0.0,83.15504557198147,27.41857371901147,396.15551977312623,89.01878496683436,0.0,49.992827852929224
17.7,84.01061664641257,0.16774848670005216,12.021967839809315,0.0,83.14755857006661,27.42738564816475,396.47262541437277,93.58752393576492,0.0,50.05041417384316
17.75,84.04615263321638,0.1974221489100769,12.33786289806728,0.0,83.13999196715433,27.436308166885013,397.4395230981324,94.58253640353863,0.0,50.01590486024148
17.8,84.05379015043833,0.0424306512330849,11.11352977536049,0.0,83.13219257292218,27.44557095006635,396.29996057269653,97.49242790185764,0.0,49.948785252286825
17.85,84.08361740869658,0.16570699032360992,8.904625772647552,0.0,83.12494232654493,27.45400074868217,397.1915049695258,90.62807971570325,0.0,50.00303033943496
17.900000000000002,84.07665094742586,-0.03870256261513236,12.90207982342566,0.967564065378309,83.11751950616039,27.462680978510285,397.5030787981382,92.78525480665037,0.0,50.00764115148925
17.95,84.10248537457915,0.14352459529601022,9.67558324264009,0.0,83.10996879958749,27.47154435739112,396.32093287987334,94.38383216121899,0.0,49.97809212621568
18.0,84.134966174911,0.1804488907325429,14.161055672435902,0.0,83.10221960270566,27.480696608356475,396.76099397511183,96.86496102288237,0.0,49.98753541633108
18.05,84.10817155751175,-0.14885898555133842,9.091852881281547,3.7214746387834605,83.09500927237283,27.489031407247364,396.6008072332858,90.12912916038712,0.0,49.98582081957908
18.1,84.11828007956298,0.056158455840122246,15.182766406908252,0.0,83.0879568783385,27.49712096689162,396.2376278729888,88.15492542921103,0.0,49.99609991244691
18.150000000000002,84.16084540738574,0.23647404345974554,13.965417566769984,0.0,83.08073510657424,27.505456503571136,397.47294444767135,90.27214705336694,0.0,50.005861533065335
18.2,84.16461345390286,0.02093359176177864,10.357113600193646,0.0,83.07330702665381,27.514093166948218,396.46453853071404,92.8509990054402,0.0,49.9975794316844
18.25,84.21122290316924,0.2589413848132636,12.87309797129936,0.0,83.06585190438491,27.522761757184618,397.1826341527353,93.1890283612357,0.0,49.99812216346963
18.3,84.26013784515006,0.2717496776711568,12.536468836626621,0.0,83.05822015261643,27.531686623080166,396.7571159623202,95.3968971061055,0.0,50.015856942370355
18.35,84.30130648515798,0.2287146667106913,13.378145945176584,0.0,83.05096135282903,27.54004313613817,395.9952820370426,90.73499734237409,0.0,50.00536717976037
18.400000000000002,84.35559444629685,0.3015997841048398,14.820796707184456,0.0,83.04340616053983,27.548835881435842,397.0699373662753,94.43990361507706,0.0,50.00844373322875
18.45,84.3446575524316,-0.06076052147360789,8.851832864573684,1.5190130368401973,83.03610966387582,27.557231790550418,396.48163917506133,91.2062083001071,0.0,50.011034565380875
18.5,84.40460276019631,0.33302893202614614,15.856071623698277,0.0,83.02862191375442,27.565906183941973,396.52731259739164,93.59687651755955,0.0,50.02218848378384
18.55,84.40940451382768,0.026676409063183804,9.889810017166502,0.0,83.02144797858296,27.574101180515232,396.6408090398754,89.67418964335623,0.0,50.03272850424683
18.6,84.44439381337043,0.1943849974596961,15.594573065167403,0.0,83.01385063445923,27.582923095520307,396.58344276100996,94.96680154657564,0.0,50.00574761419287
18.650000000000002,84.52492932115582,0.44741948769662593,14.883414563335686,0.0,83.00641755300495,27.59148979460622,395.45460224109706,92.9135181785857,0.0,49.981870521010535
18.7,84.54616860645761,0.11799602945435458,12.176940839536979,0.0,82.99903196643999,27.59997668465905,396.6673628323808,92.31983206198517,0.0,50.00494205129661
18.75,84.5775622738746,0.17440926342771754,13.47147024385057,0.0,82.99136035398591,27.6088841266555,396.569723161443,95.89515567589409,0.0,49.97884690407754
18.8,84.58095737995505,0.01886170044694735,18.268680709998883,0.0,82.98388155581712,27.617493439782027,396.6435572212823,93.48497710985897,0.0,49.996878729983564
18.85,84.65992831039141,0.43872739131306704,16.53876825321749,0.0,82.97654383778256,27.62588252339409,397.98348606995876,91.72147543203135,0.0,49.95518591478004
18.900000000000002,84.66512599485704,0.028876024809060485,16.066504534400817,0.0,82.96922883939476,27.634229138452394,396.869079015996,91.43747984747695,0.0,49.984377150154344
18.95,84.71240977395976,0.2626876616818335,15.325609738976658,0.0,82.96160054533982,27.64303735039634,397.1514712719209,95.35367568665332,0.0,49.99904490763023
19.0,84.7757390482043,0.35182930135857843,15.789537366194853,0.0,82.95424762987439,27.651423686244097,396.7982801596975,91.91144331794237,0.0,49.997904266927044
19.05,84.82473778115067,0.2722151830354353,15.865076912669625,0.0,82.94684427484529,27.659877295101506,396.7393428650859,92.54193786375627,0.0,50.00504898629185
19.1,84.86251650913637,0.2098818221427822,11.090675040758978,0.0,82.93923803375519,27.668626779441567,396.136297293533,95.07801362635149,0.0,49.978986722015335
19.150000000000002,84.89301162964422,0.16941733615476512,13.60628337326718,0.0,82.93222953956467,27.6764708939479,397.42302397792815,87.60617738147279,0.0,50.00500646586381
19.200000000000003,84.88641881912115,-0.036626725128214105,18.13718324967506,0.9156681282053526,82.92468071371418,27.685117661829697,396.0581886119909,94.36032313121206,0.0,50.0356989624576
19.25,84.96112392395297,0.41502836017679823,17.54096470874623,0.0,82.91739273958879,27.693364505355955,396.9606525273581,91.09967656738748,0.0,50.01708769321357
19.3,84.9953645708925,0.19022581633073282,17.56681843536966,0.0,82.91019252033023,27.701471469738443,396.6377693693519,90.00274073202546,0.0,50.00358343549202
19.35,85.02273172563072,0.15203974854564858,15.308261403496797,0.0,82.90206723776612,27.71095792211486,396.690656069561,101.56603205130273,0.0,50.032127223012616
19.400000000000002,85.02000341309757,-0.015157291850833449,15.727787246895502,0.37893229627083624,82.89433862591262,27.719839881972984,396.88199413944164,96.60764816865132,0.0,49.98021608456739
19.450000000000003,85.04845380244716,0.1580577186087841,12.353664869685058,0.0,82.88664254533832,27.728664162952477,395.9611768539856,96.20100717888127,0.0,50.03201750247354
19.5,85.07363539620609,0.13989774310515266,14.818691052905457,0.0,82.87915060096718,27.737173415346234,395.46602553799147,93.64930463925519,0.0,49.993189878099365
19.55,85.14850682913963,0.4159524051863917,16.77976685454474,0.0,82.8715431591426,27.745847404667746,396.6256656495659,95.09302280714029,0.0,50.01430011621987
19.6,85.17447929453284,0.1442914744067382,15.496108497821794,0.0,82.86429439800459,27.753974698970108,396.2339337981984,90.60951422525841,0.0,49.99857109193905
19.650000000000002,85.20110271509087,0.14790789198898752,14.593900375756737,0.0,82.85683172575686,27.762414732642718,396.6264220979565,93.28340309650036,0.0,50.02454582293284
19.700000000000003,85.19706725632557,-0.02241921536278646,14.692819365917755,0.5604803840696615,82.84958103214197,27.770528358332417,397.0412634609223,90.6336701861889,0.0,50.00135939942327
19.75,85.20214899808902,0.028231898685844636,12.483489049750286,0.0,82.84249945593315,27.778380194287315,396.292104370231,88.5197026102516,0.0,50.000238220324974
19.8,85.241132646099,0.21657582227767944,15.749853005662585,0.0,82.83456536882693,27.787502944752354,396.8994566003447,99.17608882773166,0.0,49.965487303497106
19.85,85.21772134947717,-0.13006275901016187,14.69917123909273,3.2515689752540466,82.82785533534448,27.79478049203128,397.46529893705633,83.87541853063264,0.0,49.998075730341434
19.900000000000002,85.26964579475117,0.2884691404111298,17.034227203214748,0.0,82.82012033750476,27.803588208298834,396.2476539375055,96.6874729965402,0.0,50.00700424995717
19.950000000000003,85.3219165773563,0.2903932366952273,14.958879237548388,0.0,82.81245158817312,27.812287744088003,396.4900136070559,95.85936664556704,0.0,49.99147828859538
20.0,85.32320310430494,0.007147371936812086,12.672976044634606,0.0,82.80497974482203,27.82068322137055,397.0630988073263,93.3980418886287,0.0,49.99971331990976
20.05,85.35659860879446,0.18553058049730675,15.55231869207558,0.0,82.7972772833227,27.829416230398177,396.467775533966,96.28076874164738,0.0,49.973432095890736
20.1,85.41514716132865,0.325269736301037,16.941185541822094,0.0,82.78932898385774,27.838509263365225,396.2972962441292,99.35374331204272,0.0,49.988631158325646
20.150000000000002,85.43484066315035,0.10940834345389182,12.194385807259472,0.0,82.78186922809678,27.846860387743313,396.8278751732493,93.24694701210413,0.0,49.99226632715023
20.200000000000003,85.44931121906271,0.08039197729084765,15.052958355187574,0.0,82.77439659750038,27.85522247325017,396.76850630547585,93.40788245500278,0.0,50.00349638654042
20.25,85.46681117046563,0.09722195223845403,13.392558946520984,0.0,82.76748404851313,27.862736074257807,397.95216696345176,86.40686234073485,0.0,49.99705423372931
20.3,85.49643775993563,0.1645921637222032,13.464463732075142,0.0,82.75986376078046,27.871303769782543,396.03882061224635,95.25359665827052,0.0,49.99057999477502
20.35,85.50201203583562,0.03096819944441237,15.013528176999841,0.0,82.75254369053525,27.879412571380588,397.5820881532203,91.50087806523396,0.0,49.98828372786328
20.400000000000002,85.51364012784961,0.06460051118883832,14.791318522715319,0.0,82.74487930782719,27.888029732871285,396.3835246212251,95.80478385065578,0.0,49.99094762120692
20.450000000000003,85.54339387531597,0.16529859703533778,11.9310179257488,0.0,82.73745319290275,27.896280875525076,397.44522191292816,92.82643655552477,0.0,49.962202946819396
20.5,85.55250982009376,0.050644137654389645,16.986512230029522,0.0,82.73028310754675,27.90413972268354,395.9313415855128,89.62606694990426,0.0,49.978249957604774
20.55,85.5431610848691,-0.05193741791483107,9.773087679323698,1.2984354478707767,82.72299286496411,27.912170946834816,396.0489616263953,91.12803228299926,0.0,49.98531704506771
20.6,85.51500281596773,-0.1564348272298316,13.954452325604832,3.91087068074579,82.71599383369313,27.919757322794442,396.46299251309625,87.48789088716445,0.0,50.0240084079982
20.650000000000002,85.5382025571309,0.12888745090651818,13.545288269095629,0.0,82.70841237983252,27.928209746262574,396.8319935298229,94.76817325770523,0.0,49.97994442887442
20.700000000000003,85.59314185949779,0.30521834648273016,8.31360664098008,0.0,82.70129164030999,27.935962645800114,396.3522553172497,89.00924403169154,0.0,49.99913580346208
20.75,85.62549379737194,0.179732988189734,16.655453909951547,0.0,82.69359104717559,27.94457757285592,397.1403055595235,96.25741418005556,0.0,50.01261224724966
20.8,85.61641427254352,-0.05044180460235434,12.640853631352488,1.2610451150588584,82.68627662457412,27.95260462918527,396.8551335380709,91.43028251839065,0.0,49.99357314939925
20.85,85.61753846232546,0.006245498788530743,11.474303703373632,0.0,82.67883337550191,27.960816898164406,397.8091476571442,93.0406134026842,0.0,49.964759995259925
20.900000000000002,85.6301715420289,0.07018377613027121,15.975190482013488,0.0,82.6713970579278,27.969010557627403,397.39848712974833,92.95396967632733,0.0,49.97068217009933
20.950000000000003,85.70110943838881,0.3940994242216828,12.300317670648031,0.0,82.66405271023402,27.977058068610468,396.56414694472153,91.80434617243901,0.0,49.99553420555892
21.0,85.77323607922305,0.4007035601902299,12.890136575293457,0.0,82.6569305817954,27.9847642031998,397.2144847128979,89.02660548283157,0.0,50.01332574565026
21.05,85.84062661223098,0.37439185004400943,12.474046400082077,0.0,82.64929751688882,27.99322903635646,396.27651695191355,95.41331133218146,0.0,50.00173021581575
21.1,85.86359953402415,0.12762734329537279,13.228188634066159,0.0,82.64200031758709,28.0011816062727,396.6790219806808,91.21499127163163,0.0,50.04306935854342
21.150000000000002,85.96865618756085,0.5836480752039229,14.031408098613612,0.0,82.63445509328005,28.00949826112698,396.15159249852053,94.31530383793346,0.0,50.00360670681328
21.200000000000003,85.96784213956411,-0.00452248887076219,14.09349857922204,0.11306222176905474,82.6272573381151,28.017285395613285,396.28411847157133,89.97193956195831,0.0,49.979177537281025
21.25,85.97636208180676,0.04733301245914317,10.997806323549936,0.0,82.61984104070147,28.02539255633812,397.2639496364123,92.7037176703891,0.0,50.01156796396034
21.3,86.01910705978759,0.23747209989347892,11.856490952596243,0.0,82.61218884995496,28.03384544990155,396.15088030359595,95.65238433138465,0.0,49.98917371289129
21.35,86.04445664594132,0.1408310341873916,11.634585737830768,0.0,82.60459467973278,28.042202859784904,396.4086313864104,94.9271277771479,0.0,49.99443267119398
21.400000000000002,86.07114428054619,0.14826463669374904,12.264200114653914,0.0,82.59695752852203,28.05061638374125,396.5304489279496,95.46439013443722,0.0,50.00452119178204
21.450000000000003,86.03620587483823,-0.19410225393312192,12.550501127542413,4.852556348328048,82.58904710567853,28.05943140162275,396.5088061736771,98.880285543663,0.0,50.02358675619438
21.5,86.02736549762926,-0.04911320671645664,8.131358196992878,1.2278301679114159,82.58138546238133,28.06786443516692,395.9598602306162,95.7705412149541,0.0,49.97795725941473
21.55,86.04354210456641,0.08987003853973455,10.97811291681916,0.0,82.57405671545912,28.075789691115073,396.39848944419447,91.60933652765982,0.0,49.998194205077866
21.6,86.04242555918186,-0.006203029914162744,12.262085151374118,0.1550757478540686,82.56638048865115,28.08422824163591,397.31372653403025,95.95283509960063,0.0,50.0061635017745
21.650000000000002,86.02380499965722,-0.10344755291472929,9.571764597098289,2.586188822868232,82.55896036880713,28.0922741931603,395.7467274774589,92.75149805021545,0.0,50.001411791508346
21.700000000000003,86.0257991530171,0.011078629777189111,10.073954090205621,0.0,82.55142692653476,28.100482082375702,396.8332301604726,94.16802840469742,0.0,50.04212480595407
21.75,86.05109629632543,0.14053968504623063,7.928752551985641,0.0,82.54359971243774,28.109122421438848,397.01600479156286,97.84017621268512,0.0,49.980758457398565
21.8,86.08819206194981,0.20608758680216294,9.843975325462162,0.0,82.53619011437213,28.11712769611583,396.7423574817276,92.61997582016737,0.0,49.98449185751979
21.85,86.05431578455284,-0.1882015410942771,5.570332786894433,4.705038527356928,82.52854025025499,28.12548536459543,396.8713628027755,95.62330146431003,0.0,49.978233844138906
21.900000000000002,86.07149432158278,0.09543631683296125,8.811331231242962,0.0,82.52072175849167,28.134087616875817,396.67583063742495,97.73114704151953,0.0,49.96541857706516
21.950000000000003,86.08605852962202,0.08091226688466618,8.95934996991092,0.0,82.51320155065633,28.14223384101195,396.88384024889143,94.00259794173917,0.0,50.01945584722871
22.0,86.1093741185222,0.12953104944542598,10.669057113073025,0.0,82.50574797475771,28.15027197101887,397.1831135717513,93.1696987327538,0.0,50.0037428397354
22.05,86.09638991913073,-0.07213444106374357,6.184748331804454,1.8033610265935893,82.49853015374596,28.157948430565483,396.15514122393137,90.22276264693649,0.0,50.02245119740299
22.1,86.08400266569559,-0.06881807463964383,8.858047113280406,1.7204518659910957,82.4907107673099,28.16651956178901,396.7827711175094,97.74233045074985,0.0,50.0299141344236
22.150000000000002,86.13486022092779,0.2825419735121872,7.165745188690722,0.0,82.4829203806768,28.17503862217687,396.97395174956705,97.37983291376457,0.0,49.981773770225324
22.200000000000003,86.08410058314713,-0.28199798767033774,4.365437363593877,7.049949691758443,82.47497247897553,28.183785436106604,396.83648728349243,99.34877126591421,0.0,49.992283224507766
22.25,86.07885168638332,-0.029160537576758405,6.39985507187784,0.7290134394189601,82.46760096425425,28.191658922752424,396.9265460986682,92.14393401606586,0.0,49.96657881830323
22.3,86.08511552827,0.034799121592625215,7.331358825947834,0.0,82.45990059505944,28.200017817621884,396.18905697423565,96.2546149351039,0.0,50.007412162176486
22.35,86.09393233758335,0.048982273963133184,9.08885795227988,0.0,82.45249256486086,28.20792984510212,396.6498278206947,92.60037748215731,0.0,49.9848618025447
22.400000000000002,86.09283447929171,-0.006099212731372997,4.998728985157688,0.1524803182843249,82.4449981369074,28.2159635571872,397.6914184053176,93.6803494181829,0.0,50.027701192540974
22.450000000000003,86.12292860851814,0.16718960681348372,3.3825776808542916,0.0,82.43737730570496,28.22417884043368,396.6827581168103,95.26039003055307,0.0,50.01688402381386
22.5,86.15034392708512,0.15230732537209346,6.386883646078883,0.0,82.42956795771676,28.232668683575554,396.2043084093856,97.61684985257202,0.0,49.998451222647354
22.55,86.16300988451356,0.07036643015801902,9.08377232235584,0.0,82.42246596432696,28.240089004976674,397.4630002956437,88.77491737248245,0.0,50.04130048515402
22.6,86.16274319452998,-0.0014816110198855037,9.750896469255073,0.03704027549713759,82.41490750446754,28.248186605760843,395.65560174422285,94.4807482428864,0.0,50.01217781033154
22.650000000000002,86.17319185665005,0.0580481228892861,2.797095213434473,0.0,82.40758433157995,28.255923178486455,396.47981455729337,91.53966109476373,0.0,50.01253152779582
22.700000000000003,86.19152095862707,0.10182834431672132,2.917325298011478,0.0,82.39998148050596,28.264071531918972,396.4548033307801,95.03563842503652,0.0,49.987007887347964
22.75,86.18749986210845,-0.022339425103378344,5.5805420352712645,0.5584856275844586,82.39240987361477,28.272164870723834,396.5058654546303,94.64508613984361,0.0,49.97781525732794
22.8,86.21881307974303,0.17396232019209606,3.256885244967732,0.0,82.38494554263384,28.280089202324493,396.9225584735219,93.30413726153384,0.0,49.99643793066361
22.85,86.26150370094159,0.23717011776980862,6.529180943511795,0.0,82.37773690312359,28.28762207238755,397.348850196899,90.1079938781603,0.0,49.94522377126113
22.900000000000002,86.31593031506033,0.3023700784374142,4.984251413731384,0.0,82.37029138685823,28.295502724713202,396.4487234052645,93.06895331701192,0.0,50.00296357755743
22.950000000000003,86.3678995174511,0.2887177910598384,-0.126483201959259,0.0,82.36259939681658,28.303745207050962,397.2228463271523,96.14987552062034,0.0,49.985751902532954
23.0,86.37400494498107,0.03391904183317598,1.609338198856836,0.0,82.35490089162293,28.31198921963438,396.7539972056447,96.23131492057348,0.0,49.96576921249633
23.05,86.39185799872668,0.09918363192005547,1.9073480357178592,0.0,82.34688547438674,28.320700356269036,395.80913408934146,100.19271545240962,0.0,50.0083899454462
23.1,86.40184501500549,0.05548342377120624,6.520273939206843,0.0,82.33923172256132,28.328860283650897,396.8102408332525,95.6718978177555,0.0,49.990108462356766
23.150000000000002,86.4116459753671,0.05444977978666868,3.2880841849402307,0.0,82.3314721629022,28.337170762855923,395.84913961567133,96.99449573897927,0.0,49.99868342422652
23.200000000000003,86.41966988968083,0.04457730174301004,2.3155173312205264,0.0,82.32404577170922,28.34497317888253,396.4231991289476,92.82988991218102,0.0,50.00857495574907
23.25,86.43405531104548,0.07991900758136908,2.7634644845522445,0.0,82.31622419701925,28.3533605677386,396.43136466279583,97.76968362461504,0.0,50.015613621798515
23.3,86.47961211670585,0.2530933647798024,4.863583243461187,0.0,82.30864529319933,28.36137556290074,396.25293689673356,94.7362977489808,0.0,49.99484095813518
23.35,86.50165534986705,0.12246240645108246,2.4492404187920256,0.0,82.30114827497,28.369259714681824,396.38297757951494,93.71272786654224,0.0,50.008569658573116
23.400000000000002,86.48406710997024,-0.09771244387118753,0.7952365186322472,2.4428110967796886,82.29352460401283,28.3773259614029,395.88455922839796,95.29588696464423,0.0,49.966969480095216
23.450000000000003,86.52309832153236,0.21684006423402633,2.4033822539854106,0.0,82.28585190864092,28.385457678499353,396.25186382770545,95.90869214879328,0.0,50.006040823102005
23.5,86.54210389942403,0.10558654384263959,2.1444193009362715,0.0,82.27809205097097,28.39371200732577,395.98838971841604,96.99822087432258,0.0,49.97176925490847
23.55,86.56847566547205,0.14650981137787109,2.472281655370571,0.0,82.27011544574647,28.4022832031552,396.71215484625435,99.70756530629593,0.0,49.99161518686653
23.6,86.58917208172065,0.11498009026996417,-0.9397184019385454,0.0,82.26276303889796,28.40990953022482,396.53009314003,91.90508560644315,0.0,49.97618855327774
23.650000000000002,86.61093724692235,0.12091758445392116,-6.389410106486389,0.0,82.25497256296707,28.418185334590927,396.2209313071385,97.38094913609308,0.0,50.02187069176433
23.700000000000003,86.63377672658244,0.12688599811164006,-8.124735307695685,0.0,82.24748825844424,28.42599360604058,396.2093519249033,93.55380653538951,0.0,49.991473968239724
23.75,86.59953922404326,-0.19020834743993464,-0.22372960504517114,4.755208685998366,82.24054059878873,28.432989101917794,396.8846059093405,86.84574569379306,0.0,49.9965976161774
23.8,86.62503666313307,0.14165243938785654,-3.751030625175275,0.0,82.23276296982154,28.44122255626667,395.6690722461122,97.2203620899457,0.0,50.023237327217274
23.85,86.61818457803415,-0.03806713943849449,1.0165731045751194,0.9516784859623623,82.22498693484016,28.449445386182468,397.23810648278237,97.2004372672178,0.0,49.99894557247992
23.900000000000002,86.61755210327938,-0.003513748637608727,2.4636857249510378,0.08784371594021817,82.21716456379094,28.457729497370117,395.857146019237,97.77963811527009,0.0,50.01426095130409
23.950000000000003,86.6299422983141,0.0688344168595791,-1.5029197382959505,0.0,82.20976952290275,28.465364329205045,395.9372596807994,92.43801110248123,0.0,49.977517189636714
24.0,86.68592842638874,0.3110340448590858,-2.3528474859578554,0.0,82.20218317669217,28.47327848419171,396.2735302293284,94.8293276322505,0.0,50.00752147063392
24.05,86.6706917830726,-0.08464801842305726,-3.1292203221970647,2.1162004605764317,82.19503346817436,28.480529768484246,395.79607116788236,89.37135647272359,0.0,50.027447748682874
24.1,86.68169406714782,0.061123800417856436,-5.932948556304211,0.0,82.18723190791242,28.48875157910866,396.07345066806164,97.51950327414721,0.0,49.99994000713059
24.150000000000002,86.68665135461728,0.027540485941485685,-4.980267929600089,0.0,82.17940214422444,28.497007473061515,396.7956350433768,97.87204609971661,0.0,50.00296446192367
24.200000000000003,86.7234291518698,0.20432109584725097,-3.71768017605336,0.0,82.17155100719414,28.505287171133908,396.21134405099735,98.13921287879536,0.0,50.000623568973296
24.25,86.72728280427599,0.02140918003437478,-4.288773257409315,0.0,82.16396665362196,28.51315841432105,396.5462742126531,94.80441965229967,0.0,49.99220388977159
24.3,86.74476155353447,0.09710416254712559,-3.1306559591178025,0.0,82.15635899860894,28.52105673842625,396.68977764264844,95.0956876626638,0.0,49.97903144714931
24.35,86.7290664693786,-0.0871949119771309,-6.733588930519389,2.1798727994282725,82.14857777427449,28.529207518189494,396.1141754397656,97.26530418058418,0.0,49.99563533110906
24.400000000000002,86.77033120997005,0.2292485588414498,-5.759356613004368,0.0,82.14105623760706,28.536960615672434,396.88454276312245,94.01920834274459,0.0,49.957617921195656
24.450000000000003,86.7431434925802,-0.15104287438803374,-4.329352845794216,3.7760718597008434,82.13325239419588,28.545129420173538,396.25329270113997,97.54804263979797,0.0,50.02439926589554
24.5,86.76696618590987,0.1323482962758929,-8.558617453292339,0.0,82.12577504423649,28.55280031569244,396.6972157278033,93.46687449229044,0.0,50.038275720801366
24.55,86.7842594965542,0.09607394802404767,-4.304030626659993,0.0,82.11824798270065,28.560538107680504,397.3204251262716,94.08826919797515,0.0,50.000780901711295
24.6,86.80530959528129,0.1169449929282295,-4.786933715008754,0.0,82.1105528175918,28.56852031723611,396.66796853292186,96.18956386071937,0.0,50.016957032526
24.650000000000002,86.7781465432753,-0.1509058444776767,-5.662095965558491,3.772646111941917,82.10312425735634,28.576094637272053,396.2468640700453,92.85700294314822,0.0,49.987228476192456
24.700000000000003,86.78097249088012,0.01569970891566811,-7.560506599830539,0.0,82.09550699177308,28.583944441009685,396.5522350730942,95.2158197908724,0.0,50.014205497529424
24.75,86.81544873991653,0.1915347168689531,-3.90448938528136,0.0,82.08759750440038,28.592224727627723,396.0570456327426,98.86859215874827,0.0,49.985321024167725
24.8,86.8745576927315,0.32838307119422716,-4.4987896640098874,0.0,82.08034067806265,28.599517742406675,397.8204900280982,90.71032922148652,0.0,50.00609338998244
24.85,86.8817238505929,0.039811988118897454,-6.685480814242217,0.0,82.07262337466892,28.607494179754877,395.95023678745565,96.46629242174072,0.0,49.99997660021986
24.900000000000002,86.91249255347574,0.17093723823799128,-7.408124705057392,0.0,82.06489631205423,28.615477279497153,396.48928574006294,96.58828268360335,0.0,50.021514112496526
24.950000000000003,86.92581075356807,0.07399000051294446,-6.259473713028926,0.0,82.05673546414315,28.624103074084292,395.9678029684307,102.01059888864357,0.0,49.97955825508047
25.0,86.93387782534326,0.04481706541770657,-9.61889053608787,0.0,82.04933941128915,28.631573050291195,397.54961237954086,92.45066067488345,0.0,50.0208471063406
25.05,86.9322821521376,-0.008864851142541742,-7.142568576569754,0.22162127856354355,82.04176536327711,28.639302549258964,396.69283716371154,94.67560015051956,0.0,49.98366912747606
25.1,86.94197243163076,0.05383488607311322,-7.97667800340149,0.0,82.03394433417148,28.647394790368143,396.3850318791125,97.7628638203257,0.0,49.9947984692109
25.150000000000002,86.96958681928554,0.1534132647487905,-9.650026784277872,0.0,82.02618838577962,28.655381318165556,396.5062420127946,96.9493548981813,0.0,49.99530068013004
25.200000000000003,86.99927923832998,0.16495788358019398,-8.382344534036624,0.0,82.01857341079693,28.66314839932141,397.0535450549039,95.18718728351064,0.0,50.03292986150968
25.25,86.97494577183839,-0.13518592495322057,-6.491450151020743,3.3796481238305143,82.01082258634615,28.671111487598253,397.00240959013684,96.88530563468649,0.0,49.99600291875798
25.3,86.97065115181042,-0.023859000155457034,-12.918530113322543,0.5964750038864258,82.00338252585753,28.67860046684359,397.05130717325414,93.00075610778649,0.0,50.003424816492014
25.35,86.9516991112853,-0.10528911402846608,-11.878866234206448,2.632227850711652,81.99611568306099,28.68582213057155,396.62883963797833,90.83553495671903,0.0,49.998342059530366
25.400000000000002,86.96254249888747,0.06024104223436535,-10.608978830630027,0.0,81.98862897048042,28.69336637731183,397.4450456620928,93.58390725707272,0.0,50.00959678073804
25.450000000000003,86.96278515327118,0.0013480799095374404,-9.042351418281113,0.0,81.98069016479921,28.701581219456322,396.65425937482416,99.2350710150563,0.0,50.0016277567285
25.5,86.98129672164394,0.10284204651534634,-9.866024572614581,0.0,81.9733040848123,28.708958758217243,396.7488631803126,92.32599983646733,0.0,50.00026107851351
25.55,87.00153041949702,0.11240943251710674,-9.47801683440325,0.0,81.96601955823276,28.71617658932833,396.51302758912294,91.05658224422214,0.0,49.99353434802967
25.6,86.95360190549356,-0.2662695222414672,-11.647044559774972,6.65673805603668,81.95831188297545,28.72402192562496,396.8434361413687,96.34594071630073,0.0,49.9883736303607
25.650000000000002,86.9041538166029,-0.27471160494809893,-11.049562964840314,6.867790123702473,81.9505952408119,28.73187286694468,396.5173631939818,96.45802704453507,0.0,49.9426075995029
25.700000000000003,86.91389134200341,0.05409736333620321,-9.229684507206155,0.0,81.94310660380714,28.73937394958487,397.2383501785491,93.6079625594616,0.0,49.96636388486745
25.75,86.95573244852885,0.23245059180799763,-11.109737049949002,0.0,81.93547093132979,28.747088084351304,397.4319087092872,95.44590596682502,0.0,49.984787740939794
25.8,86.95162110740237,-0.02284078403597742,-10.734897049706998,0.5710196008994355,81.92786214870358,28.754754170206255,395.99726503577625,95.10978282750442,0.0,50.03254462283327
25.85,86.946802741228,-0.02676870096876574,-11.893254774387499,0.6692175242191435,81.9202743032942,28.762381184150115,396.6802026879751,94.84806761722827,0.0,50.02708600931011
25.900000000000002,86.98290719711488,0.20058031048271524,-13.186506330930854,0.0,81.91250454409975,28.77027344175766,396.14553241037663,97.12198993078084,0.0,49.987054441518254
25.950000000000003,87.0138143556004,0.17170643603063096,-10.89182684450708,0.0,81.90477205183055,28.7781019067197,396.2854197699714,96.65615336500784,0.0,49.95765513375759
26.0,86.99691064733747,-0.09390949034964335,-10.469608779850004,2.347737258741084,81.89717259994057,28.785722982647936,395.90983017344416,94.99314862460811,0.0,50.032325635071274
26.05,87.02479974283646,0.15493941943885214,-12.379345922681184,0.0,81.88951550093002,28.79342290818113,396.17352441749665,95.71373763201682,0.0,49.98602735170675
26.1,87.01299381178418,-0.06558850584597103,-14.462377284414096,1.639712646149276,81.88235531939257,28.800369757579112,396.2744319735724,89.5022692180172,0.0,50.02032646405081
26.150000000000002,87.00735997790174,-0.031299077124662594,-11.814446454333872,0.7824769281165649,81.87420654671959,28.80879254683101,396.7911098420776,101.8596584123072,0.0,49.99815914922758
26.200000000000003,86.9904918585808,-0.09371177400529682,-12.175121335173351,2.3427943501324204,81.86669854893212,28.816245750965383,396.20522283311755,93.84997234336097,0.0,50.0411953179868
26.25,86.96605003257385,-0.1357879222607987,-13.603573568452749,3.3946980565199674,81.85913431924271,28.82377584974852,397.71803647119447,94.55287111753452,0.0,50.0278703901922
26.3,86.97831607165418,0.06814466155740895,-8.445188677996155,0.0,81.85194150772996,28.830741291167893,396.4750933477947,89.91014390933293,0.0,49.986619097516524
26.35,86.95032370431024,-0.15551315191076395,-10.526098401889039,3.8878287977690986,81.84435251753322,28.838294035171838,396.6186820464997,94.8623774592721,0.0,50.05992478190796
26.400000000000002,86.9638165361491,0.07496017688258022,-12.777074394178042,0.0,81.83700171827618,28.845481940022225,396.8578654368442,91.8849907129888,0.0,50.01233015484936
26.450000000000003,86.97633758098523,0.06956136020077586,-12.833815703191243,0.0,81.82939166601892,28.853051536468097,396.6940085525871,95.12565321579498,0.0,49.97910382211387
26.5,86.9814010449386,0.028130355296435813,-10.933530961277183,0.0,81.82175523674078,28.860653128848835,396.88330331050656,95.45536597670963,0.0,50.00655201168542
26.55,86.97824371464007,-0.017540723880638022,-11.689987696466952,0.43851809701595057,81.81400779219881,28.86841364253294,397.28872691275,96.84305677462383,0.0,50.01873933083829
26.6,86.97004160896256,-0.04556725376395705,-14.182204453581972,1.1391813440989262,81.80638080285078,28.875985712912442,396.043963165134,95.33736685029511,0.0,49.987999894505776
26.650000000000002,86.95036824557006,-0.1092964632916609,-13.253272747220842,2.7324115822915225,81.79882535710576,28.88344289581707,396.78387715337044,94.44307181284,0.0,49.99043334477001
26.700000000000003,86.99883333219695,0.269250481260477,-14.41398683546066,0.0,81.79143753515699,28.890641185844398,396.12991562945035,92.34777435953737,0.0,49.96697644481889
26.75,87.00252791834217,0.020525478584565972,-16.57875917018868,0.0,81.78388120213303,28.898085044194477,395.92102218959855,94.45416279936303,0.0,49.97998948631685
26.8,87.00531426543118,0.015479706050045422,-17.619624912956578,0.0,81.77636277358428,28.905464601973396,396.0023062031657,93.98035685928245,0.0,50.007595043769975
26.85,86.9896187314009,-0.08719741127938316,-14.059202028649796,2.1799352819845788,81.76857352841002,28.913243005132816,396.28644577324815,97.36556467828679,0.0,49.9912594538478
26.900000000000002,87.0343255191573,0.24837104309116464,-8.967285209616334,0.0,81.76082904178226,28.920946492069323,396.221290704457,96.80608284699554,0.0,49.98434532176805
26.950000000000003,87.02717879218798,-0.03970403871850041,-11.782205341692404,0.9926009679625102,81.75292700400318,28.928878602245874,396.9565714581242,98.77547223851448,0.0,50.012031000046875
27.0,87.04251550002914,0.08520393245084809,-15.016538744490125,0.0,81.74508862918779,28.93670728586671,395.5505195740803,97.97968519233913,0.0,50.02707671093586
27.05,87.06281291072548,0.11276339275746584,-14.64556285845577,0.0,81.73737653815012,28.944338715137345,397.09429193075044,96.4011379708572,0.0,50.007743235582325
27.1,87.07422827912049,0.06341871330555861,-15.63550696487967,0.0,81.72974580121777,28.951840481820728,396.48302520100225,95.3842116543285,0.0,50.007342887537725
27.150000000000002,87.04481126379383,-0.1634278629258521,-17.949608519007356,4.085696573146302,81.72220419973033,28.959201043570076,397.08951787502764,94.27001859306085,0.0,49.968270867108956
27.200000000000003,87.07104557426828,0.14574616930249246,-15.453331023788031,0.0,81.71471546144942,28.966474949947884,397.6983878580161,93.6092285114731,0.0,49.987478390728555
27.25,87.06331176380915,-0.04296561366183911,-14.914532546149355,1.0741403415459778,81.70715470576361,28.97384960852663,396.2051227295821,94.50944607247582,0.0,50.006716913457716
27.3,87.0932051287636,0.16607424974688645,-14.596456451086679,0.0,81.69971075388848,28.981041686730805,396.59958485793226,93.0493984391586,0.0,50.0169773307207
27.35,87.08365279931542,-0.0530684969343251,-12.524256289077002,1.3267124233581276,81.69225863748906,28.98823881964321,397.0826848636117,93.15145499280679,0.0,50.01644458631121
27.400000000000002,87.13453793270209,0.282695185481474,-14.001396215773037,0.0,81.68438117595721,28.996066773121335,396.58772400231715,98.46826914805077,0.0,50.06482518153953
27.450000000000003,87.16861600611406,0.18932263006650912,-12.514260854895191,0.0,81.67650083396951,29.00389121932977,396.6779521005183,98.50427484631349,0.0,49.98248151171836
27.5,87.20661114360196,0.21108409715497384,-13.771654744035304,0.0,81.66889354968465,29.011298254537724,397.3371391294763,95.0910535606922,0.0,50.03419069231253
27.55,87.22990701358057,0.12942149988113438,-13.956204460061356,0.0,81.66090613383686,29.01926808005488,396.86372042763094,99.84269809742445,0.0,49.97488679587409
27.6,87.20720973324558,-0.12609600186108513,-13.583753791223971,3.1524000465271285,81.65315858414893,29.02687013650673,395.94559479421355,96.84437109921434,0.0,49.970250576132386
27.650000000000002,87.17773786842595,-0.16373258233126192,-16.558079633140064,4.093314558281548,81.64547313400114,29.0343714415919,396.8519669779207,96.0681268473226,0.0,50.018067541969614
27.700000000000003,87.22033448444094,0.2366478667499156,-13.266133662741629,0.0,81.63772204203606,29.04196370809793,396.82912841104246,96.88864956351554,0.0,49.980306948300154
27.75,87.26751122790249,0.2620930192308324,-15.461637590434423,0.0,81.63011132920795,29.049337813632008,395.8651676088567,95.13391035146434,0.0,49.959932617411994
27.8,87.2429929081369,-0.13621288758663955,-15.364910935508977,3.4053221896659887,81.62229981307813,29.05700575001311,396.16106133248263,97.64395162280394,0.0,50.01744997004286
27.85,87.25256081698916,0.05315504917924122,-14.685853410831355,0.0,81.61439921058795,29.064799647998363,396.1915402626761,98.757531127222,0.0,50.011806221891106
27.900000000000002,87.2898971425627,0.20742403096404724,-15.520228661239049,0.0,81.60692002220284,29.071953630928025,395.7460772108641,93.48985481383701,0.0,50.002466188088846
27.950000000000003,87.30579299901831,0.08831031364230393,-16.722880199997533,0.0,81.59939377504656,29.07917104803152,396.42939600969817,94.07808945352899,0.0,50.03950686235691
28.0,87.32419942853433,0.10225794175565653,-14.68144883689848,0.0,81.59211911327242,29.0860038696447,396.94078276935664,90.93327217676139,0.0,49.980103855257106
28.05,87.31003667354383,-0.07868197216939402,-15.095489827218923,1.9670493042348505,81.58426150232526,29.093704282195795,396.66459738945633,98.22013683949052,0.0,50.00758688698361
28.1,87.31127359832603,0.006871804345525045,-15.094457189683546,0.0,81.57684853939364,29.10073002231104,396.3097057246436,92.66203664536229,0.0,50.018545010146916
28.150000000000002,87.36529834948232,0.30013750642385123,-14.675533299045542,0.0,81.56877908433485,29.10873347487692,396.6692497935279,100.86818823492898,0.0,49.98205158558457
28.200000000000003,87.36442546936219,-0.004849334000716465,-18.592246309598707,0.12123335001791163,81.56105335186089,29.116213340112985,397.7795483677709,96.5716559245011,0.0,50.002048456214375
28.25,87.34600204163448,-0.10235237626503102,-14.83643559744404,2.5588094066257754,81.553059734876,29.124087552250217,396.08769449660923,99.92021231121849,0.0,49.99915827896727
28.3,87.333370001003,-0.07017800350822029,-11.454093991230554,1.7544500877055071,81.54526936935144,29.131649012984802,396.73704488124343,97.37956905697366,0.0,49.98467222639778
28.35,87.33491635105828,0.008590833640416996,-11.542154294697522,0.0,81.53782184836044,29.138688645458327,397.16891598998484,93.0940123875782,0.0,50.023831016253006
28.400000000000002,87.34256812901812,0.04250987755464107,-13.940473306972814,0.0,81.5298164591952,29.146558040560727,397.3527912214506,100.06736456547934,0.0,50.00269238872645
28.450000000000003,87.34608751176872,0.01955212639221892,-13.897616878326282,0.0,81.52224836435654,29.15376362477816,397.30048237035925,94.60118548330225,0.0,50.014261385637035
28.5,87.39838018924515,0.29051487486904315,-18.42914933847257,0.0,81.51483679535207,29.160727214660103,396.17003824498426,92.6446125559841,0.0,50.009838604027124
28.55,87.3497530324421,-0.2701508711280591,-14.755472263192562,6.753771778201477,81.50723623788049,29.167967323652817,396.5972856577847,95.00696839478154,0.0,50.021450667294204
28.6,87.35599750796243,0.03469153066853058,-12.162656997674723,0.0,81.49941041918375,29.175538084374278,397.1845501874303,97.82273370928901,0.0,49.961369277872535
28.650000000000002,87.3745668847375,0.10316320430599987,-14.179675953316547,0.0,81.4917043290812,29.182921681443727,396.9140786530877,96.32612628184525,0.0,49.969468282866245
28.700000000000003,87.40770996249239,0.18412820974938915,-11.213747306764995,0.0,81.4842133294134,29.18997525926399,396.2317788846554,93.63749584754613,0.0,50.0004339634212
28.75,87.4180101342743,0.05722317656611531,-11.206467475352746,0.0,81.47617356857415,29.197844925263578,397.44300772349567,100.49701049044471,0.0,49.98371424893853
28.8,87.43060946517849,0.06999628280110445,-14.107140643188137,0.0,81.46839701650583,29.205311908440798,396.81561780039317,97.2069008540197,0.0,50.0077525154303
28.85,87.45457503464489,0.13314205259107612,-12.610146817045113,0.0,81.46064898607797,29.21272864217416,396.6987239786859,96.85038034836055,0.0,50.03375140241613
28.900000000000002,87.45952003519545,0.02747222528092855,-9.727532012261245,0.0,81.45273168611145,29.220391863481776,395.94827623320083,98.96624958159917,0.0,50.01591442161761
28.950000000000003,87.3982108074081,-0.34060682104078566,-15.345804384711736,8.515170526019642,81.44487017305592,29.22796374120159,396.65736543866916,98.26891319413696,0.0,50.02262848741005
29.0,87.37157600862932,-0.1479711043265608,-13.068950219668245,3.69927760816402,81.43718002238693,29.235271003463872,396.6678915951821,96.12688336233542,0.0,50.002424810893544
29.05,87.37035740396797,-0.006770025896370456,-15.18413629320846,0.1692506474092614,81.43001949469468,29.24177652399879,396.73859167561443,89.50659615319096,0.0,49.98663498851091
29.1,87.34942492045987,-0.11629157504502255,-13.713356796099829,2.9072893761255636,81.4226611675289,29.248572238223453,397.415944392813,91.9790895721753,0.0,50.01008415037069
29.150000000000002,87.42163054666177,0.40114236778839035,-8.205581475459942,0.0,81.4150189343155,29.25578701580534,396.30220693251783,95.52791516757766,0.0,50.005923391692576
29.200000000000003,87.41571863746434,-0.032843939985786094,-12.348900414773105,0.8210984996446523,81.40713211427233,29.263361458854295,396.072502272384,98.58525053967914,0.0,49.99990343255447
29.25,87.74994866180307,1.8568334685485393,-15.246014585236015,0.0,81.3992456578047,29.270927782096887,395.5173414141856,98.58070584540063,0.0,49.99884860475189
29.3,88.10904335881382,1.9949705389485677,-13.228905900790696,0.0,81.39163914643973,29.27806662136224,396.52964443978055,95.08139206205998,0.0,49.98996742887256
29.35,88.46577100422962,1.9818202523100077,-14.232568676907071,0.0,81.38386536157161,29.285449232043057,397.4906861991206,97.17231085149804,0.0,49.99352155052143
29.400000000000002,88.80100575481718,1.8624152810419803,-10.529445117033864,0.0,81.37602526292588,29.292923930779608,397.49893627720553,98.0012330716136,0.0,49.98899968843255
29.450000000000003,89.16368436216399,2.0148811519267316,-9.781967183605914,0.0,81.36778791846045,29.300987023546977,396.3445025089867,102.96680581790376,0.0,50.035637924517296
29.5,89.47755800033228,1.7437424342682448,-8.693504811385713,0.0,81.35977858386543,29.308700038415953,396.58579820167125,100.1166824377024,0.0,49.99868738636227
29.55,89.80265426252105,1.8060903454931085,-8.918964601203637,0.0,81.35207062156303,29.315953281831135,396.5899179161787,96.34952877999476,0.0,50.0179472291804
29.6,90.14614312988967,1.908271485381219,-12.715185850957324,0.0,81.3441859807826,29.323464289719944,396.32225088337685,98.55800975532681,0.0,49.99498434931645
29.650000000000002,90.47829050369697,1.8452631878183385,-9.005428959546323,0.0,81.33603093597627,29.331373392639723,396.9841658986142,101.93806007916768,0.0,49.98665698972463
29.700000000000003,90.83253595443651,1.9680302818863415,-9.78798349667132,0.0,81.32824355016604,29.338723097962422,396.70754949075985,97.34232262782245,0.0,50.03055064129514
29.75,91.2084011608928,2.0881400358683324,-7.2570351415823815,0.0,81.31998777739047,29.346768034027818,395.70376356141986,103.19715969466415,0.0,49.99471848060016
29.8,91.53259588930197,1.8010818244953968,-7.534153342006977,0.0,81.31220202010327,29.354099901924574,396.38316102617733,97.3219660898555,0.0,50.03208819992071
29.85,91.91301495039833,2.1134392283131294,-4.8721544091106885,0.0,81.30450105545081,29.36129724900133,395.7406315979242,96.26205815564913,0.0,49.98342891693133
29.900000000000002,92.20464181906254,1.6201492703567086,-10.40139934518271,0.0,81.29636419474703,29.369141242808006,396.6852695482806,101.71075879732764,0.0,50.00874896869723
29.950000000000003,92.5668928499328,2.0125057270569506,-10.41668551746248,0.0,81.28798242712588,29.377344752996915,395.3945483971378,104.77209526430705,0.0,50.02376673076718
30.0,92.85008220368452,1.5732741875096083,-9.020982031404618,0.0,81.27993294780987,29.385041627217934,396.77394872327886,100.61849145014106,0.0,49.97353149146473
30.05,93.17777758500718,1.8205298962369618,-7.998638207253187,0.0,81.2717787026639,29.39288795330967,396.4836151971728,101.92806432462879,0.0,50.02311502074997
30.1,93.47361236899116,1.6435265776888024,-8.88440330750339,0.0,81.26398022269103,29.400192785315653,396.5223823073922,97.48099966076077,0.0,49.97829529417716
30.150000000000002,93.76511675693109,1.619468821888536,-9.03411694052041,0.0,81.25565445592419,29.408281242680598,396.6838670070839,104.07208458551821,0.0,50.02574340485016
30.200000000000003,94.13483479380517,2.0539890937448546,-6.416284897906295,0.0,81.24754606494876,29.416035547901053,396.8450114591697,101.35488719279927,0.0,50.02721803174954
30.25,94.46356377512986,1.8262721184704525,-7.722866904256869,0.0,81.2396748823912,29.42342628618949,396.7816669252649,98.38978196948187,0.0,50.019170225075605
30.3,94.76037087086966,1.6489283096656,-7.9025270636424105,0.0,81.23144544427274,29.431347017081002,395.72598250827747,102.86797648085138,0.0,50.01885911512219
30.35,94.98793140798902,1.2642252062186368,-8.959554706177546,0.0,81.22342188239315,29.438951012883297,396.3237417191498,100.29452349481471,0.0,49.999197518843935
30.400000000000002,95.23615332095765,1.3790106276034897,-10.428739428216861,0.0,81.21491698984516,29.447269400692402,395.90621890003115,106.31115684990944,0.0,49.986308326223444
30.450000000000003,95.49875324876298,1.458888487807402,-3.0025246436878636,0.0,81.20653710922099,29.455391952227966,396.771896700064,104.74850780212385,0.0,50.04574900001306
30.5,95.7900646929961,1.6183969124061979,-2.792311708910057,0.0,81.1985172740483,29.462966313034773,396.56958866722204,100.24793965862817,0.0,49.978269299475315
30.55,96.09105064033545,1.6721441518853264,-3.5271755091748735,0.0,81.1898647924189,29.471482069165837,395.6887215538277,108.15602036748712,0.0,49.98650703563635
30.6,96.35390696569921,1.460312918687541,-3.761208329904731,0.0,81.18157525056557,29.479444899876658,396.2642413143673,103.61927316654152,0.0,50.00646395193717
30.650000000000002,96.65839708732793,1.6916117868261915,-5.67729832046764,0.0,81.17300155248597,29.48782600209619,396.1849371503143,107.17122599509047,0.0,49.97340217955119
30.700000000000003,96.95557910354862,1.6510112012260285,-3.104712175385588,0.0,81.16434327063834,29.49632559886555,396.1266422561783,108.22852309543686,0.0,50.02323469580029
30.75,97.22014097084616,1.4697881516530569,-6.194013735029004,0.0,81.15600636561047,29.504334630808494,395.479701261736,104.21131284842316,0.0,49.99931947994634
30.8,97.46518823714729,1.3613737016729512,-3.4852756264933134,0.0,81.14716713299453,29.513089145101592,396.15949473523204,110.49040769923263,0.0,49.99600660401654
30.85,97.74883080947028,1.575792068461033,-4.9516849451936595,0.0,81.13882299358293,29.521092265073875,397.15510976806235,104.3017426448858,0.0,49.979407948102306
30.900000000000002,98.02180913640085,1.516546260725401,-1.932559177516588,0.0,81.13042017990533,29.529175393325207,396.5369336449909,105.0351709700537,0.0,49.96287958620226
30.950000000000003,98.3083040034692,1.5916381503797528,0.32435643725440366,0.0,81.12151230154534,29.538008035471876,396.36109644326524,111.34847949993845,0.0,50.01798462143622
31.0,98.61000774990733,1.6761319246562465,-4.486645497237729,0.0,81.11274997778435,29.54661351307788,396.0257837346563,109.52904701231009,0.0,49.97873702579689
31.05,98.91997450781568,1.722037543935337,-3.249680877637842,0.0,81.10412809812081,29.55499971906011,395.67404278851984,107.7734957942485,0.0,50.00972310620153
31.1,99.20990630318161,1.6107321964773802,-1.7545447912479117,0.0,81.09525360415995,29.563756460282338,396.7981320916711,110.93117451074919,0.0,50.00743535281106
31.150000000000002,99.45788911323464,1.3776822780723743,-5.207945755712837,0.0,81.08632914077695,29.572579398896544,395.8902751922663,111.55579228738594,0.0,49.990434457239836
31.200000000000003,99.7101358694397,1.4013708678058157,-4.412715500006376,0.0,81.07749082263459,29.581264296711204,395.8791853889562,110.47897677965007,0.0,50.00538371577655
31.25,99.9908617259825,1.5595880919044312,2.0387568540104857,0.0,81.068996308359,29.589424803827868,395.7682800793646,106.1814284447871,0.0,50.01270818602037
31.3,100.22142737373764,1.2809202653063716,-0.09136848798241604,0.0,81.0600141278457,29.59830864979399,395.52030112298144,112.27725641624383,0.0,50.01341228621013
31.35,100.45184895627979,1.280119903011922,-1.6524828313289266,0.0,81.05135244762356,29.606702861477412,396.14871574400416,108.27100277682518,0.0,50.028338888315815
31.400000000000002,100.72069367267764,1.4935817577658161,-0.17263509270160704,0.0,81.04234558999103,29.61560644506472,396.3994275000003,112.58572040656001,0.0,50.03817580716914
31.450000000000003,101.01317792675567,1.62491252265577,-0.7600305022265502,0.0,81.03367586796429,29.623995421659764,395.6425412886045,108.3715253342396,0.0,49.98555755459543
31.5,101.28304140639169,1.4992415535333898,0.6991725342326144,0.0,81.02487468209405,29.632573205043467,394.9047378129668,110.01482337802106,0.0,49.99585143526606
31.55,101.54498003999726,1.4552146311420504,-0.09026008476386482,0.0,81.01612019331621,29.64107236500519,396.49169639189256,109.43110972306225,0.0,50.0070483875802
31.6,101.78173713102339,1.3153171723674,0.8724453815057456,0.0,81.00735845850791,29.649573894852633,396.3910223452123,109.52168510374881,0.0,50.01446526119648
31.650000000000002,101.99512795474334,1.1855045762219625,2.726552756931045,0.0,80.99861833580142,29.658034505017515,395.8573006232929,109.25153383112627,0.0,49.95549273625804
31.700000000000003,102.24672852630127,1.3977809530995877,2.88788468806577,0.0,80.98993350544922,29.6664037160408,395.753826429452,108.56037940253415,0.0,50.00148332353212
31.75,102.52000604222033,1.5182084217725833,4.8971702237717665,0.0,80.98118989676357,29.674852725353233,395.8439495218927,109.29510857059904,0.0,49.97549338636835
31.8,102.73920248121442,1.2177579944116133,3.0414912156095464,0.0,80.97215914921081,29.68372399395701,396.19777419111205,112.88434440942207,0.0,50.00804730696839
31.85,102.94971244027352,1.1694997725505472,2.638085044385581,0.0,80.96314808270063,29.692556869728325,395.22135170594686,112.63833137726492,0.0,49.987600926722145
31.900000000000002,103.15897179318485,1.1625519606184946,6.126466348630188,0.0,80.95421942627009,29.701257297504416,395.82231171394784,111.60820538184046,0.0,50.001499624359795
31.950000000000003,103.39236089710545,1.2966061328922023,2.7440643005425693,0.0,80.94483046476222,29.71063948246871,396.24494654967225,117.36201884832214,0.0,49.980249644403024
32.0,103.64605735047162,1.4094247409231841,-0.868583443067739,0.0,80.93559861805399,29.719776613048598,396.2209723623433,115.39808385296823,0.0,49.983878650540966
32.050000000000004,103.81086206425601,0.9155817432466256,5.355460494085041,0.0,80.92631143980194,29.728987603813632,395.7975715251856,116.08972815068633,0.0,49.97180093019971
32.1,104.03019695377688,1.2185271640048048,4.554306128199071,0.0,80.91709954891456,29.73807645254087,396.0154345117514,115.14863609210488,0.0,49.995446447416285
32.15,104.21011248640329,0.9995307368133737,4.294955138642598,0.0,80.9079901528124,29.747002470241576,395.58749783497126,113.86745127705372,0.0,50.012202610075946
32.2,104.4783162281065,1.4900207872400368,6.276094321461586,0.0,80.89885872829473,29.75595260454785,396.0205404877328,114.14280647096471,0.0,50.007142838488576
32.25,104.69459345877239,1.201540170366097,4.0340087668555205,0.0,80.88997505191455,29.764522166513572,395.5883854421783,111.04595475225331,0.0,49.95580111080768
32.300000000000004,104.89368865064296,1.1060843992809717,0.9361775327200839,0.0,80.88066131601558,29.77372824819551,395.2564667601406,116.42169873711195,0.0,50.00265139419791
32.35,105.10860174415204,1.1939616306060261,7.165918492074157,0.0,80.87137527618897,29.782883579687212,396.17389801642565,116.07549783248494,0.0,49.97591966172328
32.4,105.27208260662107,0.9082270137168058,4.430307546575517,0.0,80.86217960774924,29.791894198767114,396.7430907952786,114.9458554965697,0.0,50.034286293599685
32.45,105.44538231809118,0.9627761748339334,4.098326817825352,0.0,80.85271617925385,29.801297447311445,395.968646789175,118.29285619249308,0.0,49.97989787222309
32.5,105.64981788115254,1.1357531281187263,2.1337012424226653,0.0,80.84329935099915,29.810621392246176,395.7385880188486,117.71035318368374,0.0,50.01121056550546
32.550000000000004,105.86755482205781,1.2096496716959326,8.08117111903504,0.0,80.83418782238138,29.81947806378058,395.85234077871195,113.89410772206936,0.0,50.00328294720153
32.6,106.05996705878229,1.0689568706915726,1.8803700892199906,0.0,80.82484846852178,29.828667616506202,396.0936046602415,116.74192324502471,0.0,49.9884161003095
32.65,106.23052405235119,0.947538853160527,9.573180483794777,0.0,80.81587568593571,29.837298122768807,396.8048670541138,112.15978232592849,0.0,50.04978508338047
32.7,106.35144349030035,0.6717746552731549,6.6750764417201776,0.0,80.80646255365961,29.846580523060172,395.15339729756494,117.66415345112314,0.0,49.984536097663145
32.75,106.51442047786904,0.9054277087148935,9.239062568755278,0.0,80.79702035365123,29.85589724254969,396.47337983785144,118.02750010482215,0.0,49.975742187309166
32.800000000000004,106.68956261686034,0.9730118832850289,8.694576839479943,0.0,80.78771485679927,29.8649995905851,395.95453877711327,116.31871064964429,0.0,50.017291569025716
32.85,106.89662398462616,1.150340932032347,11.812712747526827,0.0,80.77844386646328,29.874041076498514,395.0875409065859,115.88737919998373,0.0,50.01242395118906
32.9,107.08107493628529,1.0247275092173866,9.142686081478223,0.0,80.76880432137472,29.883626353054865,395.6797666658385,120.49431360707574,0.0,50.00810480182613
32.95,107.22924876392229,0.8231879313166202,11.018404615922947,0.0,80.75953564000294,29.89264574875948,395.44559461792505,115.8585171472588,0.0,50.02052851361094
33.0,107.39565178614906,0.924461234593181,7.759594392432877,0.0,80.75004552146818,29.901988280812866,396.0241414379424,118.6264816845439,0.0,50.03004230295989
33.050000000000004,107.58049022961279,1.0268802414651654,5.995306938526435,0.0,80.74088539073333,29.910826488634335,395.63402311105176,114.50163418568326,0.0,50.003158666976695
33.1,107.77044260832736,1.055290992858701,11.29233277501496,0.0,80.73159091218216,29.91985737997245,396.24693593838805,116.18098188957431,0.0,49.99625201558192
33.15,107.96041783808684,1.055417943108226,6.4121868654383025,0.0,80.72238258349512,29.928750015623027,395.92179262113,115.10410858791592,0.0,50.00340677541614
33.2,108.13743122659716,0.983407713946209,11.302785699452771,0.0,80.7126962345677,29.938350788998537,395.8933005040616,121.07936159277962,0.0,50.009222927827196
33.25,108.2654886488767,0.7114301237752559,7.894014405313608,0.0,80.70314613430676,29.947737588600948,395.65616324840937,119.37625326173055,0.0,49.98567561769777
33.300000000000004,108.466765928347,1.118207108168393,10.804538556137839,0.0,80.69358597108364,29.957130095847038,395.5787309249151,119.50204028910765,0.0,50.03379645240882
33.35,108.6536882677093,1.038457440901663,14.20003295556517,0.0,80.68375664960946,29.966916947962446,395.9530666414687,122.86651842712669,0.0,50.007569338785856
33.4,108.84045599831958,1.0375985033904656,12.00932273616944,0.0,80.67425421988185,29.97620367560591,395.13589166526765,118.78037159521851,0.0,49.995676555533564
33.45,109.0860820235696,1.3645890291667697,10.474163697999252,0.0,80.66468485169676,29.985581524207923,395.85344944836015,119.61710231349501,0.0,50.00939072734032
33.5,109.23476445073977,0.8260134842787457,11.961231145780996,0.0,80.65490569055983,29.99526468438911,395.30774907843744,122.23951421162967,0.0,49.98633848785582
33.550000000000004,109.41550432847662,1.0041104318713456,10.251630993234297,0.0,80.64498362832795,30.00515251305254,395.9811642646774,124.02577789850076,0.0,49.99218458115733
33.6,109.55489006999234,0.7743652306429423,16.11965217516815,0.0,80.63542330612738,30.01448784384035,395.68805647704494,119.50402750719738,0.0,50.00063148244563
33.65,109.72972083306288,0.9712820170585865,10.225694290043547,0.0,80.62570851161234,30.024045547769056,396.94414941819906,121.43493143787836,0.0,50.00379513122326
33.7,109.91888346372687,1.0509035036887955,11.657600521431698,0.0,80.61593158575317,30.033686891010053,394.807584461809,122.211573239727,0.0,49.990302000144425
33.75,110.07478571350275,0.8661236098659818,13.181312142103302,0.0,80.6060051264026,30.043542893144917,395.79117446808516,124.08074188229344,0.0,49.912217708302705
33.800000000000004,110.20123182083897,0.7024783740901092,12.938073834024038,0.0,80.59620075304971,30.05320591028109,396.5969529314676,122.5546669109912,0.0,49.9600818482776
33.85,110.41307051426017,1.1768816301178144,13.336334813831318,0.0,80.58617495633756,30.063191399439038,394.1623209954597,125.32245890190859,0.0,50.018759978901066
33.9,110.56119515282967,0.8229146587194719,11.555967565415616,0.0,80.57650292743193,30.072636251398045,394.513853122869,120.90036132037073,0.0,50.0089227565448
33.95,110.70706521717388,0.8103892463567502,12.22342350336157,0.0,80.56653985768563,30.082508219766094,395.75336958915966,124.5383718287401,0.0,50.01169655274119
34.0,110.85250085383484,0.8079757592275654,14.72005010499657,0.0,80.55693906612788,30.091826898882953,394.78468240590263,120.00989447186467,0.0,50.013837280446744
34.050000000000004,110.96003170036369,0.5973935918269107,14.762350888002958,0.0,80.54681012241343,30.101928487555742,396.06789395357555,126.61179643061166,0.0,49.960242483407974
34.1,111.10313987888156,0.7950454362104316,13.937954756428159,0.0,80.53745217233177,30.110863484190695,395.3875813136659,116.97437602089391,0.0,49.9681404909744
34.15,111.2247829463962,0.6757948195257923,15.98175626870611,0.0,80.52770939824326,30.12036678183926,395.85236920701334,121.78467610628896,0.0,49.97139493433515
34.2,111.40939204380328,1.0256060967059708,15.37878051648076,0.0,80.5177745656092,30.13014866400851,395.87839637494733,124.1854079257364,0.0,49.98903681750313
34.25,111.51780913646263,0.6023171814408051,15.247563276759045,0.0,80.5080581625864,30.139593119878707,394.68934401931034,121.45503778505405,0.0,49.99335475687426
34.300000000000004,111.67707994160064,0.8848378063222248,10.503064762742799,0.0,80.49828464569771,30.14911380209185,395.7247955067113,122.16896110851667,0.0,50.007577538240405
34.35,111.82333019276442,0.8125013953543457,14.561477097398313,0.0,80.48844148628747,30.15872942740512,395.47940853589904,123.0394926280278,0.0,50.00572389885109
34.4,111.98393425342276,0.8922447814352519,14.300198936735269,0.0,80.4784024043619,30.168629320866067,395.4844584335538,125.48852406961188,0.0,50.006351897816636
34.45,112.13594209339684,0.844487999855969,17.000588986308262,0.0,80.46863519048377,30.1781115123624,395.31659850955543,122.09017347666042,0.0,50.01045759333835
34.5,112.31182153012385,0.9771079818167603,8.421325134096083,0.0,80.45894116032648,30.187474446085965,395.86135550361473,121.17537696606234,0.0,50.0005651074302
34.550000000000004,112.44444429537212,0.7367931402681552,13.922539841153123,0.0,80.449175215773,30.196935888470097,395.4744682841119,122.07430691850283,0.0,49.989837580151686
34.6,112.53713763525015,0.5149629993223483,14.530914320548636,0.0,80.43972320851121,30.2059169634743,395.95461696371876,118.1500907722878,0.0,50.00463093650556
34.65,112.71001985638797,0.9604567840990687,12.254381964695606,0.0,80.4296571609132,30.21581011790786,395.2508182257293,125.82559497526982,0.0,50.03790767250953
34.7,112.85671250302511,0.8149591479840822,12.67506939436748,0.0,80.41987333519667,30.22527004636475,395.19090222581,122.2978214566348,0.0,49.98012630160315
34.75,112.97486046585853,0.6563775712967932,17.53489978926471,0.0,80.41040417628268,30.234248514689366,396.5196907982299,118.36448642484378,0.0,50.02742134781537
34.800000000000004,113.09543766052278,0.6698733036903,15.572101820300713,0.0,80.4003641466483,30.24407431062626,395.0759801570217,125.50037042985105,0.0,50.03622535363118
34.85,113.17905583244442,0.4645453995647132,18.43401741098689,0.0,80.39054539186172,30.253558368495494,395.4770397089434,122.73443483217112,0.0,50.02874518160872
34.9,113.32871594600269,0.8314450753237539,14.400204492021478,0.0,80.38047099067617,30.263416411905325,396.60883819422463,125.93001481938305,0.0,50.00497444520638
34.95,113.47629725825867,0.8198961791998499,11.995481323747084,0.0,80.37063710205797,30.272903828420716,395.29760582119644,122.92360772748424,0.0,49.96306007645619
35.0,113.63893891296166,0.9035647483499653,14.211140784430196,0.0,80.36076055788855,30.282445740846413,396.15775505743824,123.45680211763322,0.0,50.01197668345312
35.050000000000004,113.7626785858387,0.6874426270946516,13.913845813257096,0.0,80.35080144959072,30.29210195755232,395.05396960391676,124.48885372294228,0.0,50.004537460360254
35.1,113.87513689069202,0.6247683602962274,16.31858631001873,0.0,80.34059429982354,30.30212058024554,395.66655915134436,127.5893720897805,0.0,50.00333470339267
35.15,114.00917014362861,0.7446291829810325,16.258857914161084,0.0,80.33080976727275,30.311495258491462,396.0528588634713,122.30665688475017,0.0,49.93736190362512
35.2,114.13485015571985,0.6982222893957338,16.001895852852076,0.0,80.320731084914,30.3213017867711,396.78576115546247,125.983529484414,0.0,49.96983253225336
35.25,114.24832758823239,0.630430180625252,19.449104514037863,0.0,80.31079228491916,30.330888684976593,395.55160373549273,124.23499993552507,0.0,49.99074834371887
35.300000000000004,114.32975851869467,0.45239405812380595,17.519664422392513,0.0,80.30053970123056,30.340936671824515,395.66524600186074,128.15729610749923,0.0,50.00304600745095
35.35,114.48972419319588,0.8886981916734119,13.295622191440891,0.0,80.29033050494898,30.35090952957507,395.45372989239667,127.61495351981583,0.0,50.06359728977647
35.4,114.67150706294213,1.009904831923602,16.987070621443433,0.0,80.2802604248169,30.360663740243623,395.5976350388925,125.87600165106316,0.0,49.96579063900853
35.45,114.81768425255987,0.8120954978763304,15.042286445708248,0.0,80.27034430552335,30.3701772554437,396.13427555403376,123.9514911693271,0.0,49.973290862992805
35.5,114.93045998801493,0.626531863639205,14.551582136666207,0.0,80.26080570399623,30.379114980478935,395.7267976951459,119.23251908898546,0.0,50.0274148901495
35.550000000000004,115.05863017422342,0.7120565900471811,17.75094209958852,0.0,80.25072790236109,30.388852567951155,395.3258898348703,125.97252043914523,0.0,49.96283024124518
35.6,115.17999798653767,0.6742656239680418,13.097872833513245,0.0,80.24054111154783,30.39874390160311,395.7799753402881,127.33488516588216,0.0,49.96436535001798
35.65,115.31763753534322,0.7646641600308635,16.72928399775341,0.0,80.2301785304758,30.40888902930955,395.7608331871817,129.5322634003733,0.0,50.022646318850946
35.7,115.44945460479323,0.7323170525000068,16.338248148678254,0.0,80.21993665717584,30.41884295023018,395.75208570013945,128.0234162494926,0.0,50.01041441797403
35.75,115.55509445383584,0.5868880502366672,12.943601129858042,0.0,80.20961715305397,30.428903363462755,394.48378118199514,128.9938015233865,0.0,49.96997881132757
35.800000000000004,115.64365738112402,0.49201626271209137,11.479061661260513,0.0,80.19967497492917,30.438387727286496,395.4781861617355,124.27722656003506,0.0,50.00776273846616
35.85,115.76126207720564,0.6533594226756918,14.525599487180685,0.0,80.18946794090064,30.448259890602007,395.9946860884059,127.58792535663022,0.0,50.02296990597161
35.9,115.85953105048848,0.5459387404602616,8.717891497477272,0.0,80.17953960435972,30.457704135522796,395.6659073990903,124.10420676159038,0.0,49.98304336904556
35.95,115.93511769935235,0.4199258270214504,16.801591084901265,0.0,80.16944046085023,30.467395146651505,395.6381823268139,126.23929386860594,0.0,49.931825758470566
36.0,115.21511769935235,-4.0,15.206050003552845,100.0,80.15878043948202,30.477917783557164,395.5350738353642,133.25026710258567,0.0,49.988085934491735
36.050000000000004,114.49511769935235,-4.0,17.28144072557154,100.0,80.14829954794207,30.48816120308353,395.1487577535717,131.0111442493573,0.0,50.002650387716564
36.1,113.77511769935235,-4.0,14.897512246580892,100.0,80.13846113293788,30.49743066438674,396.4044760303363,122.98018755247375,0.0,49.997900305873884
36.15,113.11791375373315,-3.6511330312177472,17.25798656586846,91.27832578044368,80.12852743930024,30.506833774178798,396.1412663653911,124.17117047036413,0.0,50.01170278914922
36.2,112.39791375373315,-4.0,12.940651053144453,100.0,80.11870566538242,30.51605960128135,396.13835648558916,122.7721739727434,0.0,50.05076966458856
36.25,111.67791375373315,-4.0,15.043222329823317,100.0,80.10885766942125,30.52531553562181,395.630067426413,123.0999495145439,0.0,50.00341254167238
36.300000000000004,110.95791375373315,-4.0,13.123662769491746,100.0,80.0988343488876,30.534825200886665,395.2009563539118,125.29150667064019,0.0,49.99443364880577
36.35,110.2775276475023,-3.7799228123936435,13.570891027667189,94.49807030984108,80.08955405152624,30.54321082172783,395.2049025292862,116.00371701707569,0.0,49.98964399994604
36.4,109.61961655301431,-3.655061636044402,13.86043615011526,91.37654090111005,80.07997575995643,30.552035048260823,396.56122261095504,119.72864462267813,0.0,50.010719856098504
36.45,108.94782014965838,-3.732202240866291,14.26775868139476,93.30505602165728,80.07066172453578,30.560454066343535,395.4174617615117,116.42544275811946,0.0,50.027494973664616
36.5,108.25382008513611,-3.855555914012583,11.972645479072114,96.38889785031456,80.06091912879467,30.569507505888872,395.6231285715434,121.78244676400517,0.0,49.99114947068922
36.550000000000004,107.53382008513611,-4.0,14.204658670194588,100.0,80.05123993565665,30.578456788090012,395.1367831749959,120.98991422523154,0.0,50.00784060796115
36.6,106.84051102268268,-3.8517170136302026,13.223825020652797,96.29292534075506,80.04134595278435,30.58771930561037,395.6492192874845,123.67478590373915,0.0,49.98448781041477
36.65,106.12051102268268,-4.0,10.275603390995636,100.0,80.03196191958124,30.596207636109447,395.5145785512001,117.30041503907378,0.0,49.972117683124935
36.7,105.40051102268268,-4.0,9.308485729847812,100.0,80.0225711262203,30.604697618514738,396.30485696852327,117.38491701167551,0.0,49.99378186655855
36.75,104.68346712738774,-3.983577196082937,14.93629031056005,99.58942990207342,80.01350185940844,30.612696821114017,395.3928607656346,113.36583514829152,0.0,49.99700128799065
36.800000000000004,103.96346712738774,-4.0,8.002771152045991,100.0,80.0045400244467,30.62052687673552,395.41020367439506,112.02293702181076,0.0,50.037843376607995
36.85,103.24346712738775,-4.0,12.030391599746602,100.0,79.99539426279703,30.628624992333286,396.12743232042783,114.32202062082888,0.0,50.01766799137865
36.9,102.58005909364383,-3.685600187466184,9.269160462369953,92.14000468665459,79.98623345893432,30.636737573135026,395.6277468244086,114.51004828395233,0.0,50.00545105245943
36.95,101.86005909364383,-4.0,15.417715132423792,100.0,79.97738527107985,30.644373117343598,396.1776951977078,110.60234818089096,0.0,50.00683381771916
37.0,101.15220850886018,-3.932503248798018,12.950407157662594,98.31258121995045,79.96862629129794,30.65186721389913,395.32862135490177,109.48724727397321,0.0,50.00292474113931
37.050000000000004,100.43530228865983,-3.982812334446418,12.296709972483411,99.57030836116046,79.95988722702475,30.659323943095007,395.05517688957445,109.23830341479977,0.0,50.01015323537777
37.1,99.73629774597735,-3.8833585704582196,9.82623756791999,97.08396426145549,79.95092861886503,30.66710253139148,397.17582783560647,111.98260199639105,0.0,49.99217604993359
37.15,99.04000532760787,-3.86829121316377,8.50301355098957,96.70728032909425,79.94239190925404,30.674240493276578,395.5248448313082,106.70887013742389,0.0,50.00417283812974
37.2,98.32887126287433,-3.9507448040752693,11.405811432539435,98.76862010188174,79.9337395766552,30.681544751681553,395.62679275073793,108.15415748544386,0.0,49.996501402359925
37.25,97.60887126287433,-4.0,10.797849692028347,100.0,79.92567368017976,30.687962051643044,396.7293971517554,100.82370594310072,0.0,49.98458641480656
37.300000000000004,96.88887126287433,-4.0,8.490371182146284,100.0,79.9172042214686,30.694978277658144,395.39059022703304,105.86823388952986,0.0,49.98835292801077
37.35,96.16887126287433,-4.0,8.21209679056399,100.0,79.90885654710993,30.70180481091847,396.1461704877677,104.34592948321622,0.0,50.00959465031045
37.4,95.45758679440485,-3.951580380386013,7.9020354077480555,98.78950950965032,79.90015863024539,30.70914988140437,396.37720458859036,108.72396080683896,0.0,50.019243290862924
37.45,94.7568101740256,-3.8932034465513423,7.6172998484098144,97.33008616378356,79.89152034436877,30.71639816033789,396.3186916245528,107.97857345766992,0.0,49.99926585608762
37.5,94.0368101740256,-4.0,8.505110785926394,100.0,79.88304993662105,30.72338737379914,396.63664653755154,105.88009684660567,0.0,50.01297131675932
37.550000000000004,93.35258913570523,-3.801227990668774,10.185055514694126,95.03069976671935,79.87523069569497,30.72939284781447,395.93909662258795,97.7405115760693,0.0,49.99450291791939
37.6,92.63258913570523,-4.0,10.288262863446489,100.0,79.86693823510062,30.736102145858183,396.15903637623444,103.65575742938528,0.0,50.02273737266901
37.65,91.91258913570523,-4.0,8.967188954154825,100.0,79.85858022676035,30.742903056222733,396.7422399209055,104.47510425341045,0.0,50.0241108112896
37.7,91.24652201850596,-3.7003728733292856,9.077160036629348,92.50932183323214,79.85084503462085,30.748762941375762,396.6323253973895,96.68990174376474,0.0,49.98784941918089
37.75,90.52835567407352,-3.9898130246245995,9.664209804184221,99.74532561561499,79.84331957941889,30.75430236123732,396.33041431113185,94.06819002444033,0.0,50.02649473931255
37.800000000000004,89.83253701564301,-3.8656592135028482,4.3250786132158066,96.64148033757121,79.8353486543476,30.760504446483026,397.3040695227188,99.63656339121493,0.0,50.003544602905365
37.85,89.11253701564301,-4.0,8.489325641395952,100.0,79.82696383469786,30.76732117151114,396.2175291363358,104.81024562163827,0.0,50.00044960592307
37.9,88.39253701564301,-4.0,10.438297254249738,100.0,79.8195365413301,30.772694790391277,397.0663176771723,92.84116709709505,0.0,49.98995749742119
37.95,87.67253701564302,-4.0,3.6875633344665686,100.0,79.81202048577468,30.778196178934003,397.11539510829454,93.95069444263336,0.0,50.02316445337592
38.0,86.95253701564302,-4.0,1.7966282935458207,100.0,79.80414044645768,30.784238041730568,396.14730275081854,98.50049146249157,0.0,49.998980482693895
38.050000000000004,86.23253701564302,-4.0,6.655649310337715,100.0,79.79660946452425,30.78975027658897,396.8585272634199,94.13727416777198,0.0,50.031071293369884
38.1,85.51253701564302,-4.0,8.923800001723837,100.0,79.78903876236214,30.795316579555553,397.4380685540683,94.63377702645478,0.0,50.01794388836066
38.15,84.82489705122897,-3.820222024522496,6.156183109193243,95.5055506130624,79.78167293572474,30.80057000293209,396.9461923416789,92.07283296743844,0.0,50.034118805574174
38.2,84.10489705122897,-4.0,7.459842451773676,100.0,79.77383416787676,30.806527584701136,396.9353219498934,97.98459809980568,0.0,50.00051348907316
38.25,83.39989177739871,-3.9166959657237137,6.569891737273071,97.91739914309284,79.7665886837272,30.81158928334076,396.86649996033384,90.56855186936205,0.0,50.03347948990542
38.300000000000004,82.70639173063003,-3.8527780376037826,3.344901346115395,96.31945094009457,79.75924776986145,30.81678906485606,396.7668251666159,91.76142332201995,0.0,50.00102795708634
38.35,82.04062812605703,-3.698686692072229,3.476881227476176,92.46716730180573,79.75214790875545,30.821622067450203,396.5542030951542,88.74826382498121,0.0,50.00270851970491
38.400000000000006,81.34085714509145,-3.887616560919872,1.7400623169043392,97.19041402299679,79.74461823975615,30.827094948881694,396.342737334993,94.12086249116324,0.0,50.00105224151823
38.45,80.62085714509145,-4.0,7.864470136266387,100.0,79.73777160539446,30.83153780547536,397.0934389490968,85.58292952122424,0.0,50.02733358357437
38.5,79.90085714509145,-4.0,6.22662056145113,100.0,79.73039040091123,30.836778074394722,396.6222395091489,92.26505604031402,0.0,50.011487085665586
38.550000000000004,79.18814722628105,-3.959499548946686,4.050082898037395,98.98748872366716,79.72349829010625,30.841279462527794,396.9795148468663,86.15138506223477,0.0,50.006279303049986
38.6,78.5122778600177,-3.7548298125741493,3.4982014767013636,93.87074531435373,79.71661448234056,30.845763894713805,396.78701518809584,86.04759707114883,0.0,50.009038445667876
38.650000000000006,77.7922778600177,-4.0,2.0749703033716322,100.0,79.70987825461218,30.850022472411673,396.65524833806677,84.20284660485768,0.0,50.034147240273434
38.7,77.10702953595249,-3.806935133695631,4.180927530160405,95.17337834239078,79.70248085830326,30.85526854440264,395.9091060879957,92.46745386148719,0.0,49.97481057591248
38.75,76.3870295359525,-4.0,1.6483271902505467,100.0,79.69602670989754,30.85909449846682,396.8362991011817,80.67685507152359,0.0,50.01791561022075
38.800000000000004,75.68383979370046,-3.9066096791779614,2.0719371888713782,97.66524197944904,79.6892624732095,30.863381759000415,396.84924714049504,84.55295860050468,0.0,50.01057871093916
38.85,74.9655355686649,-3.9905790279752558,1.250877195714071,99.76447569938139,79.68286908952483,30.867108452768417,396.78887204920926,79.91729605834213,0.0,49.99959810903248
38.900000000000006,74.27117326544492,-3.8575683512221746,3.7544259519997913,96.43920878055437,79.67675057378543,30.870419117924744,396.4396136592584,76.48144674246481,0.0,49.977568678774446
38.95,73.62457898145264,-3.5921904666237094,1.6225940225326538,89.80476166559274,79.67012503715087,30.87448700375866,396.9394753241768,82.81920793201515,0.0,50.01222122400148
39.0,72.95137269613106,-3.740034918453242,1.8961534085698877,93.50087296133105,79.66418330923752,30.87752510862494,396.3479438225544,74.27159891698595,0.0,50.01326430880513
39.050000000000004,72.27276281396458,-3.7700549009248894,-0.975916034425226,94.25137252312223,79.6585263232053,30.88013306256465,397.81537289823166,70.7123254027756,0.0,49.963533657129545
39.1,71.5969219759979,-3.7546713220370864,-0.25096193429745917,93.86678305092715,79.65205918975833,30.883953629672526,396.4340602278126,80.83916808702264,0.0,50.02097807430343
39.150000000000006,70.92113588561953,-3.754367168768736,1.0432923233315547,93.8591792192184,79.645083631749,30.88853301305685,395.53769634438163,87.19447511664585,0.0,50.01390754295721
39.2,70.30254798584112,-3.436599443213421,-2.754802244523561,85.91498608033552,79.63936611785151,30.891220750890042,397.39031551389445,71.4689237187325,0.0,49.99586455672896
39.25,69.67050352917138,-3.511358092609651,-0.32042383374363764,87.78395231524128,79.63323880103532,30.89452050536344,396.55655401546204,76.59146020241673,0.0,50.01561082218993
39.300000000000004,69.05268973191833,-3.432298873628049,-0.20642415721210475,85.80747184070123,79.62754429656489,30.897167741563724,397.8057712729339,71.18130588037452,0.0,49.9918149938678
39.35,68.39196834377292,-3.670674378585662,-3.005247380272076,91.76685946464154,79.6218966450974,30.899742051023416,398.0005974891788,70.59564334379236,0.0,49.998653146943816
39.400000000000006,67.77723506521976,-3.4151848808509,1.2773630764873154,85.37962202127251,79.61550830439629,30.903424820024064,397.51689261465117,79.85425876391018,0.0,49.98403708590427
39.45,67.10745689061461,-3.7209898589174384,-0.38816351474383826,93.02474647293596,79.60965679947059,30.906298652592596,397.18088267949724,73.14381157129948,0.0,50.03052606399973
39.5,66.53560957274185,-3.176929543737584,-1.6846545058276508,79.4232385934396,79.60372992938176,30.909282659073238,397.17777126795716,74.08587611028774,0.0,49.996002408258036
39.550000000000004,65.95164455397989,-3.244250104233126,-3.0831755715588143,81.10625260582816,79.59797129417188,30.912011329228967,397.8086390883091,71.9829401233516,0.0,50.00007410701595
39.6,65.3548568656136,-3.315487157590526,-5.216628310123794,82.88717893976315,79.59234754354125,30.914534943845684,396.9274809192954,70.29688288287035,0.0,49.98892469692328
39.650000000000006,64.70336588449577,-3.6193943395435113,-0.3862436406221772,90.48485848858778,79.58702250206541,30.916607971115603,396.9534980057061,66.56301844803895,0.0,50.029968405513
39.7,64.09444072848675,-3.3829175333834547,-3.478896222837503,84.57293833458637,79.5814638223242,30.919029382756296,397.5868803200279,69.48349676507988,0.0,49.950424869641985
39.75,63.480156821092066,-3.4126883744148664,-5.682818126780592,85.31720936037166,79.5757729138882,30.921646716027535,397.1005375648053,71.13635544996708,0.0,49.99037119954219
39.800000000000004,62.90414179179968,-3.2000834960687956,-4.615926183349295,80.00208740171989,79.57022537109164,30.924046383506354,396.99009279157775,69.3442849570443,0.0,49.957522501602234
39.85,62.34820973261934,-3.08851143989078,-2.544325364955678,77.21278599726949,79.56454856323415,30.926637548909078,397.30724049400334,70.9600982185682,0.0,49.993721150905046
39.900000000000006,61.79573878547653,-3.069283039682276,-3.26345131400511,76.7320759920569,79.55937332057972,30.928473775341818,396.6509115122317,64.69053318039764,0.0,50.00447785414136
39.95,61.2821768779404,-2.853121708534044,-6.165594915615241,71.32804271335111,79.55362390427246,30.931169426027388,397.2571791058882,71.86770384092338,0.0,49.97234476787814
40.0,60.72915404465146,-3.072349073827458,-2.0531701089368015,76.80872684568645,79.54825607527906,30.933290000091453,397.281022529046,67.09786241745273,0.0,50.01728087252148
40.050000000000004,60.216734233101725,-2.8467767308318677,-7.448492058795541,71.1694182707967,79.54284149507109,30.935478580403323,395.795540799262,67.68225259969019,0.0,50.01090484408857
40.1,59.6663500280791,-3.0576900279034667,-2.1732956539969592,76.44225069758667,79.5378615245019,30.937013057676683,396.75093355405545,62.249632114699274,0.0,49.99623053179253
40.150000000000006,59.14307101366676,-2.9071056356240956,-4.781629118451694,72.67764089060239,79.53258787272205,30.9389865222888,396.5234307701836,65.92064724828805,0.0,50.014091528341154
40.2,58.604905887821026,-2.989806254698537,-6.220305575395127,74.74515636746342,79.52727674213345,30.9410142316494,397.35176353692634,66.38913235739903,0.0,49.98264752739546
40.25,58.08524364953408,-2.887012434927503,-6.235819507729103,72.17531087318757,79.52242933403512,30.942344329565245,398.0262457598621,60.592601229110024,0.0,49.969775546270085
40.300000000000004,57.56132683392007,-2.9106489756333707,-5.849949027220723,72.76622439083427,79.51713724502656,30.944340118748528,397.2522785415116,66.1511126070576,0.0,49.99808331000714
40.35,57.024966961145466,-2.9797770709700284,-5.216560094897021,74.49442677425071,79.51255750146676,30.945265393969482,397.546000011162,57.24679449751287,0.0,50.01227171032023
40.400000000000006,56.590426864002374,-2.4141116507949607,-10.105952280727218,60.35279126987402,79.50792657753725,30.946266514469787,397.84774101957333,57.886549118946654,0.0,50.00178024507358
40.45,56.08986136037948,-2.7809194645716215,-8.340898634485773,69.52298661429055,79.50317321601554,30.94745029023789,397.9763092561618,59.417019021418135,0.0,49.95595486462043
40.5,55.60064247772908,-2.717882681391087,-6.993214849321271,67.94706703477718,79.49822495641904,30.9489252293424,398.2802362360787,61.85324495624731,0.0,50.02879886278201
40.550000000000004,55.12080677432866,-2.665753907780085,-4.99829354425321,66.64384769450213,79.49330833221336,30.950351240421583,397.3318407628827,61.45780257103755,0.0,49.98728394886905
40.6,54.62991488353945,-2.727177171051206,-5.345239397046776,68.17942927628015,79.48860091685158,30.951462012223818,397.8377975709352,58.842692022154345,0.0,49.98385512389081
40.650000000000006,54.0749496064553,-3.083140428245274,-4.685433018514422,77.07851070613185,79.48368757704469,30.95288055992194,398.5496130939474,61.41674758621163,0.0,49.99876233529745
40.7,53.598401738098296,-2.647488157538914,-5.964498113164802,66.18720393847285,79.4793203716454,30.953478487460963,397.02867750428805,54.59006749119509,0.0,50.01553131103423
40.75,53.08307947734469,-2.8629014486311433,-10.032323832512361,71.57253621577858,79.47468994127408,30.95447065453048,398.03371229363256,57.88037964146442,0.0,49.989327315016816
40.800000000000004,52.6092720959905,-2.6322632297455186,-8.652110890604387,65.80658074363797,79.46988728031427,30.955720175315662,397.44677475738314,60.0332619976091,0.0,49.98534991889352
40.85,52.14343149900285,-2.5880033165980265,-6.692808733558129,64.70008291495066,79.46542096969301,30.95646392107222,397.0614906707576,55.82888276562721,0.0,50.039787191171634
40.900000000000006,51.62647966699865,-2.8719546222455703,-7.1544602380061555,71.79886555613926,79.46092678435741,30.95724873515456,397.9706755885335,56.1773166951043,0.0,49.98926261734258
40.95,51.162064961564525,-2.5800816968562432,-9.7462807117197,64.50204242140607,79.45670256635054,30.9576278134297,397.6390427984313,52.802725085771726,0.0,50.02202385066759
41.0,50.661886265582055,-2.77877053323596,-8.565502898465482,69.469263330899,79.45239462693225,30.958132094743725,397.2867977090074,53.849242728785526,0.0,50.00310928488738
41.050000000000004,50.14074837721398,-2.8952104909337586,-8.503866946015982,72.38026227334396,79.44788754602507,30.95893458400975,398.4633804761577,56.33851133973101,0.0,50.00707500956745
41.1,49.64919478426128,-2.730853294181648,-9.918873745218876,68.2713323545412,79.4433886832386,30.959723943605447,398.0044313721959,56.23578483087948,0.0,49.97693969236135
41.150000000000006,49.19913447259508,-2.5003350648122527,-7.907837695673701,62.508376620306315,79.43931495866916,30.959874806516,397.2724935232884,50.921557117992236,0.0,49.97335708488617
41.2,48.751518572778345,-2.4867549989818376,-11.852216903388038,62.16887497454594,79.43485829042407,30.960599934077116,397.80584357683944,55.708353063587516,0.0,50.00158992126183
41.25,48.29907663283212,-2.513566333034598,-8.13101459802752,62.83915832586495,79.4312543731824,30.960045210005553,399.02929696995704,45.048965520953324,0.0,49.98211455991693
41.300000000000004,47.878864961304515,-2.334509286264472,-11.656609883324263,58.3627321566118,79.42657253743685,30.961107918413855,396.84530221520225,58.522946819243685,0.0,49.98375197682887
41.35,47.441571123313736,-2.4294102110599027,-14.223919891357879,60.73525527649757,79.42295008381537,30.960580490927672,398.17437604775785,45.280670268595514,0.0,49.977974863583775
41.400000000000006,47.0250857866269,-2.3138074260379558,-14.808977237061793,57.84518565094889,79.41909290884603,30.960405672890765,397.2127821945589,48.21468711682811,0.0,50.01554710125476
41.45,46.62215851912482,-2.2384848194560267,-11.227367160366178,55.96212048640067,79.41484271869922,30.960820552438072,398.6474251586895,53.1273768349954,0.0,49.98628586757854
41.5,46.26700679104119,-1.9730651560201524,-13.875552285463087,49.32662890050381,79.41074183895596,30.961011051500535,397.1560546878877,51.26099679084171,0.0,49.99329921954529
41.550000000000004,45.847831853463724,-2.3287496532081544,-8.264706652031254,58.21874133020386,79.40685467654397,30.96088078406702,398.11804548160586,48.58953014988242,0.0,50.020340436128365
41.6,45.46736888707042,-2.1136831466294743,-13.434962678226851,52.84207866573686,79.40263842576056,30.96124427945808,397.3323573930999,52.703134792727774,0.0,50.01996935809246
41.650000000000006,45.06420968765287,-2.239773330097504,-12.21497952856156,55.9943332524376,79.3987058878458,30.961181842050767,397.7045569749306,49.15672393454694,0.0,49.98582977026362
41.7,44.66624460888364,-2.21091710427352,-13.787891351307062,55.272927606837996,79.39493197603316,30.96088152792766,398.80108539564924,47.17389765788182,0.0,50.00614821532988
41.75,44.26183675653076,-2.2467102908492924,-15.753231420849628,56.16775727123231,79.39101715847357,30.96079287273913,397.7420512627402,48.935219494959135,0.0,50.04891957222876
41.800000000000004,43.867128558922424,-2.192823320046326,-11.818658831169344,54.820583001158155,79.38686558220735,30.961059444265736,397.4175249943298,51.894703327860675,0.0,49.994527698905905
41.85,43.46618407775074,-2.227469339842704,-16.10528815640862,55.686733496067596,79.38311370979096,30.96072619344606,398.01049839356267,46.89840520492713,0.0,49.985975480147374
41.900000000000006,43.10167878134797,-2.025029424459818,-12.297472593596217,50.62573561149545,79.379236996932,30.960580536541077,398.613282622123,48.458910737184425,0.0,49.97372743781992
41.95,42.694161264677916,-2.2639862037225456,-13.733849422217544,56.59965509306364,79.37577201303823,30.95981743184517,397.81000436615227,43.312298671965266,0.0,49.99126408879784
42.0,42.2693957394207,-2.3598084736511717,-15.364325759278378,58.99521184127929,79.37159380910109,30.960124920319032,398.26673241606215,52.227549214229185,0.0,50.01888644704236
42.050000000000004,41.874450271414275,-2.1941414889246063,-10.992195629652967,54.853537223115154,79.36799324246878,30.959565645347173,397.85341596793126,45.00708290381915,0.0,49.970965891724695
42.1,41.48031362741759,-2.1896480222038353,-12.298762250462877,54.74120055509588,79.36417609737165,30.95933179734752,398.1550868732894,47.714313714131436,0.0,50.02571994729357
42.150000000000006,41.092456267293564,-2.1547631118001163,-13.208015267549566,53.86907779500291,79.36063110657948,30.958689951738446,397.94717722068464,44.31238490228383,0.0,50.003400910571216
42.2,40.71880648233004,-2.075832138686249,-12.07703662776142,51.89580346715622,79.35685415559415,30.958396688264695,397.18979721038045,47.21188731656976,0.0,50.014721122674764
42.25,40.33789731785717,-2.116162024849286,-17.081916691020407,52.904050621232145,79.35332950851375,30.957725262197016,397.4961554847181,44.058088504887785,0.0,49.95830788494692
42.300000000000004,39.93754361814964,-2.2241872205974036,-15.108750983715598,55.60468051493509,79.34986772713802,30.956960208998424,398.7741307140559,43.27226719671611,0.0,50.033493693334826
42.35,39.54438110637798,-2.18423617650919,-13.327089958151301,54.60590441272976,79.34632230350066,30.95632138424548,398.99746560732365,44.3177954671112,0.0,49.999141178340864
42.400000000000006,39.17590593596941,-2.047084280047611,-9.495160066173064,51.17710700119027,79.34266561887887,30.955850089793923,397.74597726871804,45.70855777239488,0.0,49.98970802321432
42.45,38.776404488476985,-2.2194524860690406,-13.928268426177798,55.48631215172601,79.33943528567418,30.954739739511165,397.1115457731291,40.379165058629795,0.0,50.02574184519894
42.5,38.39696211644604,-2.1080131779496996,-15.40776505895871,52.70032944874249,79.33622954327438,30.953593613371346,397.75060660453147,40.0717799974488,0.0,49.976400566367744
42.550000000000004,38.05520778317822,-1.8986351848212204,-19.151364529863535,47.46587962053051,79.33294875885812,30.952561196382366,399.0027272646619,41.00980520324232,0.0,50.041875577016455
42.6,37.71910521828289,-1.867236471640707,-10.768666202115234,46.68091179101768,79.33004694520172,30.950961355670593,398.0950552339691,36.27267070509066,0.0,49.97931284459813
42.650000000000006,37.367390437262394,-1.9539710056694335,-14.122895161474322,48.84927514173584,79.32654009748056,30.95027066589665,398.17321169493454,43.8355965143903,0.0,49.9872686134524
42.7,37.05875680904142,-1.7146312678943099,-15.032590814441953,42.86578169735775,79.32328003872043,30.94921048337095,397.88959518911497,40.7507345016621,0.0,50.032284921887495
42.75,36.7095420726697,-1.9400818687317936,-19.312447883668156,48.50204671829484,79.31993668350546,30.948276305710024,398.42956329282384,41.7919401870306,0.0,49.94666165043934
42.800000000000004,36.39646294343934,-1.739328495724239,-15.037698964299024,43.48321239310597,79.31676802228083,30.947081021241264,399.2058177919048,39.60826530790034,0.0,50.026522581400734
42.85,36.0415523129609,-1.9717257248801914,-14.602631445526677,49.293143122004786,79.31405768795406,30.945199441710166,398.1905591217483,33.87917908454008,0.0,49.975969610681624
42.900000000000006,35.70141897251049,-1.8896296691689722,-15.951197717682543,47.240741729224304,79.31052314941948,30.94455605007033,398.1393760422472,44.18173168227196,0.0,49.98464408880537
42.95,35.39647606297283,-1.6941272752092182,-17.603673327875057,42.35318188023046,79.30741775985751,30.9432695783632,396.8849031866675,38.81736952449889,0.0,49.97830077393087
43.0,35.10618529113007,-1.6127265102375778,-17.74887331686075,40.31816275593945,79.30433722215034,30.941947115345595,398.62105632357276,38.50672133965244,0.0,49.96117371758805
43.050000000000004,34.772336685484305,-1.8547144758097929,-11.128219886868466,46.36786189524482,79.3013861199642,30.940431821509446,398.7545406068033,36.88877732664117,0.0,49.97097093351253
43.1,34.48982423387929,-1.569513620027852,-14.793526129130592,39.2378405006963,79.29831325646339,30.939100684939156,398.2336731768742,38.41079376015799,0.0,50.03428760640713
43.150000000000006,34.154021499955846,-1.8655707440191471,-16.05590527284258,46.63926860047868,79.2953800122685,30.937561450546564,398.17044002407954,36.66555243624179,0.0,50.017099195063295
43.2,33.84861373995005,-1.6967097778099378,-14.924941995783287,42.417744445248445,79.29273658224658,30.93558903412889,398.2614600461837,33.04287527392234,0.0,49.99088549978319
43.25,33.5415227011906,-1.7060613264413973,-15.058281494263536,42.65153316103493,79.28983503784526,30.934005761696717,398.69256896774397,36.26930501631192,0.0,50.01108322970164
43.300000000000004,33.233860868917844,-1.7092324015152973,-17.87120349637366,42.730810037882435,79.28710675877328,30.932164174542997,398.40574864874753,34.10348839979286,0.0,50.02980883228201
43.35,32.92081033105924,-1.7391696547700173,-13.14263277753565,43.47924136925043,79.28442571563701,30.93025357507284,398.42860870725974,33.51303920320412,0.0,49.99613678646123
43.400000000000006,32.58757801204583,-1.85129066118563,-15.329638216271825,46.28226652964075,79.28158942376476,30.928577759306147,397.4783133823505,35.4536484031648,0.0,50.028215257086245
43.45,32.2721564538606,-1.7523419899179182,-14.700492630541396,43.80854974794796,79.27895145453125,30.92660613539709,398.8857434371301,32.974615418745486,0.0,49.98757246783905
43.5,31.971213949887055,-1.671902799853053,-11.935103377110153,41.797569996326324,79.27630409442709,30.924650569417935,398.9752479930114,33.092001302001684,0.0,50.01987769206956
43.550000000000004,31.697150769501206,-1.5225732243658148,-17.474238498582196,38.06433060914537,79.27348051391901,30.92296128961064,398.678491123062,35.29475635103389,0.0,49.99422894439487
43.6,31.429999568889265,-1.4841733367330057,-16.35473728465916,37.10433341832514,79.27073239718739,30.921160503418466,397.9970143508367,34.351459145315964,0.0,50.018081298986004
43.650000000000006,31.13155067074207,-1.6580494341510934,-14.126674961002344,41.451235853777334,79.26817480570318,30.919075730141362,399.14635905935535,31.96989355262208,0.0,49.9936833166336
43.7,30.838089534372678,-1.6303396464966238,-12.911579269173297,40.758491162415595,79.26547155081356,30.917211536745654,398.7246092095599,33.790686120269115,0.0,50.000477288423795
43.75,30.53963495690246,-1.6580809859456433,-15.87228318720509,41.452024648641085,79.26287083075026,30.91519540530386,398.37098733385056,32.50900079125613,0.0,50.01787636707115
43.800000000000004,30.24705622816454,-1.6254373818773393,-15.696913198025388,40.635934546933484,79.26038329786361,30.913011509228532,398.3679066714891,31.094161083144844,0.0,50.000205734546746
43.85,30.004510894110847,-1.347474078076055,-13.233462673313014,33.686851951901374,79.25755040271345,30.911347840444545,398.2426742932711,35.41118937701671,0.0,50.03616598188987
43.900000000000006,29.780638782822177,-1.2437339516037318,-9.8753901830607,31.093348790093295,79.2549821660786,30.90928884755637,398.2793617434671,32.10295793556647,0.0,49.99657935756765
43.95,29.484783673914603,-1.6436394939309598,-14.183699587233683,41.09098734827399,79.25271824145001,30.906775445651697,398.00133854932983,28.299057857370062,0.0,49.98938666220522
44.0,29.1876632123,-1.6506692311922453,-15.787879324268394,41.26673077980613,79.2498917217552,30.905108449748244,398.2778182645744,35.33149618500351,0.0,49.99030711620769
44.050000000000004,28.907962015612394,-1.5538955371533505,-16.24941396671087,38.84738842883376,79.24706790673989,30.903439063821462,399.0707693509955,35.29768769139584,0.0,50.02510764921816
44.1,28.619389401103625,-1.6031811917153818,-14.320455871915462,40.07952979288454,79.24476845176663,30.90098480721753,398.2570705457758,28.74318716575161,0.0,50.03627472140629
44.150000000000006,28.328963499197258,-1.6134772328131424,-12.238803525283702,40.33693082032856,79.24223179393437,30.898888809158702,398.2757465140415,31.70822290324707,0.0,50.014366959226614
44.2,28.049223482194208,-1.5541112055724902,-8.189520794711067,38.85278013931225,79.2395357351035,30.89703400859583,398.05980525570305,33.70073538572425,0.0,50.004388799172396
44.25,27.78459309067842,-1.4701688417543697,-13.544701463033663,36.75422104385924,79.23688220879146,30.895117264055305,397.78213412308065,33.1690789005807,0.0,50.00024690914852
44.300000000000004,27.49955754088173,-1.5835308322038264,-10.151155930391713,39.58827080509566,79.23474345102336,30.892430283443392,398.07618098940094,26.734472101187247,0.0,49.9887379984504
44.35,27.282288041395475,-1.2070527749236493,-12.838685250017425,30.176319373091232,79.23224174213065,30.89029041649902,398.26152930280875,31.271361158914715,0.0,49.987031637500635
44.400000000000006,27.00038378020587,-1.5661347843867086,-12.874987953184336,39.15336960966771,79.22986683545469,30.88796248609647,397.8995426490258,29.68633344957505,0.0,50.00857606435668
44.45,26.727101687941552,-1.5182338459128817,-10.23009754742925,37.955846147822044,79.22725668123412,30.88598975494122,398.33906195940347,32.626927757061,0.0,49.995947020134
44.5,26.508406030510113,-1.214975874619102,-12.817154615308247,30.37439686547755,79.22484757002168,30.883717432004943,397.44460556260987,30.113890155517144,0.0,50.01073634913196
44.550000000000004,26.204048233327843,-1.690876651012604,-14.82288622787074,42.2719162753151,79.22181026320837,30.88238967479291,398.1459201904375,37.96633516643692,0.0,49.99761749932567
44.6,25.98678134978109,-1.2070382419264114,-10.273166215078877,30.175956048160284,79.21935795416024,30.880185748690312,399.2636785102631,30.653863101622115,0.0,50.01949935688868
44.650000000000006,25.78284790254335,-1.1329635957652349,-15.720759526858057,28.32408989413087,79.21761930061963,30.87691354325254,399.0079999326483,21.733169257656137,0.0,50.05143860290483
44.7,25.55894418370441,-1.2439095491052319,-10.338488487004511,31.097738727630798,79.21523350715233,30.874615319910234,397.8899050071608,29.822418341205086,0.0,50.00563659248837
44.75,25.284138625780347,-1.5266975440225572,-12.21316570566877,38.167438600563926,79.2133285099629,30.871598200374475,399.2757358198572,23.81246486792405,0.0,49.98088234823944
44.800000000000004,25.06397512290265,-1.223130571542749,-12.621844819527007,30.578264288568725,79.21111759366732,30.86904297661747,398.1078552401388,27.636453694750845,0.0,49.98907103884904
44.85,24.788390976700693,-1.5310230344553128,-12.489862878901041,38.27557586138282,79.20859193330186,30.866962424189055,398.4623236295899,31.570754568347866,0.0,49.988815950525485
44.900000000000006,24.556458211293503,-1.2885153633732884,-11.948027247949756,32.21288408433221,79.20671809792138,30.863906214835577,397.73528691440225,23.4229422559421,0.0,49.974974387329546
44.95,24.320236358905383,-1.3123436243784357,-12.346661927818664,32.80859060946089,79.20456320702203,30.861274644969768,399.0486168453232,26.936136241885897,0.0,49.98879297015156
45.0,24.859164289282013,2.9940440576479532,-10.37989949163572,0.0,79.20201109968255,30.859241531334025,398.04060796306027,31.901341743559247,0.0,49.9952397655424
45.050000000000004,25.390944766684882,2.9543359855715,-11.883771865265375,0.0,79.20004849042834,30.856326203683995,399.1303420146451,24.532615677549835,0.0,50.04195021228089
45.1,25.93094476668488,3.0,-14.701545525194906,0.0,79.19820236883189,30.853239059875,398.50829056398175,23.076519955752993,0.0,50.025295596941
45.150000000000006,26.47094476668488,3.0,-10.651735791850522,0.0,79.19623342808994,30.85033923192804,398.91538899951746,24.61175927428478,0.0,50.02442944400415
45.2,27.01094476668488,3.0,-8.51577680478289,0.0,79.1938511955074,30.848062241569906,398.74162362200855,29.777907281632096,0.0,50.03521804772255
45.25,27.498218747373578,2.7070776704927626,-14.167374223050427,0.0,79.19097747899403,30.846524754098404,398.2386275360304,35.92145641724329,0.0,49.98935244301401
45.300000000000004,28.038218747373577,3.0,-10.012313510617815,0.0,79.18874493008029,30.84402705271491,399.01433700272736,27.90686142171876,0.0,49.97256448884418
45.35,28.578218747373576,3.0,-10.69670816911977,0.0,79.18630495370901,30.84184299021911,398.4939848323372,30.49970464096624,0.0,49.989939949745626
45.400000000000006,29.118218747373575,3.0,-7.677641699896873,0.0,79.18368995270501,30.839923648734892,399.65462525281697,32.687512549997216,0.0,49.99756802819307
45.45,29.658218747373574,3.0,-9.831224629275388,0.0,79.1811993559152,30.837819620270878,398.92954713185736,31.132459872657673,0.0,50.00479167288291
45.5,30.126387165181622,2.600935654489161,-7.534019920020006,0.0,79.17821785645316,30.836454049843674,398.3075658107375,37.26874327555152,0.0,49.99503153584058
45.550000000000004,30.66638716518162,3.0,-7.5426712597848535,0.0,79.17596264154935,30.834000418149547,397.7056429557248,28.190186297633733,0.0,49.963286026191454
45.6,31.158639335156064,2.734734277635793,-7.239962446597911,0.0,79.17314521920761,30.832392551244,397.6092208452933,35.21777927167966,0.0,50.02511154731839
45.650000000000006,31.69344588325462,2.971147489436414,-5.222246982521495,0.0,79.17036478351726,30.83073081222828,398.1827687426608,34.755446129377596,0.0,49.983122898495914
45.7,32.17654990235117,2.6839112172030757,-8.541781050799846,0.0,79.16739999330122,30.82934726674011,397.82857500314265,37.05987770050721,0.0,49.9802924399186
45.75,32.699137298610886,2.90326331255396,-7.719808701524658,0.0,79.16425361480664,30.828237487215233,398.33518454403867,39.3297311821717,0.0,49.99530141143504
45.800000000000004,33.166677217668,2.5974439947617647,-6.748019489959535,0.0,79.16119758663376,30.826993291987343,398.1981744260659,38.20035216102552,0.0,50.007660263009036
45.85,33.675800986822,2.828465384188875,-7.140918683167582,0.0,79.15844699754399,30.82529218233002,399.350808368299,34.38236362221019,0.0,49.988407600646475
45.900000000000006,34.17064757097446,2.7491476897358917,-7.570922054783985,0.0,79.15508362196306,30.82451195351908,397.97572370517275,42.04219476160325,0.0,50.0161419423131
45.95,34.695025274100026,2.913209461808686,-8.5887390843658,0.0,79.1518715936118,30.823505484092436,398.70380169643613,40.15035439062531,0.0,49.983187525856714
46.0,35.1589123860385,2.577150621880432,-6.496513304023352,0.0,79.14853703628171,30.822683814603472,399.00425069704977,41.6819666260662,0.0,49.994826140415164
46.050000000000004,35.65821393331208,2.773897484853209,-9.241752978585014,0.0,79.14540861310643,30.821553765551787,397.90144826995896,39.105289690986446,0.0,49.9930712749563
46.1,36.0939119956686,2.4205447908695805,-10.048487241819867,0.0,79.14183965433506,30.82108564994328,397.4844831938225,44.61198464206,0.0,49.981157623562986
46.150000000000006,36.56194955878942,2.600208684004561,-7.933276316266809,0.0,79.13825386752393,30.820643244510038,398.29178487524314,44.82233513916906,0.0,50.04240740498085
46.2,37.01450915978983,2.5142200055578416,-4.09526416765537,0.0,79.13512320324553,30.819518597683132,398.224387177582,39.13330348004257,0.0,49.98678646112457
46.25,37.456056923890586,2.4530431338930816,-4.6746452315574585,0.0,79.13181140598421,30.818666774977423,397.2014138874299,41.39746576644841,0.0,50.0136990911331
46.300000000000004,37.902870288066275,2.4822964676427124,-3.5101145612411098,0.0,79.12841727105396,30.81793931059781,398.02641042377485,42.4266866280495,0.0,49.992192713508004
46.35,38.366572913292075,2.576125695698888,-5.953402825620136,0.0,79.12527493688101,30.816834872546632,398.5194502805266,39.2791771618089,0.0,49.976578200285935
46.400000000000006,38.80872015973063,2.456373591325329,-2.1954131264198793,0.0,79.12175631884814,30.816295964723388,399.0419541161422,43.98272541085311,0.0,50.029710429772884
46.45,39.26206285378992,2.518570522551583,-6.788475423088858,0.0,79.11868211905468,30.815090968448864,397.9138192643476,38.42749741832077,0.0,50.00842901481111
46.5,39.71840597575744,2.5352395664862115,-5.87382617092179,0.0,79.11522362619309,30.81446361677281,397.32842235883993,43.231160769941646,0.0,50.00770631902947
46.550000000000004,40.19107817486457,2.625956661706279,-1.3649790722536355,0.0,79.11170931090761,30.813920626084244,398.9626075212035,43.92894106840922,0.0,49.99493542594765
46.6,40.62918537914059,2.4339289126445314,-2.805917665757313,0.0,79.10787393637446,30.813859767257888,397.24309337881124,47.94218166441479,0.0,49.97943981404207
46.650000000000006,41.049878839815584,2.337185892638858,-1.4692939387871622,0.0,79.10410887310562,30.81369350239389,398.446250970079,47.06329086047676,0.0,49.980852145478515
46.7,41.46241891968177,2.291889332589912,-2.0600300902123707,0.0,79.10047513287259,30.813330419241037,397.26576183331144,45.42175291285366,0.0,49.99637560347389
46.75,41.904799377300655,2.4576692089938295,-3.3585984742641615,0.0,79.09660760145853,30.813318385942893,397.64516894495233,48.34414267579497,0.0,49.99501930588112
46.800000000000004,42.3030189789252,2.2123311201363633,-4.326637940027247,0.0,79.09317723819346,30.812650612454547,397.7129932109809,42.87954081331128,0.0,50.03516221832429
46.85,42.68555104396947,2.125178139134814,-5.296844055873612,0.0,79.0894247505031,30.812466693377633,397.4067935155812,46.90609612949301,0.0,49.99370456100164
46.900000000000006,43.11308646187716,2.375196766153856,2.276285196268714,0.0,79.08603573806677,30.811737745338757,397.54591875320284,42.36265545417846,0.0,50.02720679478093
46.95,43.55555256519396,2.458145018426688,-4.294666720387937,0.0,79.08225882299917,30.81159138019482,398.84282494330984,47.21143834502109,0.0,49.99809304323008
47.0,43.975123668239235,2.330950572473732,2.1011780866716014,0.0,79.07841963456528,30.81153857146545,398.19261366917357,47.98985542356216,0.0,49.94654824835561
47.050000000000004,44.35901368574514,2.1327223194772387,-0.2403794179777452,0.0,79.0744890354301,30.811622931596755,397.8107160054407,49.13248918974447,0.0,50.0297207778703
47.1,44.697569450201705,1.8808653580920427,0.3901356943745722,0.0,79.07034647504861,30.812025149237396,397.18316465213474,51.78200476864897,0.0,50.02484277237255
47.150000000000006,45.05857521245515,2.0055875680747075,0.5559283646889533,0.0,79.06646680520366,30.812032628855583,397.4025521293922,48.495873061879834,0.0,50.003942065017426
47.2,45.402895556643955,1.9128908010489103,1.5423070870229547,0.0,79.06254271648781,30.8121067293005,398.6058514423242,49.05110894808787,0.0,50.006812440569824
47.25,45.81393133887068,2.283532123481806,-0.8100194063281138,0.0,79.05848463935465,30.812381738270943,398.2329411520977,50.725964164547825,0.0,50.021857432361855
47.300000000000004,46.16290904712276,1.9387650458449008,-3.2562586150057733,0.0,79.05425731959039,30.812910336179055,398.4242295626647,52.84149705318241,0.0,50.012173648258276
47.35,46.532249700278626,2.0518925175325853,0.19162445361188762,0.0,79.05014551139008,30.81326513814334,398.3798773020595,51.39760250385985,0.0,49.99818207719836
47.400000000000006,46.86358192884272,1.8407346031338605,2.5593327800154033,0.0,79.04603696880739,30.81361468687924,398.6219751224506,51.35678228370571,0.0,50.0324384825591
47.45,47.22166049117279,1.9893253462781668,-0.20035500074675627,0.0,79.04190703570806,30.813995971841337,397.5254416751916,51.62416374145026,0.0,50.02926347000417
47.5,47.57369209179994,1.9557311145952934,4.390767222803516,0.0,79.03755223724413,30.81471417356539,397.8196264652502,54.43498079915182,0.0,49.9935625457962
47.550000000000004,47.95380816045513,2.111755936973286,2.2842480170649466,0.0,79.0332766718512,30.815312807481224,397.68224728006874,53.444567411641586,0.0,49.98671323640854
47.6,48.33093972250959,2.0951753447469716,0.5176005362736142,0.0,79.02901674446662,30.815887385750614,397.83164274343426,53.24909230725656,0.0,49.99249209866159
47.650000000000006,48.68883525772664,1.9883085289835751,3.428057687084068,0.0,79.0245395532163,30.816787285240338,398.25599365135014,55.96489062896706,0.0,50.01939795387311
47.7,49.029950154677636,1.8950827608388592,4.297064951657888,0.0,79.02031573219021,30.81730622949422,398.09041391488,52.79776282603668,0.0,50.0015592279492
47.75,49.35960890001014,1.8314374740694506,4.737154535296633,0.0,79.01629334544631,30.81752250338057,398.12903932623544,50.27983429868823,0.0,50.002922632819136
47.800000000000004,49.72227260674139,2.0147983707291868,-1.8269287573301076,0.0,79.01132019507273,30.81916470643757,398.140507301712,62.16437966983131,0.0,50.01422300313869
47.85,50.09891040727549,2.092432225189448,-1.799599145292314,0.0,79.00687673949179,30.82001072510255,397.70516656909984,55.5431947618221,0.0,49.979926211927335
47.900000000000006,50.423386889919996,1.802647125802807,6.632918826158491,0.0,79.00288205007345,30.820182748504955,397.3661328831306,49.93361772925026,0.0,49.99904565963659
47.95,50.7530096663289,1.8312376467161342,1.9345747369261161,0.0,78.99894649115441,30.820265904135,397.5535101853656,49.19448648792028,0.0,49.99504773933751
48.0,51.05870167866559,1.6982889574260545,7.203535424939671,0.0,78.99453055713036,30.821069539266933,397.30221764700025,55.199175300584116,0.0,49.99316972371237
48.050000000000004,51.33929274123279,1.5588392364844248,7.688423543744847,0.0,78.98962463449675,30.822607353678077,397.7676660507519,61.32403292009495,0.0,49.988793984462035
48.1,51.66775134988755,1.8247700480820173,3.324195986326566,0.0,78.98512010972284,30.823541533485262,397.5825454335829,56.30655967385362,0.0,49.9846408913252
48.150000000000006,51.97899748078639,1.7291451716602189,3.9507997518586455,0.0,78.98075653869553,30.824263348492742,398.1579092531088,54.54463784137854,0.0,49.99160431244967
48.2,52.32657458388249,1.9309839060894598,7.723971820866723,0.0,78.97644069055232,30.824912857359053,397.64973463973956,53.94810179002884,0.0,50.002360195062586
48.25,52.6012180620129,1.5257971007244686,5.72329616855473,0.0,78.9723115329857,30.825281680851624,397.7251949477421,51.614469582745095,0.0,50.017359598686966
48.300000000000004,52.89650108657148,1.6404612475477136,9.386252441674165,0.0,78.9675747940881,30.826561507517173,398.6169594779662,59.20923622000305,0.0,50.02502218964624
48.35,53.175979900602925,1.5526600779524626,10.2737232109408,0.0,78.96257415168085,30.82823590962052,398.79604342022805,62.508030090537005,0.0,50.01516312523549
48.400000000000006,53.48849712353054,1.7362067940423132,5.004602673827595,0.0,78.95785477133265,30.82948674423322,397.9949034845638,58.99225435265963,0.0,49.9888152713321
48.45,53.78081424645052,1.6239840162220813,5.985508999184882,0.0,78.9531231053694,30.83075475643385,397.17878210370054,59.145824540540154,0.0,50.00795969115126
48.5,54.054372221378046,1.5197665273751482,8.035640196826243,0.0,78.94854980598116,30.831783950759785,397.2220709753689,57.16624235307277,0.0,50.008269465862114
48.550000000000004,54.326729151516965,1.5130940563273214,3.7393555665535896,0.0,78.94382926792619,30.83303297389148,396.54240713694605,59.00672568712997,0.0,49.970888861573755
48.6,54.61953732444041,1.626712071796926,4.745237170664798,0.0,78.93932540236825,30.833955739254495,397.1509003640047,56.2983194742223,0.0,50.008288466589576
48.650000000000006,54.899653145082624,1.5561990035678517,6.780265097283559,0.0,78.93446913739476,30.83540618097548,397.9835806101923,60.70331216864903,0.0,50.01505603645884
48.7,55.17403343283218,1.5243349319419968,12.84447911495524,0.0,78.9293841527599,30.837198251746788,397.6631426570629,63.56230793570817,0.0,50.00419358618183
48.75,55.470990244250274,1.6497600634338268,9.57384006378468,0.0,78.92426659669538,30.839037387591823,397.8051106297312,63.9694508065117,0.0,50.00752190735108
48.800000000000004,55.71578857805078,1.3599907433361422,8.012083794427298,0.0,78.91908640794578,30.84096863332861,396.1469390197085,64.75235936982345,0.0,49.99419073651719
48.85,56.01215965185674,1.646505965588688,7.504136372022717,0.0,78.914258733688,30.842369176081952,398.03669760899714,60.34592822226312,0.0,50.03142789993902
48.900000000000006,56.324567911765016,1.7356014439348608,7.377164011889343,0.0,78.90967837704457,30.843397341871015,398.2644087674075,57.2544580428622,0.0,49.97657109627947
48.95,56.60191491489077,1.540816684031973,8.83590399714188,0.0,78.90499960114845,30.84457210837332,397.4018467505038,58.48469870147932,0.0,49.99363587055735
49.0,56.88893433846007,1.594552353162749,8.948474157311182,0.0,78.90039583954096,30.84563317867617,397.8734739277071,57.54702009354007,0.0,50.01358804849453
49.050000000000004,57.16161980148301,1.5149192390163562,9.974549496065594,0.0,78.89514122782525,30.847669463071057,397.07094177160997,65.68264644636307,0.0,49.99920834570055
49.1,57.419336753820104,1.4317608463171543,11.630174210632411,0.0,78.89012433837887,30.84934712777756,398.2262543760191,62.7111180797828,0.0,49.943315104347334
49.150000000000006,57.700999209156336,1.5647914185346086,10.691671524690276,0.0,78.88530516759182,30.850726536830347,397.46363262333756,60.23963483804742,0.0,49.97828859530169
49.2,57.96206784127045,1.4503812895228896,12.666553002945678,0.0,78.88029548354146,30.852390336369066,397.32111816002276,62.6210506295762,0.0,49.98684627782415
49.25,58.226041706116035,1.4665214713643504,10.66020665463035,0.0,78.8751852323499,30.85420332282002,397.65749268549393,63.87813989437242,0.0,49.99527467109938
49.300000000000004,58.49683396156797,1.5044014191774173,14.862401594421032,0.0,78.87017552611442,30.855863678850426,397.30025260009063,62.621327943558754,0.0,49.99985127306709
49.35,58.72617283829729,1.2741048707184208,13.199981474416795,0.0,78.86545466268676,30.857089110313083,397.72897705418103,59.010792845884396,0.0,49.990979975411065
49.400000000000006,58.938521661399186,1.1797156838994198,12.281189512982891,0.0,78.85999477362343,30.859421854797763,397.4975705898528,68.2486132915885,0.0,50.02340132808439
49.45,59.24260220279203,1.6893363410713504,13.005617254354346,0.0,78.85505368684117,30.860974063116345,397.2233773351893,61.76358477815905,0.0,49.975150830250854
49.5,59.506025660087474,1.4634636516413677,11.084207125000429,0.0,78.85001615548606,30.8626693860859,397.9960417857571,62.969141938932694,0.0,50.02974981155845
49.550000000000004,59.76330970355988,1.4293557970689095,11.872924409294253,0.0,78.84506241787776,30.864237323112278,397.1738723643058,61.92172010385523,0.0,49.99847608655952
49.6,59.99621854781369,1.2939380236323028,11.964292131654704,0.0,78.83967220340078,30.866458407504616,396.3479762977846,67.37768096210057,0.0,49.96793999836943
49.650000000000006,60.25360887222028,1.4299462467032815,11.171585097953281,0.0,78.83428250234994,30.868676500673384,396.25302854543656,67.37126313560815,0.0,49.991064051877224
49.7,60.481556783211815,1.2663772832862834,10.142425993957657,0.0,78.82895146409734,30.87080438155159,397.4583128303422,66.63797815731445,0.0,49.99716563808912
49.75,60.73977234786731,1.4345309147527439,14.105308033559156,0.0,78.82372451562948,30.87277399987184,397.7138784942744,65.33685584833728,0.0,50.00570411852731
49.800000000000004,60.99136922873089,1.3977604492421123,15.091545444488029,0.0,78.81854305481123,30.874673417099334,397.328131426524,64.76826022807003,0.0,50.007663380453124
49.85,61.23681933187349,1.3636116841255648,14.086504976864646,0.0,78.81277245618175,30.877454641626464,397.46619962796905,72.13248286859077,0.0,50.02429113711908
49.900000000000006,61.48589156837885,1.38373464725196,13.255360890522377,0.0,78.80753898644463,30.879427391590518,397.0252745506685,65.41837171401548,0.0,49.99529240014374
49.95,61.71018635490394,1.2460821473616106,17.997328790973352,0.0,78.80217380257376,30.88159574000522,396.73013135301153,67.06479838576169,0.0,50.025318672531135
50.0,61.93459200125376,1.2466980352767767,12.362423338673542,0.0,78.79654252138059,30.884161066054972,396.9743028442185,70.39101491464768,0.0,50.01283421298028
50.050000000000004,62.18089893847563,1.368371873454828,14.317565304111561,0.0,78.79104819692435,30.886518391673274,397.54128902766314,68.67905570296922,0.0,49.97311385752949
50.1,62.37534147624387,1.0802363209346695,16.173365336849052,0.0,78.78562531320274,30.88876619886401,397.1803897787258,67.78604652004941,0.0,50.012472841992235
50.150000000000006,62.6034201494232,1.2671037398851817,11.814727973663377,0.0,78.78029833896396,30.89086789402333,395.9972747763388,66.58717798488522,0.0,49.97836600564634
50.2,62.864086539165946,1.448146609681921,15.390908194746789,0.0,78.77481238290835,30.893205960212715,397.21504092879997,68.57445069508002,0.0,50.0336749624525
50.25,63.05616712653086,1.0671143742495155,17.791233985233866,0.0,78.76915510913902,30.895798664906497,397.15477114279787,70.7159221166174,0.0,49.99935217446437
50.300000000000004,63.29844915133797,1.346011248928386,14.308092769132756,0.0,78.76335149082655,30.898608293710286,396.7598325980188,72.54522890578498,0.0,49.997194324245186
50.35,63.56369901672772,1.4736103632763684,14.732966060750327,0.0,78.75805108911142,30.900660287989272,397.9650974472066,66.25502143913104,0.0,50.00784997874003
50.400000000000006,63.78286748254936,1.2176025878980095,13.173890197747072,0.0,78.75263989379773,30.902876420671806,397.1535583587478,67.6399414210265,0.0,50.01019301526413
50.45,64.0165316370677,1.298134191768594,15.522018698224393,0.0,78.74709861981854,30.905285455219918,396.89096495944955,69.26592473987596,0.0,49.986914526280316
50.5,64.23277921611111,1.2013754391300717,13.057335058769429,0.0,78.74139690078131,30.90793274832054,396.9144249355818,71.27148796534486,0.0,49.99092484530475
50.550000000000004,64.4501923092286,1.2078505173193554,14.560350469963458,0.0,78.73607816377546,30.910002921080988,397.28493330230344,66.48421257305256,0.0,49.99637553122416
50.6,64.62613677183971,0.9774692367284401,11.81308383060257,0.0,78.7305005724116,30.9124593052057,397.24139885044076,69.71989204827379,0.0,50.01496004525472
50.650000000000006,64.85176068212101,1.2534661682294799,9.603789908250953,0.0,78.72465766763865,30.91531120305992,397.31166810803325,73.03630966189127,0.0,49.99518659442729
50.7,65.06564092020987,1.1882235449381384,13.896335598766317,0.0,78.71910050365877,30.9177316378267,396.6270866377477,69.46454974865583,0.0,49.988136869853236
50.75,65.30737281031374,1.342954945021493,13.904559669230856,0.0,78.71338139251503,30.92039257290448,396.6905506209312,71.48888929669035,0.0,50.00192114278235
50.800000000000004,65.52941252880572,1.2335539916220974,14.130706378443284,0.0,78.70787927852146,30.922725351321933,396.3394463859199,68.77642491964566,0.0,50.0163881224173
50.85,65.7347190161906,1.1405915965826356,16.425275481505995,0.0,78.70224135011043,30.925259518587154,396.69653594398756,70.47410513786093,0.0,49.97812305717405
50.900000000000006,65.92261754070411,1.043880691741783,16.965800105793903,0.0,78.69637159244168,30.92813889557169,397.7091879474794,73.37197085933633,0.0,49.991938522779876
50.95,66.0944841401559,0.9548144413988221,15.576975062543548,0.0,78.69064006028934,30.930808054904634,397.6122670650356,71.64415190430778,0.0,49.96379108591283
51.0,66.31654505540976,1.233671751410383,16.31696848572071,0.0,78.68436531412269,30.9342893660997,398.08058821591646,78.43432708309243,0.0,49.9458732494116
51.050000000000004,66.56344016158293,1.3716394787398234,13.473120434787024,0.0,78.67856441388349,30.9370564270924,396.6880228297742,72.51125298998106,0.0,49.99470456458191
51.1,66.71913217034228,0.8649556042185653,13.008434620055972,0.0,78.6728269022353,30.939725638137602,397.47815758018436,71.7188956024641,0.0,49.99774860186064
51.150000000000006,66.928491930106,1.1631097764651517,15.984057831246743,0.0,78.66718927692283,30.94224235046818,397.02557622205416,70.47031640595357,0.0,50.01029568473925
51.2,67.12089643254554,1.0689139024418122,12.727409905210585,0.0,78.66160029160365,30.944683586096488,396.30744905700175,69.86231648980082,0.0,50.0398548560167
51.25,67.32951378157252,1.1589852723720824,12.503037358880908,0.0,78.6558631415509,30.947344627589526,397.0020497995923,71.71437565946962,0.0,49.992044091883486
51.300000000000004,67.54683979626255,1.2073667482779094,20.640465891816493,0.0,78.64982125201975,30.950460117258665,397.8346212742864,75.52361913940858,0.0,50.01159867683459
51.35,67.74081241905361,1.0776256821726053,16.058977411594007,0.0,78.64425833856849,30.952854027318292,396.44719873984957,69.5364181407199,0.0,49.99202070449346
51.400000000000006,67.90983789352195,0.9390304137129856,11.233549686958035,0.0,78.63838060372069,30.955717775562665,396.1517684864807,73.47168559743983,0.0,50.01638681840349
51.45,68.07437592967844,0.914100200869369,12.623459643306036,0.0,78.63268481276073,30.958305744227037,397.8316028783568,71.19738699944135,0.0,50.03641265194411
51.5,68.21463742274813,0.7792305170538257,18.20332030327054,0.0,78.62677561283407,30.961211238372798,397.21848391082904,73.86499908323422,0.0,49.97536105555832
51.550000000000004,68.4000729739301,1.0301975065664597,15.46142263089392,0.0,78.6206409241305,30.964452060189785,396.65909239926634,76.68360879467339,0.0,49.97825529356823
51.6,68.56812871330442,0.9336429965240579,14.293871732202609,0.0,78.61471065326526,30.967383014427444,396.7564887150305,74.12838581541776,0.0,49.99349681193993
51.650000000000006,68.76905842330514,1.116276166670679,14.506650436755995,0.0,78.60846543747655,30.97078345509609,396.47010643194375,78.06519735893906,0.0,50.03470045999548
51.7,68.95646563382206,1.041151169538453,14.105198519925422,0.0,78.60274976104547,30.973386186287616,397.8817195402613,71.44595538851682,0.0,49.97966978756187
51.75,69.1186193150679,0.9008537846990898,11.603462536328024,0.0,78.59670212503121,30.976484254122717,396.6955177500603,75.59545017824566,0.0,49.99312542656924
51.800000000000004,69.23515251654838,0.6474066748915357,13.80848409319621,0.0,78.59045172344929,30.979883372241478,397.60879793819,78.13001977404143,0.0,50.02381049409911
51.85,69.40556155458326,0.9467168779715659,11.667932397636108,0.0,78.58447590233303,30.982867220543632,397.06024675493,74.6977639532999,0.0,49.984358442526634
51.900000000000006,69.57198067923608,0.9245506925156423,14.250586285637663,0.0,78.57862632609861,30.98565871767471,396.4448816859794,73.11970293019039,0.0,49.991248533860315
51.95,69.67962063695936,0.5979997651292894,12.210063485408668,0.0,78.57246945394144,30.988908367192803,395.93859050264734,76.96090196471911,0.0,49.99907292594838
52.0,69.85550017635758,0.9771085522123525,14.706045969950093,0.0,78.56599325164612,30.992633762268596,397.3270739415724,80.95252869153967,0.0,49.988296318469466
52.050000000000004,69.98765145202756,0.734173753722157,14.13486773330112,0.0,78.5602045816423,30.995324133512064,397.2704676098668,72.35837504780677,0.0,49.95365143499585
52.1,70.17736758404405,1.0539785112026927,15.252633667010734,0.0,78.55379762499088,30.998939244355675,396.6858033729912,80.08695814269622,0.0,50.036626006411545
52.150000000000006,70.33519855953827,0.8768387527457074,12.637572026652101,0.0,78.54805776683345,31.00155009234745,397.5179356263188,71.74822696776558,0.0,49.997989823263715
52.2,70.47718947142539,0.7888383993729109,14.37877189450834,0.0,78.54197046488225,31.004679495181897,396.2343545334036,76.09127438995527,0.0,50.011914958134234
52.25,70.64016257345742,0.9054061224001637,14.566170942589643,0.0,78.53562717768473,31.008189746483,397.7088117397418,79.29108996904961,0.0,50.020161005257215
52.300000000000004,70.79996170325057,0.887772943295302,14.803798665033352,0.0,78.52957471591465,31.011260249391647,396.43004147174867,75.65577212606311,0.0,49.972630171329556
52.35,70.95731604631118,0.8741907947811264,14.589289697797268,0.0,78.52301237691765,31.015092497637763,396.3382784967506,82.02923746257125,0.0,50.029604597379425
52.400000000000006,71.13421241669428,0.982757613239437,11.259292714969996,0.0,78.51666211604137,31.018602796454527,396.97651330189404,79.37826095334556,0.0,49.9938626337488
52.45,71.23718461567853,0.5720677721346741,15.79861823051995,0.0,78.51027030088838,31.02217191638756,396.7865655874735,79.89768941240513,0.0,49.99261573417063
52.5,71.39497973986666,0.8766395788229129,9.120862787048598,0.0,78.50385619901235,31.025770897285224,396.71275881487713,80.17627345042375,0.0,49.984033304425225
52.550000000000004,71.52515179578295,0.7231780884238606,13.926765455828175,0.0,78.49745378980411,31.0293487402003,396.7567888678695,80.03011510301955,0.0,50.009778200235154
52.6,71.6658741551803,0.7817908855409188,11.187123283854199,0.0,78.49129195218154,31.032562147893962,396.2798334938484,77.0229702821659,0.0,50.03470147925029
52.650000000000006,71.85070509801213,1.0268385712879298,9.940016745494212,0.0,78.48463382874688,31.036516770898057,397.12710648964196,83.22654293324148,0.0,49.99224378629251
52.7,71.97449861147064,0.6877417414361686,12.275895228171484,0.0,78.47840813643194,31.039818792599576,397.54872761061335,77.82115393681279,0.0,49.99292339924865
52.75,72.12927040713285,0.8598433092345505,12.659598495697855,0.0,78.47224863872003,31.043018220374826,397.81954311692994,76.99372139875966,0.0,49.99904644636772
52.800000000000004,72.29671040067201,0.9302221863286995,11.873193207906821,0.0,78.46549825448113,31.047100778512803,395.9472001745423,84.37980298627654,0.0,50.01036369765569
52.85,72.4512533734173,0.8585720708071609,10.76215072606617,0.0,78.45866170998714,31.05130849447527,396.6261237457337,85.45680617482502,0.0,49.99471991015464
52.900000000000006,72.59288494724393,0.7868420768146421,11.295658805663862,0.0,78.45259009301448,31.054364611439784,397.457783747455,75.89521215825279,0.0,49.98459743834719
52.95,72.73735663238585,0.802620473010659,12.421259173143385,0.0,78.4462483283634,31.057822893804964,396.190667832508,79.27205813850206,0.0,50.03113789200195
53.0,72.88970935610689,0.8464040206724319,10.755852349390103,0.0,78.43959330632016,31.06174760397601,396.66615813873204,83.18777554041897,0.0,49.97691702128826
53.050000000000004,73.00385557030852,0.6341456344534995,10.589732820219941,0.0,78.43283685126595,31.065820538953364,396.45773579991493,84.45568817775285,0.0,49.97789590318365
53.1,73.13806438998355,0.7456045537502126,10.62354380749404,0.0,78.42686017895481,31.068719726881106,396.62903452749646,74.70840388912687,0.0,49.970907237549405
53.150000000000006,73.33139799376649,1.0740755765718826,8.968330698793107,0.0,78.42059315863112,31.07205153763976,397.20745555323634,78.33775404611362,0.0,49.992491996720496
53.2,73.47481721533897,0.7967734531804795,11.927489781412994,0.0,78.41407874571307,31.075751105479192,396.3739753775854,81.43016147561814,0.0,50.00130338132728
53.25,73.6081899120816,0.7409594263479589,14.237029180597913,0.0,78.40717701289846,31.080027953595625,396.4057815364333,86.2716601825973,0.0,50.007688588752394
53.300000000000004,73.72750914199611,0.6628846106361986,9.97646627412878,0.0,78.40110158238312,31.083061071415027,397.66999101331385,75.94288144165293,0.0,49.990455867421105
53.35,73.83439380460604,0.5938036811662473,8.388456055680921,0.0,78.39438894484924,31.087046966644433,396.59279373305327,83.90796917350735,0.0,50.01223158730041
53.400000000000006,73.9686054759453,0.7456203963291969,10.54369486606986,0.0,78.38775564888756,31.0909098636203,396.45923701046206,82.91619952094817,0.0,50.02183812871524
53.45,74.10350358718043,0.7494339513062714,11.125357338927099,0.0,78.38145374869104,31.09427180405146,397.2063524062749,78.77375245649928,0.0,49.99219589411667
53.5,74.2260079915098,0.680580024052078,7.695388743086865,0.0,78.37487507908412,31.0980455366578,396.47502316395975,82.23337008661002,0.0,50.00099951949413
53.550000000000004,74.42298151748275,1.0942973665164177,8.897455485296653,0.0,78.36862099468975,31.101328617712703,396.9590068340639,78.17605492967145,0.0,50.00088375669919
53.6,74.52574868208399,0.5709286922290802,6.4664635616078945,0.0,78.36222962853304,31.104814338330048,396.75216251697617,79.89207695881194,0.0,50.00268008952336
53.650000000000006,74.62156458625289,0.5323105787160997,9.47099880580643,0.0,78.35584816732452,31.108281715804488,396.71862104546227,79.76826510641875,0.0,49.9798889611821
53.7,74.7321323180685,0.6142651767533694,7.592415010660456,0.0,78.34874612981734,31.112826490349455,397.02361894021317,88.77546883977043,0.0,50.005461882112634
53.75,74.84982839299605,0.6538670829308351,8.537569862294811,0.0,78.34191546273036,31.116959664489578,395.61229847313854,85.38333858726949,0.0,49.94884640524332
53.800000000000004,74.94531784695121,0.5304969664175947,4.657505721500346,0.0,78.33545357727357,31.12053553301027,396.059509103211,80.77356820985317,0.0,49.995267889511034
53.85,75.06886601362255,0.6863787037296786,7.741910741222885,0.0,78.32883569390363,31.124341822532163,397.1459374705868,82.72354212418436,0.0,49.9772347203145
53.900000000000006,75.19422459195358,0.6964365462835185,4.649810681995154,0.0,78.32216028788716,31.128230589734343,396.6692484687751,83.44257520592944,0.0,50.006950186198665
53.95,75.32776866136247,0.7419114967160299,4.507214850690927,0.0,78.31569385339746,31.13180201087914,397.43656315939546,80.8304311211044,0.0,49.997929827031406
54.0,75.42773720000098,0.5553807702139191,3.830850325380097,0.0,78.30866812265882,31.136208804976224,396.1253801899683,87.82163423301236,0.0,50.01485654679911
54.050000000000004,75.57601884061457,0.8237868922977559,6.70713370011986,0.0,78.30206954144559,31.139970467991077,396.52690326052345,82.4822651652406,0.0,50.01264630680935
54.1,75.70416949219236,0.7119480643211028,7.654070659880135,0.0,78.29551722825003,31.143658967316426,395.3776437760218,81.90391494451661,0.0,49.938742637536514
54.150000000000006,75.89077349646507,1.0366889126261905,1.458489018972346,0.0,78.28857140425063,31.147934044348222,397.16565676960136,86.82279999261081,0.0,50.03774681892512
54.2,75.97982036731321,0.49470483804518023,3.359933756175331,0.0,78.28192737674809,31.1517521515577,396.02426433565495,83.0503437819023,0.0,49.99160832314698
54.25,76.06502985420306,0.47338603827693565,2.1506232747085012,0.0,78.27526894475216,31.155588047400038,396.1606349839609,83.23039994911852,0.0,50.032971494459474
54.300000000000004,76.16435395278575,0.5518005476815421,1.5843659262304635,0.0,78.26806708309017,31.160235251845613,396.68520239388073,90.02327077479062,0.0,49.999782725066034
54.35,76.27992091113418,0.6420386574913247,3.831146610784004,0.0,78.26170338208529,31.163620568101102,397.55390688433044,79.5462625611297,0.0,50.00152613621698
54.400000000000006,76.39838939688259,0.658158254157839,4.451892432036333,0.0,78.25508792246868,31.167380136957913,396.91991198994066,82.6932452076085,0.0,49.988285769420216
54.45,76.51908507735317,0.6705315581698719,2.3969286875521414,0.0,78.24835725248286,31.171308761799683,395.9113343054984,84.13337482272047,0.0,50.02174174378505
54.5,76.6796841835281,0.8922172565273917,3.318662369895762,0.0,78.24167283876668,31.175164073612162,397.2298022277192,83.55517145232683,0.0,49.99597727644317
54.550000000000004,76.73127993755547,0.286643077929876,0.549962339072847,0.0,78.23499153970225,31.179010858135193,396.044820814053,83.51623830534936,0.0,50.01519513946036
54.6,76.78570483741372,0.3023605547680542,2.293274931111768,0.0,78.22848299211795,31.182594668653522,396.4762180788889,81.35684480385197,0.0,50.00002094372165
54.650000000000006,76.88334475282755,0.5424439745213141,1.0247427070593256,0.0,78.22172660564799,31.186546653689806,395.76656960247277,84.45483087447319,0.0,49.99538388269024
54.7,77.03768965508692,0.8574716792186994,2.761763669574247,0.0,78.21479495255069,31.190757586682057,396.3596492390752,86.64566371618245,0.0,49.995505364915736
54.75,77.15595510395019,0.6570302714626041,-0.49681073288654143,0.0,78.20800482902689,31.194752014381073,396.54177085711007,84.8765440474737,0.0,49.97938968995225
54.800000000000004,77.2265745959487,0.3923305111028386,1.1399394464759085,0.0,78.20125622681942,31.198680165677892,397.11772132469866,84.35752759331818,0.0,49.97897648105466
54.85,77.32820661735578,0.5646223411503987,-2.9457289978243706,0.0,78.19457988439389,31.20249599915053,395.9581053562551,83.45428031927543,0.0,50.01882763900981
54.900000000000006,77.41938446818264,0.5065436157047811,0.4952972428446541,0.0,78.18782785422256,31.206421548408365,396.19287090008936,84.40037714156114,0.0,50.001845312002864
54.95,77.50880098049318,0.4967584017251986,-1.4595556619048216,0.0,78.18133469818834,31.209954860911285,396.20412329040136,81.16445042772804,0.0,49.97079732940296
55.0,77.58865432175686,0.44362967368717016,-0.48648802650165024,0.0,78.17480171795219,31.213544376404585,397.3829568693391,81.66225295174938,0.0,49.98533763337435
55.050000000000004,77.68480803349853,0.5341872874536641,0.7768718296859924,0.0,78.16789240321982,31.21769480412673,396.13491263739706,86.36643415459345,0.0,50.01519067491527
55.1,77.80682787873072,0.6778880290677043,-1.3211753997639697,0.0,78.16133056546066,31.221319865961352,396.71101191676075,82.02297198956776,0.0,50.00105702619738
55.150000000000006,77.88625021052702,0.4412351766461606,-0.15664424072036987,0.0,78.1539568452865,31.226159126356634,396.68112025885335,92.1715021770437,0.0,49.988141919713414
55.2,77.99376677137538,0.5973142269352769,-2.199419320910428,0.0,78.14696797894273,31.230416266745934,397.5882374956283,87.36082929714335,0.0,49.967407278190315
55.25,78.10516349431109,0.618870682976157,0.32962175095074975,0.0,78.14033597282719,31.23413385965249,396.54278237151175,82.90007644419657,0.0,49.99165823545716
55.300000000000004,78.22909255743507,0.6884947951332467,1.6292142029554237,0.0,78.13357078883601,31.238047501779604,395.95516734961643,84.56479988970497,0.0,50.028079121071
55.35,78.29363748867435,0.3585829513293308,-2.1967389255967222,0.0,78.12706152161938,31.241573355102762,396.60889286070085,81.36584020780771,0.0,50.02091661183521
55.400000000000006,78.38129924908499,0.4870097800590816,-2.7169004306266547,0.0,78.1202104023008,31.245608460725528,396.08187622934673,85.63899148224914,0.0,49.97302648687252
55.45,78.45033745701375,0.3835455996042301,-5.787086981615848,0.0,78.11340119758036,31.249576659345465,396.209143448656,85.11505900552544,0.0,50.00410462183406
55.5,78.53878676494341,0.4913850440536633,-4.646757628197206,0.0,78.10686540201388,31.25313077603584,397.10288618205374,81.69744458098432,0.0,50.002310990463286
55.550000000000004,78.62625950803911,0.4859596838649733,-4.990972749389856,0.0,78.09994004357229,31.2572656829222,397.260389016838,86.56698051997522,0.0,49.99124409003256
55.6,78.68093239712897,0.3037382727213932,-3.2257671932339793,0.0,78.09322965799427,31.261073995606296,396.3512869204209,83.87981972516012,0.0,49.99614946860954
55.650000000000006,78.76887888677858,0.48859160916452593,-2.8258005230334176,0.0,78.08635921266642,31.265118589602455,396.14510892182847,85.88056659804009,0.0,49.959538294939335
55.7,78.91097729849085,0.7894356206237148,-3.7181922622789787,0.0,78.07958912511302,31.269008602342964,396.77983672429195,84.62609441758724,0.0,50.00272516612507
55.75,79.00587571051516,0.527213400135077,-6.714591789900357,0.0,78.07238821791559,31.273540954536763,397.40461921480215,90.01133996785343,0.0,50.01518667542917
55.800000000000004,79.05207632822604,0.2566700983937861,-1.6786843192233167,0.0,78.06513935628269,31.27814070603157,396.7903564286007,90.61077041122189,0.0,50.034197985118546
55.85,79.1076736872138,0.3088742165987026,-7.2151677636168206,0.0,78.05777322996282,31.282911754805333,396.83490938044133,92.0765789982639,0.0,50.01412760292849
55.900000000000006,79.18664895315604,0.43875147745682685,-5.588550011858411,0.0,78.05089365390069,31.286948207143734,396.53259030005364,85.9947007767023,0.0,49.993243253372995
55.95,79.24160143690366,0.30529157637570437,-6.296833992987798,0.0,78.04381091338834,31.291285369705108,396.1111108677216,88.53425640429856,0.0,49.9961778758044
56.0,79.35362016834809,0.6223262858023324,-7.5753224644851365,0.0,78.03743271239605,31.294561385823833,397.61400782171086,79.72751240359582,0.0,49.99559050834827
56.050000000000004,79.39380842975507,0.22326811892766993,-4.352210441693201,0.0,78.03037641485349,31.298851270751857,397.2094119718153,88.20371928205434,0.0,50.00600586874882
56.1,79.4845561705096,0.5041541153029521,-7.750002485552148,0.0,78.02307487370007,31.303504731211238,395.76082211992554,91.26926441777516,0.0,50.047947531791955
56.150000000000006,79.51847665553959,0.18844713905548205,-8.267176018581335,0.0,78.01585610054507,31.30802938621252,396.51867759429905,90.23466443746271,0.0,50.02850158665251
56.2,79.5933333458448,0.41587050169562995,-4.712838106034859,0.0,78.00917215624995,31.311747273268995,396.48303205819064,83.54930368904964,0.0,50.02888500792805
56.25,79.64100563241071,0.2648460364773116,-7.47665744993059,0.0,78.00265166270053,31.315216266319858,396.972296633981,81.5061693677643,0.0,50.010643523196904
56.300000000000004,79.73446548753617,0.5192214173636992,-12.33066481861547,0.0,77.99520228277433,31.32007511994283,395.5282905479377,93.11724907745918,0.0,50.03219262114063
56.35,79.8367675246827,0.5683446508140264,-10.190516583100198,0.0,77.98835083859427,31.32403221109297,396.3347526818819,85.643052250675,0.0,49.975559912260806
56.400000000000006,79.91920049528389,0.45796094778440527,-7.586604297946202,0.0,77.98161899303993,31.327805947213395,396.8071848512928,84.14806942931597,0.0,49.97775336170437
56.45,80.02121152339586,0.5667279339553823,-7.229245113353659,0.0,77.97443946879156,31.33224742763874,396.09415122404477,89.74405310467297,0.0,49.975739323883026
56.5,80.02883377640859,0.042345850070709734,-10.14844332095544,0.0,77.96756362003124,31.336228953351565,396.7147704537575,85.94810950386722,0.0,49.99445293476138
56.550000000000004,80.10430581091344,0.41928908058256253,-9.213204110838701,0.0,77.96054628284439,31.340418730178495,396.8372234844606,87.71671483568498,0.0,50.02164842903234
56.6,80.18826254831866,0.4664263189178433,-7.485341559121633,0.0,77.95360423274548,31.34449138659669,395.9964293759199,86.77562623645524,0.0,50.00152188957845
56.650000000000006,80.27499638226739,0.4818546330485188,-9.729829378416424,0.0,77.94646721466137,31.348852422336265,395.7094768348348,89.21272605141718,0.0,49.98218783405985
56.7,80.29467031552673,0.10929962921855851,-10.445726426081663,0.0,77.93961403586378,31.352783338110296,396.4487787901952,85.66473496971855,0.0,49.98477932192746
56.75,80.37526022268675,0.44772170644450676,-11.945329090094658,0.0,77.93241151082027,31.35723434233745,395.60966453294947,90.03156304385433,0.0,49.96840562605611
56.800000000000004,80.46092729839584,0.47592819838389905,-8.1734130034375,0.0,77.92545131299643,31.361317404730883,396.4206395996909,87.00247279808606,0.0,49.97090712254284
56.85,80.53220436107027,0.3959836815245842,-16.339528396937038,0.0,77.91855036483707,31.365307509565188,396.33095386403085,86.2618519919779,0.0,49.99213404105956
56.900000000000006,80.56490613602742,0.18167652753971597,-6.657274762232225,0.0,77.91146448399418,31.36957102331996,396.1260046690309,88.57351053614786,0.0,50.029556726000166
56.95,80.6170654603914,0.28977402424437243,-14.611452218462972,0.0,77.90429332165286,31.37395819580862,396.01840763531646,89.63952926650381,0.0,50.00189022986735
57.0,80.71686355073226,0.5544338352269708,-10.82571015757633,0.0,77.8972008324157,31.378222971468542,397.0600851256287,88.65611546443021,0.0,49.987992351421674
57.050000000000004,80.81224517197752,0.529897895807046,-10.503418734844395,0.0,77.8899455996757,31.382727597607076,396.4078287018584,90.69040925001214,0.0,50.029831330328975
57.1,80.88931606210745,0.4281716118329492,-10.531809547468612,0.0,77.88255797057163,31.38742631366557,396.4316938077263,92.34536380084826,0.0,49.99475434757968
57.150000000000006,80.97214440197035,0.4601574436827773,-6.898956122285182,0.0,77.87535132251813,31.391848859432148,396.31465089729005,90.08310066869343,0.0,50.03360614211957
57.2,81.06161227342352,0.49704373029536053,-14.805903257495949,0.0,77.86823959862544,31.396124596411745,396.2393130865313,88.896548658588,0.0,49.99080769827852
57.25,81.13611762387524,0.4139186136206595,-9.549012753424842,0.0,77.86143131687379,31.399940894442796,396.8411099950775,85.10352189551743,0.0,49.98359977594721
57.300000000000004,81.23036548703683,0.52359923978666,-12.867201291617546,0.0,77.85406010431315,31.404597772389316,395.69045345917425,92.14015700800978,0.0,50.00254482897947
57.35,81.32274569767358,0.5132233924263774,-10.335718125919223,0.0,77.84666831036256,31.409280865542804,395.25182571849007,92.39742438232282,0.0,50.04036531087584
57.400000000000006,81.45229895719271,0.7197403306617804,-13.863541678418136,0.0,77.83964330265113,31.4134090962444,396.54450893677546,87.8125963928352,0.0,50.011428984510324
57.45,81.49752845101517,0.2512749656803007,-13.143166333303114,0.0,77.8323379979382,31.417953644217555,396.4980538837511,91.3163089116445,0.0,50.019947691674126
57.5,81.54281469690498,0.2515902549434252,-14.473347562154766,0.0,77.82507842468111,31.42242505045896,397.25911910965215,90.74466571350526,0.0,50.01044655085709
57.550000000000004,81.52633712597965,-0.0915420606963106,-13.720005683134954,2.288551517407765,77.81747335765782,31.427410225943444,396.6902599465665,95.0633377911895,0.0,49.963884997484634
57.6,81.59457275945773,0.3790868526560031,-13.989211028406498,0.0,77.80970716789855,31.432632100356397,395.88732275884496,97.07737199082041,0.0,50.02991088030404
57.650000000000006,81.7044768965779,0.6105785395564798,-13.122975380101904,0.0,77.80255159574375,31.43693282648824,396.948571426456,89.44465193499039,0.0,49.986230421782686
57.7,81.79599438899868,0.5084305134487253,-12.768586132737811,0.0,77.79524426754438,31.441456885960818,396.2299978743057,91.34160249223605,0.0,50.0315800622318
57.75,81.87414343686481,0.4341613770340548,-12.869327409428102,0.0,77.78797499963348,31.445919330941216,396.83906165625183,90.86584888632191,0.0,49.956718462570535
57.800000000000004,81.96623333099443,0.5116105229422938,-13.446944430956073,0.0,77.78082349166016,31.450200673570244,396.62275497737005,89.39384966640927,0.0,50.004472298128796
57.85,82.03393249013388,0.3761064396635965,-12.951746529375843,0.0,77.77341484483598,31.454863443132943,396.1309306322433,92.60808530223748,0.0,50.00097574210069
57.900000000000006,82.07984339035323,0.2550605567742083,-12.994563441779363,0.0,77.76594936411587,31.459606800769983,395.1510581466427,93.31850900144381,0.0,50.01178701003277
57.95,82.19345322848739,0.6311657674119906,-14.459916019598456,0.0,77.75883756931661,31.463814886168095,395.97500677495316,88.8974349906774,0.0,50.00673088448552
58.0,82.25703770153804,0.353247072503618,-11.512590826179197,0.0,77.75134549020649,31.468589189947103,396.79787482071526,93.65098887648318,0.0,49.99729773938187
58.050000000000004,82.3395112008097,0.45818610706474006,-14.108131412538187,0.0,77.74393060514511,31.473242928349215,396.74247298518804,92.68606326716845,0.0,49.99825257459014
58.1,82.32610410502257,-0.07448386548408903,-13.195921693457993,1.8620966371022258,77.7368934103684,31.477325477585936,396.1411944147908,87.96493470890381,0.0,50.01675706697736
58.150000000000006,82.31724336309453,-0.0492263440445862,-11.381524410439981,1.230658601114655,77.72970076680942,31.48163711744682,395.8728215432238,89.90804448724657,0.0,49.966302743289816
58.2,82.3729639673489,0.30955891252426243,-12.408394005546498,0.0,77.72229349291376,31.48626639117284,396.0359305799008,92.59092369557699,0.0,50.00660775511312
58.25,82.39925029091187,0.14603513090539763,-17.593337260141166,0.0,77.71478602885561,31.491041320868895,395.6140307411983,93.84330072689221,0.0,49.999097252389745
58.300000000000004,82.45669740666547,0.3191506430755818,-14.63031432595356,0.0,77.70761203442763,31.495311271190012,396.59103487006047,89.67493034988374,0.0,50.02478319996841
58.35,82.49331552769924,0.20343400574315168,-14.462744968269728,0.0,77.70071293775447,31.499164604928556,396.7953315988664,86.23870841443382,0.0,50.02063047549987
58.400000000000006,82.61759645703482,0.6904496074198772,-13.026123886770861,0.0,77.69352862855983,31.50344190411559,396.32690568855304,89.80386493301147,0.0,50.0083689873797
58.45,82.69437455127982,0.42654496802775677,-13.064530776116435,0.0,77.6862101146879,31.50791623301937,396.6323917663802,91.48142339913166,0.0,50.01122561052802
58.5,82.78207065820231,0.48720059401383786,-15.183876717611229,0.0,77.67920235685865,31.511919953530217,396.9599503528404,87.59697286556182,0.0,50.023335663243806
58.550000000000004,82.77355346697126,-0.04731772906140974,-15.226313154440101,1.1829432265352435,77.67191501103581,31.516339052310954,395.6051755186905,91.0918227855707,0.0,49.99770508588
58.6,82.84250834993843,0.38308268315091204,-16.8282097369071,0.0,77.66461963414473,31.520765778595273,395.77601108808693,91.19221113856686,0.0,49.99279723872846
58.650000000000006,82.88416389412576,0.2314196899296791,-16.305661245863924,0.0,77.657705518457,31.52461618634826,396.80377038925013,86.42644609652442,0.0,50.00331910629804
58.7,82.9707612088784,0.4810961930701814,-13.450751892483542,0.0,77.65084056481079,31.528389000631247,396.69483502878353,85.81192057776803,0.0,49.998869821052196
58.75,83.03361595475589,0.3491930326526738,-13.728027793449002,0.0,77.64345118398688,31.532944682866468,396.1128265719601,92.36726029877748,0.0,49.98397041198514
58.800000000000004,83.07730768134418,0.24273181437938657,-14.59169405847608,0.0,77.63636692227512,31.537038130751252,396.1608468992462,88.55327139709676,0.0,50.00037650193162
58.85,83.0896119285377,0.06835692885294337,-19.369272262044376,0.0,77.62906107119967,31.541459869233673,396.24520573803636,91.32313844311248,0.0,49.99153360902007
58.900000000000006,83.13785761170018,0.26803157312486825,-14.351991117638466,0.0,77.62187084544297,31.545703747999493,397.63995917461676,89.87782195878061,0.0,49.984585496970034
58.95,83.21426703654237,0.42449680467879747,-11.854883535002415,0.0,77.61472351035933,31.549879046876963,398.04946537176147,89.34168854557961,0.0,50.008420266049214
59.0,83.29972859230845,0.4747864209227237,-16.98518706863717,0.0,77.60776597946732,31.5537654641681,396.89910784313133,86.96913615012627,0.0,49.981799222215976
59.050000000000004,83.33251987903404,0.18217381514211187,-14.014060549068635,0.0,77.60025620921603,31.558476354080867,396.15063638072075,93.87212814110877,0.0,49.99120408301021
59.1,83.44288862642178,0.6131597077096247,-11.994130300189603,0.0,77.5925687568687,31.56344905624778,396.4674766130843,96.09315434163156,0.0,50.01945978874898
59.150000000000006,83.51412635215793,0.3957651429786682,-15.7035226534074,0.0,77.5851568900898,31.568003407359882,396.071546715553,92.64833473623257,0.0,50.01222708840516
59.2,83.53065282494732,0.0918137377188348,-13.317778030573438,0.0,77.57755774627338,31.572834119677164,396.2854672698153,94.98929770533951,0.0,50.03603285208693
59.25,83.54115909538847,0.0583681691174798,-15.334155515417953,0.0,77.57004377792377,31.57753223808191,396.3574083128322,93.92460437018686,0.0,50.00502973062036
59.300000000000004,83.57818965890692,0.20572535288028834,-11.627204936298241,0.0,77.56269774941767,31.58197374860299,395.69223897970164,91.82535632633233,0.0,49.99819855608383
59.35,83.60840912479685,0.16788592161070226,-19.641349678634192,0.0,77.55532892886276,31.58644500568674,396.0999621102924,92.11025693627003,0.0,50.00675354037409
59.400000000000006,83.66155344816056,0.2952462409095278,-16.104810451316716,0.0,77.54800342913836,31.590846810267653,396.7114463987035,91.56874655499094,0.0,50.01326224762131
59.45,83.70175050478693,0.223316981257634,-14.818209979802576,0.0,77.54063940918017,31.59530199339467,395.62484951199133,92.05024947736523,0.0,50.03581445477362
59.5,83.73304474235677,0.17385687538798833,-12.996295522588543,0.0,77.53334682160488,31.599645572764224,396.2958564251932,91.15734469123929,0.0,49.99314958302601
59.550000000000004,83.73005998796003,-0.01658196887074445,-15.537350647788926,0.4145492217686113,77.5261376601534,31.603859669368696,397.1409782094193,90.11451814363467,0.0,50.02772088640772
59.6,83.78695847172256,0.3161026875696056,-15.652036124787099,0.0,77.51869964687026,31.60841282962403,396.22291457421795,92.97516603917956,0.0,50.012382359700275
59.650000000000006,83.78143806432676,-0.03066892997662357,-13.001530909489064,0.7667232494155893,77.51135105976401,31.612827297453784,396.2165888043136,91.85733882816552,0.0,50.006762118430125
59.7,83.84972867676974,0.37939229134989266,-14.337671767733658,0.0,77.50412008636405,31.617060930256255,396.48415478065795,90.38716749938058,0.0,50.004084418512434
59.75,83.83413828752013,-0.08661327360891702,-12.739082732920682,2.1653318402229256,77.4966398946188,31.62166415694389,395.94801881262015,93.50239681574892,0.0,50.01420272705753
59.800000000000004,83.82681407013412,-0.040690096588959834,-13.431104326279922,1.0172524147239959,77.48952256314597,31.62571848999619,396.11573634137255,88.96664341035768,0.0,49.98942149881709
59.85,83.84041122023487,0.07553972278197008,-16.260442811329668,0.0,77.48244381958956,31.629710886840794,396.9245781010914,88.48429445501083,0.0,49.980618950476206
59.900000000000006,83.86591594879161,0.14169293642630298,-14.193844592648206,0.0,77.47527329186502,31.633836967540766,397.00702009461315,89.6315965567708,0.0,49.988588345962924
59.95,83.88572908249205,0.11007296500245228,-12.530797447930286,0.0,77.46797844481473,31.638145401148652,395.8228445239092,91.18558812856138,0.0,50.01665902415245
60.0,83.91071364753122,0.13880313910657252,-11.623293686755712,0.0,77.46043304067197,31.642825361961652,396.597354599023,94.31755178456046,0.0,50.01075059656388
60.050000000000004,83.95510890017582,0.2466402924699607,-14.848827979971963,0.0,77.45306930725656,31.647228136722806,396.0376252310926,92.04666769262573,0.0,49.98370061386668
60.1,83.96813254321076,0.07235357241636634,-16.61336299550796,0.0,77.4454125183326,31.652066091972014,396.56422781811506,95.70986154942177,0.0,49.986133915455994
60.150000000000006,84.01226914612427,0.24520334951948553,-13.886875151966445,0.0,77.43805188515795,31.65645497564203,396.1494943721595,92.0079146832428,0.0,49.97743578588589
60.2,83.98410944455144,-0.15644278651574053,-14.10318855873054,3.9110696628935133,77.43066063925116,31.66088538952657,396.0788213690906,92.39057383484203,0.0,49.98094926667409
60.25,83.99592454076058,0.06563942338418544,-9.729249854807623,0.0,77.42366598766684,31.664716481513526,395.66260421493485,87.4331448040316,0.0,49.992571477446106
60.300000000000004,83.98598619737263,-0.05521301882202562,-15.607000794297704,1.3803254705506405,77.41633763666746,31.669044291531065,395.87264295883836,91.60438749210155,0.0,50.01301478855314
60.35,84.05208150196013,0.3671961365972237,-9.849377485559451,0.0,77.40899881070607,31.673383486181624,396.5938121518125,91.73532451742001,0.0,49.99634178419625
60.400000000000006,84.0674982290969,0.08564848409314721,-13.66065505774594,0.0,77.40183181284347,31.677460599489336,396.4304428218152,89.58747328245342,0.0,49.97474650975963
60.45,84.11952910074197,0.28906039802815203,-16.879304189578868,0.0,77.3943418888022,31.68201802495175,395.7748899691166,93.62405051584646,0.0,50.01836465053067
60.5,84.10420110935364,-0.08515550771293198,-12.610302702110744,2.1288876928232994,77.38706400058423,31.68625283925375,396.8588178710253,90.97360272462979,0.0,49.977547536228236
60.550000000000004,84.18111034465494,0.42727352945168695,-12.739208007752715,0.0,77.37986081815725,31.69037136005497,396.54718058444706,90.03978033727986,0.0,50.023409941868536
60.6,84.2182056449299,0.20608500152752623,-9.414334276403054,0.0,77.37209173902532,31.695334607392805,396.1502606029722,97.11348914908683,0.0,50.036754912615734
60.650000000000006,84.30912768192404,0.5051224277452271,-12.645102148567727,0.0,77.36478420984511,31.699600566555727,396.8628505600819,91.34411475262812,0.0,49.98115638006082
60.7,84.34189094124592,0.18201810734378415,-7.652190731461225,0.0,77.3573034462661,31.70412211135768,395.072578392596,93.50954473757749,0.0,49.97756817976694
60.75,84.33371454234454,-0.045424438341010315,-9.041516635060757,1.1356109585252578,77.34981224381211,31.708654792927316,395.5822808166831,93.64003067493162,0.0,50.00853899221578
60.800000000000004,84.33921659208968,0.030566943028584398,-10.687673120426856,0.0,77.3422150124113,31.713341985235594,395.94466884456085,94.96539251003519,0.0,49.98062094088652
60.85,84.36561292848107,0.14664631328547464,-12.60022323259151,0.0,77.33494682606786,31.717530922765516,395.84331398563984,90.85232929296195,0.0,49.997975728839684
60.900000000000006,84.37177866007796,0.034254064427205216,-9.91867994167905,0.0,77.32753979368513,31.721923940416843,396.1169359647281,92.58790478412453,0.0,50.03348718480374
60.95,84.43131221399766,0.3307419662205041,-10.514101251711256,0.0,77.32032471078314,31.726024640829426,397.04171589990597,90.18853627499901,0.0,49.979175215273756
61.0,84.46532345935748,0.1889513631100996,-8.89129917308823,0.0,77.31291652836366,31.730410889817815,396.8595713893185,92.60228024349689,0.0,50.022627143045064
61.050000000000004,84.47090184135192,0.03099101108018215,-8.329267424038505,0.0,77.305626186348,31.734615991951504,396.5919606724024,91.12927519587795,0.0,50.008423581673284
61.1,84.52478598840037,0.29935637249136615,-4.372481648361503,0.0,77.29835985297687,31.738780876016236,396.63127760542267,90.82916713903467,0.0,50.037249843441046
61.150000000000006,84.54590810135966,0.1173450719960443,-10.26314788822629,0.0,77.2908488778584,31.743308557817947,396.5078730299276,93.88718898105002,0.0,50.013443099564014
61.2,84.59775700697992,0.288049475668079,-7.472287317004311,0.0,77.28379720850604,31.747142753288646,396.6378243165156,88.14586690431886,0.0,49.97966480850323
61.25,84.61392984077592,0.08984907664449727,-9.676688301836963,0.0,77.27653506251075,31.751288829528306,397.4037659987252,90.77682494125527,0.0,49.994934767806825
61.300000000000004,84.65901500484082,0.2504731336939099,-10.281850695685204,0.0,77.26930504048285,31.75538257374062,396.9112129823418,90.37527534866199,0.0,49.98104645994315
61.35,84.67799945212086,0.10546915155570653,-8.200365387853237,0.0,77.2620030961254,31.759580107703062,396.9299486506236,91.27430446818815,0.0,50.00085535130616
61.400000000000006,84.73478780154197,0.31549083011729584,-9.338265154680187,0.0,77.2549635854836,31.763379793558066,396.68168690898784,87.99388302255694,0.0,49.99207068235907
61.45,84.71443033085326,-0.11309705938169923,-11.708528338305772,2.827426484542481,77.24718150847288,31.768289529280583,395.8087938727435,97.27596263396147,0.0,50.021024519474516
61.5,84.70999630507451,-0.024633476548583055,-10.244784292259205,0.6158369137145764,77.23934321626841,31.773278678057995,395.6631458279363,97.97865255577238,0.0,49.99613573958484
61.550000000000004,84.7354318478461,0.14130857095328808,-9.736277337680143,0.0,77.23183559591592,31.777766829908657,395.79146254232205,93.84525440601502,0.0,50.00540589893416
61.6,84.74583857730032,0.05781516363451436,-8.643813666374692,0.0,77.22447431590942,31.782030983088518,396.1554016431893,92.01600008140424,0.0,50.000978767854164
61.650000000000006,84.76323231786172,0.09663189200778508,-4.184919937138741,0.0,77.21704042954987,31.786399781644757,396.3300898836723,92.92357949439693,0.0,49.98802347309086
61.7,84.81023581191559,0.26113052252149144,-6.529224593031796,0.0,77.20975277513017,31.79054486349266,396.2466197152211,91.09568024623341,0.0,49.99910484717528
61.75,84.82649598003266,0.09033426731709482,-7.156879054344512,0.0,77.20243578057351,31.794729810464165,396.45541557643406,91.46243195832086,0.0,49.9637047650265
61.800000000000004,84.86390667090107,0.20783717149115938,-4.84848983028318,0.0,77.19518550064194,31.79881050055105,396.1794426643365,90.62849914457118,0.0,49.982877696259386
61.85,84.86762583819825,0.02066204053985629,-5.667874050681047,0.0,77.18736857585755,31.803737077227094,396.10139786718963,97.71155980495601,0.0,50.00353539356452
61.900000000000006,84.84096347730056,-0.14812422720936652,-5.039119320808805,3.703105680234163,77.1800609669232,31.807894753551395,396.287073062765,91.3451116794011,0.0,49.97569493071394
61.95,84.88997283553775,0.2722742124287748,-5.7422105242295665,0.0,77.17267385038875,31.812167533599514,395.79391655696236,92.33895668058419,0.0,49.994451928304876
62.0,84.96700930891369,0.4279804076441284,-6.662003786442934,0.0,77.16585361705013,31.81558571607384,395.92449042203634,85.25291673271684,0.0,50.02927852809029
62.050000000000004,85.00017711634665,0.18426559684980479,-4.686670260575288,0.0,77.15821680609267,31.820225346793965,396.8206169655804,95.46013696832678,0.0,50.02775442539342
62.1,85.02446748527856,0.13494649406615633,-4.557313032151309,0.0,77.1506156482059,31.824806858277313,395.9481640674265,95.01447358451685,0.0,49.97925498107469
62.150000000000006,85.0541391137213,0.1648423802374926,-2.344667728349208,0.0,77.14289819232815,31.829558235235673,396.1595914553231,96.46819847198176,0.0,50.049880456327635
62.2,85.11785074007723,0.35395347975514635,-3.7553860432073556,0.0,77.13553800390264,31.833768959638707,397.2559263575749,92.0023553189272,0.0,49.996864164186086
62.25,85.16580361736517,0.2664048738218835,-4.863219481444449,0.0,77.12776534442278,31.838594179898863,396.9520586111139,97.15824349826926,0.0,49.97954100143639
62.300000000000004,85.21199218203249,0.2566031370406764,-4.691084843169721,0.0,77.12042569464565,31.84276506038467,395.7596930457601,91.74562221422542,0.0,49.975401110234834
62.35,85.26653207066857,0.3029993813115954,1.5480305511566286,0.0,77.11280477704534,31.84735367172475,396.06459925245616,95.26147000386861,0.0,50.001047326463805
62.400000000000006,85.28783701705733,0.11836081327086248,-6.963338331186832,0.0,77.10520859391396,31.851900592750106,395.24335418997947,94.95228914232628,0.0,50.02573532007914
62.45,85.2974485147062,0.05339720916041017,0.18153003922803013,0.0,77.09782884976812,31.856118308376107,396.5240858797616,92.24680182294016,0.0,50.012414256784574
62.5,85.33670455132354,0.2180890923184765,-1.4874490541165364,0.0,77.0900328969453,31.860956119301967,396.03819346667336,97.44941028530164,0.0,49.95752725081914
62.550000000000004,85.3879082559724,0.28446502582704913,-0.718631311055181,0.0,77.08254774434567,31.865322892082105,396.3145471636648,93.5644074953305,0.0,49.9793147828172
62.6,85.44429566172984,0.3132633653190502,0.44972221843212834,0.0,77.0750359707182,31.86972522963122,396.02228492872257,93.8971703433158,0.0,49.97314492101435
62.650000000000006,85.50838291299817,0.35604028482405187,-0.37256428082657556,0.0,77.06739283083851,31.874320214221125,395.8676207557591,95.5392484961196,0.0,49.99187241570526
62.7,85.55524947062152,0.2603697645741846,-1.4050058605437195,0.0,77.06001776543319,31.8785084921149,396.8737149131432,92.18831756663101,0.0,49.99918167676453
62.75,85.56101278347383,0.0320184047350732,2.922504590875267,0.0,77.0525121928577,31.882888342486012,395.9827041118986,93.81965719356194,0.0,50.009257336445096
62.800000000000004,85.58880119468327,0.15438006227471182,1.4186478719005435,0.0,77.04469933642154,31.887724738797772,396.4032577679202,97.66070545203684,0.0,50.013737339226694
62.85,85.61384296432023,0.139120942427545,-1.0641506887698908,0.0,77.03706262991275,31.89229207382216,395.4589023378196,95.45883135987827,0.0,49.982477623366016
62.900000000000006,85.63561491574107,0.12095528567134885,3.2808189707062123,0.0,77.02961871058208,31.896565660744333,395.8624621175462,93.04899163329442,0.0,49.97870925950488
62.95,85.67188586350495,0.20150526535485996,-2.71432858911245,0.0,77.02257174274683,31.90023954683646,395.7102054336085,88.08709794059682,0.0,49.99486948885315
63.0,85.68702729040585,0.0841190383383291,4.572708673291547,0.0,77.01509079018696,31.904560736129433,395.81260116700383,93.51190699842473,0.0,50.001578504253665
63.050000000000004,85.70207152952224,0.08357910620221404,-2.2937361730462995,0.0,77.00769597900195,31.908748392170825,396.78813191758104,92.43513981268984,0.0,49.996767484719506
63.1,85.77386520566296,0.3988537563372694,2.970583481532853,0.0,77.00002364638492,31.9133481427042,396.232676198973,95.90415771289902,0.0,49.97195857921512
63.150000000000006,85.79201007162405,0.10080481089493207,1.160897943253881,0.0,76.99253860346583,31.91766235894013,395.5874246430462,93.56303648862726,0.0,49.997837583235665
63.2,85.84110548308381,0.2727522858875579,1.1169401004929904,0.0,76.9852063381322,31.921743094581643,396.45659601710184,91.65331667043085,0.0,49.97315291325068
63.25,85.89153845719798,0.2801831895232078,3.5815906245059006,0.0,76.97768730007913,31.92609990856667,396.4763613000607,93.9879756633986,0.0,50.01815191138618
63.300000000000004,85.91712102307136,0.1421253659632034,3.0835239691149265,0.0,76.9703529522515,31.930175330399543,396.2721716502781,91.67934784533162,0.0,50.00368293945823
63.35,85.93114279687244,0.0778987433393053,5.177951943737998,0.0,76.96246266694969,31.93508058302187,395.2994671155933,98.62856627270753,0.0,49.98177794909858
63.400000000000006,85.92639825523383,-0.02635856465889691,0.13576416700852567,0.6589641164724227,76.9542710361041,31.94043294870723,395.7822261233966,102.39538556987024,0.0,49.962180123801936
63.45,85.96165055425483,0.19584610567217947,4.933681993445375,0.0,76.946889203715,31.944565264342163,394.85751935400185,92.27290486367171,0.0,50.00481841424912
63.5,85.99296221038435,0.17395364516402345,4.77678456000317,0.0,76.93917047117912,31.949198797881635,395.65059284468333,96.48415669844252,0.0,49.99058552155497
63.550000000000004,86.00237096027577,0.05227083273015041,5.824831234682798,0.0,76.93142358672281,31.953869925768224,395.21928084372416,96.83605570390836,0.0,49.97356857575601
63.6,86.01911955221091,0.09304773297303043,3.5624768197598042,0.0,76.92395166140561,31.958123943818265,395.82745762052446,93.39906646508375,0.0,49.99412266205053
63.650000000000006,86.02852641081012,0.052260325551144536,8.86300683333226,0.0,76.91672746542132,31.96200211385088,396.40915109578754,90.30244980360398,0.0,49.9970153382964
63.7,85.9994253188976,-0.1616727328473207,6.10439851207716,4.041818321183017,76.9090707099873,31.966525244888057,396.2284046476311,95.70944292524332,0.0,50.00413380144992
63.75,85.97209450948168,-0.1518378300884372,5.169408633686578,3.79594575221093,76.9018952654828,31.97032188639991,396.56630750057377,89.69305630615523,0.0,49.993382671963914
63.800000000000004,85.97863771679718,0.03635115175278793,1.4947174455063106,0.0,76.89441211827642,31.974576285323085,396.72031451746943,93.53934007979807,0.0,49.98561128886966
63.85,86.00733399228771,0.15942375272520543,5.181330808928984,0.0,76.88656219231326,31.979376597982494,396.77092348365574,98.12407453944168,0.0,50.01505568874729
63.900000000000006,85.96858941510797,-0.2152476509985722,7.894799525753615,5.381191274964305,76.87927528973403,31.98332757525337,395.1800198744648,91.08628224047209,0.0,50.0215766982852
63.95,86.0256172771777,0.3168214559429417,9.467682257226665,0.0,76.87172131580755,31.987675208567826,395.792983825581,94.42467408090633,0.0,50.02347124687511
64.0,86.05307854558069,0.1525626022388356,6.84872519128507,0.0,76.86439844556622,31.99167183872125,396.0452141189101,91.53587801659545,0.0,50.01049780728634
64.05,86.10646106743465,0.29656956585533506,10.38784887282962,0.0,76.85713139490241,31.995580742878246,396.2241524191615,90.838133297662,0.0,50.021782743678266
64.10000000000001,86.15410927280539,0.2647122520596112,5.403670146667387,0.0,76.84954224376257,31.999968888845128,396.77300693685225,94.86438924799428,0.0,50.02267204716012
64.15,86.17615860038694,0.12249626434196902,8.42652668770227,0.0,76.84199997268477,32.00428232657298,394.9989208779718,94.27838847243805,0.0,49.977884554095695
64.2,86.1437135148227,-0.18025047535693145,8.743945869225653,4.506261883923286,76.83427919756525,32.008859206925685,395.3199921618062,96.50968899399078,0.0,49.99346614822826
64.25,86.22179087249073,0.43376309815577374,9.33970504669866,0.0,76.82665355551663,32.0132888107917,396.8671938839811,95.32052560785382,0.0,49.98849960607091
64.3,86.27757690783724,0.309922418591727,8.677046514844426,0.0,76.81925870458737,32.01736779837479,396.1977626155087,92.4356366156976,0.0,50.007018259396204
64.35000000000001,86.29110182091914,0.07513840601056461,9.321819798231862,0.0,76.81174525241661,32.02162060883255,396.7004278313824,93.91815213444202,0.0,49.98401712333943
64.4,86.28445458503529,-0.03692908824362179,6.87636301039893,0.9232272060905446,76.80416652401641,32.02596708082402,396.3715316474445,94.73410500251948,0.0,49.99199534380188
64.45,86.33408471681355,0.27572295432364025,11.789712989428539,0.0,76.79641076121891,32.03057475793943,396.1518152277448,96.9470349686947,0.0,50.01577691426304
64.5,86.32231808384137,-0.06537018317878004,11.218522940908317,1.6342545794695011,76.78881097340064,32.0349438649089,396.32716825577654,94.997347728348,0.0,49.98735216486301
64.55,86.33506930174543,0.07084009946702852,10.195926622519172,0.0,76.78140804004599,32.03901332107597,396.8291657021063,92.53666693321041,0.0,50.012710208890404
64.60000000000001,86.36247958129447,0.15227933082798778,11.734988154617689,0.0,76.77409683472251,32.0429411157401,396.3433592664117,91.3900665433736,0.0,49.95252447892929
64.65,86.37945065651311,0.09428375121475507,12.79269056886508,0.0,76.76667637842935,32.04702885906409,396.68899895889007,92.75570366446297,0.0,49.99749708822578
64.7,86.40238974727801,0.127439393138333,11.44282566942424,0.0,76.75908787028574,32.05136459242044,394.63231490632575,94.85635179508341,0.0,49.99215492763728
64.75,86.394270149581,-0.04510887609448734,14.729788045193335,1.1277219023621836,76.75144718631394,32.05577425378573,396.35151606760775,95.50854964758587,0.0,50.01924711422669
64.8,86.4214069911613,0.15076023100169475,12.052312924593892,0.0,76.74393577506264,32.05998559640889,396.0870011706738,93.89264064126237,0.0,49.9733576514118
64.85000000000001,86.39219331133815,-0.16229822123979648,9.190511692318305,4.057455530994912,76.7364255433173,32.064190958430494,395.5387623249966,93.87789681675649,0.0,49.963042597603895
64.9,86.4400864311099,0.2660728876209022,11.614961417816092,0.0,76.7291224788034,32.06808136424291,397.0060288962241,91.2883064236947,0.0,49.99458877596973
64.95,86.40245360038953,-0.20907128177983414,13.318606157494163,5.226782044495853,76.72150949354625,32.07243276076441,395.8702087208917,95.16231571449615,0.0,49.96418897961096
65.0,86.4021493822685,-0.0016901006723852446,14.261010728947465,0.042252516809631116,76.71372463832532,32.07703761083504,394.9713313055321,97.3106902616453,0.0,49.988904146464165
65.05,86.41415847450578,0.06671717909601983,12.039565388709399,0.0,76.70617650703021,32.08128277016688,396.2666099543719,94.3516411889405,0.0,49.98547060790942
65.10000000000001,86.4602628218572,0.25613526306345813,10.022289428693268,0.0,76.69905234478922,32.08488773075818,395.91969369191946,89.05202801224138,0.0,49.985024840247604
65.15,86.44731359264897,-0.0719401622679509,11.606675130754073,1.7985040566987724,76.6916737472887,32.08887073927821,396.7027576696249,92.23246875649457,0.0,49.97572794443722
65.2,86.4836214359049,0.20171024031073495,9.515514358675844,0.0,76.6840341953872,32.09324119639119,396.19173117754497,95.49439876883545,0.0,50.019209101549436
65.25,86.45223190878474,-0.17438626177860916,13.997436865158809,4.3596565444652295,76.6765015767444,32.097446883159,396.5501681841525,94.15773303502252,0.0,49.99655559723812
65.3,86.44988140716637,-0.013058342324287514,11.73332929905903,0.3264585581071878,76.66883295791489,32.101852364520106,395.3479652203649,95.85773536884263,0.0,49.947234438474176
65.35000000000001,86.41369859364949,-0.20101563064934352,11.322602064395571,5.025390766233588,76.66118114804308,32.10622822696329,396.3209857291039,95.64762339750168,0.0,50.00951004666304
65.4,86.4277709892976,0.07817997582285315,14.699023721339906,0.0,76.65374470188506,32.11027666797336,396.93565713308476,92.95557697528018,0.0,49.99080244368526
65.45,86.42109783590558,-0.037073074400075776,16.30559242352589,0.9268268600018944,76.6460818448597,32.11466067684343,396.39678348684276,95.78571281703884,0.0,50.034374803194986
65.5,86.41682494272958,-0.02373829542224931,11.772032593992991,0.5934573855562328,76.63859645978596,32.11877409377719,395.84310916336835,93.56731342174096,0.0,49.97003709231169
65.55,86.47258217214625,0.30976238564819153,13.703257404688632,0.0,76.63065754076429,32.123563698215904,396.198203598936,99.23648777077236,0.0,50.009061222117886
65.60000000000001,86.47142426491362,-0.00643281795904882,13.10687978262591,0.1608204489762205,76.6223432821232,32.128911522479335,395.99905324236636,103.92823301372103,0.0,49.973953571898
65.65,86.52171443312304,0.2793898233856278,16.480993949739634,0.0,76.6148196489683,32.133068060689205,395.6646374985125,94.04541443624937,0.0,49.99208263210834
65.7,86.51296558738463,-0.04860469854669025,13.589743701152468,1.2151174636672564,76.60734638598406,32.13714488710487,395.87791724937085,93.4157873029381,0.0,49.97213434989289
65.75,86.5287831314452,0.08787524478090458,11.822684448897103,0.0,76.59939291706797,32.141937945591884,396.1279757474929,99.41836145103507,0.0,49.99549055930599
65.8,86.54052058684064,0.06520808553024111,13.920845857518414,0.0,76.59163878843754,32.146427200591944,396.2930460640955,96.92660788040416,0.0,50.00551381465484
65.85000000000001,86.58444155749036,0.24400539249847822,16.434521765334345,0.0,76.58389825026379,32.150891580651965,396.12914192740794,96.75672717180555,0.0,50.01340442913983
65.9,86.58829292971726,0.021396512371630552,13.695629311330233,0.0,76.57614102768022,32.15537652294665,396.1360844368601,96.96528229451157,0.0,49.995592110130076
65.95,86.6189341855053,0.17022919882248258,13.05137336560942,0.0,76.56819457546665,32.160140824744076,395.73928780222764,99.33065266975814,0.0,50.00782627200855
66.0,86.64725706193266,0.1573493134853456,14.138463442652041,0.0,76.56051360245515,32.16450214343658,395.7788832295151,96.01216264370606,0.0,49.98384355229377
66.05,86.63325798677633,-0.07777263975742625,12.487403625845705,1.9443159939356562,76.55301811686631,32.16858086967639,395.91099914956516,93.69356986042706,0.0,49.97083738876722
66.10000000000001,86.68462924968819,0.2853959050658489,14.169274488724088,0.0,76.54558957062677,32.17255510816603,396.3162519535627,92.85682799428862,0.0,50.02531887168297
66.15,86.74075714697625,0.31182165160033737,13.530092667100073,0.0,76.53786670045598,32.17696685831407,394.76487135253967,96.53587713502618,0.0,50.01282607429515
66.2,86.75995287308402,0.1066429228209115,19.412143624105788,0.0,76.5304091610082,32.18097620062742,396.39656517433275,93.2192430972485,0.0,49.99971729481579
66.25,86.74256385512035,-0.09660565535369275,10.894735646759202,2.415141383842319,76.52286543170113,32.185110818387386,396.0836769563642,94.2966163382774,0.0,49.999551513834604
66.3,86.78861871396903,0.2558603269370674,13.094444954272355,0.0,76.51494877037037,32.18980069956516,395.9750002511849,98.95826663467436,0.0,50.02171072266363
66.35000000000001,86.79896207371245,0.057463109685613474,13.628026234027276,0.0,76.50712828378111,32.19434162874948,396.3560409664688,97.75608236565995,0.0,49.96426762359741
66.4,86.81701181013483,0.10027631345767515,12.944669982697812,0.0,76.49926380341024,32.19894400767703,395.775183584927,98.3060046358198,0.0,50.014314545621495
66.45,86.82280032147077,0.032158396310762616,15.785314693302968,0.0,76.4919002162621,32.202790444391574,395.6112181407142,92.0448393518874,0.0,50.03952777473663
66.5,86.80617077864812,-0.09238634901467757,13.519503548875795,2.309658725366939,76.48453435225501,32.20663644995782,396.77516115191514,92.07330008863205,0.0,50.00236840642873
66.55,86.80753590513314,0.007584036027814052,12.090060637975723,0.0,76.47703952167731,32.2106720593744,396.12735727892556,93.68538222115885,0.0,49.973978110069375
66.60000000000001,86.80685893545137,-0.0037609426764687523,15.207325607192114,0.09402356691171881,76.46944722257156,32.214849835973645,395.56865492301085,94.90373882182223,0.0,49.99209112411372
66.65,86.80680938360942,-0.0002752880108329303,14.443032869063712,0.006882200270823258,76.46162955485514,32.2193614877123,396.1461912071969,97.72084645523151,0.0,49.97035659002239
66.7,86.81701075404246,0.05667428018354124,13.684358143069227,0.0,76.4538287092637,32.22384339461174,396.0214947533966,97.51056989297554,0.0,49.98915629463181
66.75,86.84631634653448,0.16280884717790875,17.871862392458862,0.0,76.44605045427045,32.22828693370702,395.9496996296346,97.22818741574888,0.0,49.976686773201884
66.8,86.8441612288264,-0.011972876156041215,15.96836391827112,0.29932190390103036,76.43800811583218,32.23312215443072,395.91822171482966,100.52923047837768,0.0,49.99837229591036
66.85000000000001,86.84809411457022,0.021849365243483264,15.721004470841214,0.0,76.43050613283836,32.237142006767,396.7322402854888,93.77478742261938,0.0,49.98950242983716
66.9,86.90073731488157,0.29246222395197735,15.993415380200998,0.0,76.42327311348943,32.24075439378364,395.90978074082597,90.4127418617169,0.0,50.026535492009096
66.95,86.86274848649977,-0.21104904656553047,15.864163831620269,5.2762261641382615,76.41547291127812,32.24521394270683,395.8939585802705,97.50252764148046,0.0,50.02746510283281
67.0,86.90627107119062,0.241792137171363,14.48707423367718,0.0,76.40768910642447,32.2496444360446,395.89395228736663,97.29756067058037,0.0,49.99668180289798
67.05,86.94299677131508,0.20403166735814404,13.51815758875463,0.0,76.40000255795131,32.25392461431829,395.6494373917004,96.08185591446214,0.0,50.000090101310185
67.10000000000001,86.91240024306614,-0.16998071249409508,15.142889649283045,4.2495178123523765,76.39232367972254,32.25818900704713,395.22419795715774,95.98597785969346,0.0,49.99621359354864
67.15,86.8747637694184,-0.20909152026525432,14.337228503883223,5.227288006631358,76.3847948713772,32.26222403055809,396.6409901589833,94.11010431670431,0.0,49.96311006012378
67.2,86.91963563658506,0.24928815092590575,10.947537125572929,0.0,76.37728096470373,32.26623266653774,395.8912881033992,93.92383341840377,0.0,50.01920141927843
67.25,86.89481250236612,-0.13790630121633748,12.647384225854127,3.447657530408437,76.36968811978642,32.27035570124717,396.997878167881,94.91056146636828,0.0,50.01324426763813
67.3,86.90304955363263,0.04576139592504991,13.918516540660228,0.0,76.36218255646908,32.27434369052193,396.25382227699146,93.81954146671713,0.0,49.99291862381261
67.35000000000001,86.95069878995572,0.26471797957278176,16.49128838119669,0.0,76.35436811526324,32.27879100864017,395.3435614725453,97.68051507298532,0.0,49.98352608046857
67.4,86.97351487038998,0.12675600241250354,14.800661120504474,0.0,76.34664856713162,32.283091539828945,396.65972382843006,96.49435164515378,0.0,49.955960628077214
67.45,86.99337044053506,0.11030872302822525,12.70644098325273,0.0,76.33870677412624,32.28772113779719,395.88708591104484,99.27241256730646,0.0,49.96232250076125
67.5,87.02557478611627,0.17891303100673886,12.121550417349143,0.0,76.3318124510145,32.29077490132699,395.61075896750464,86.17903889664665,0.0,49.99960590288309
67.55,87.05689979187657,0.17402780977952131,16.62741909819548,0.0,76.32421078781178,32.294886621229736,396.40835601504983,95.02079003393834,0.0,49.98901025644878
67.60000000000001,87.07108103800607,0.07878470071938434,13.806501280352483,0.0,76.3168579979521,32.298620919398026,395.9840266620934,91.90987324598062,0.0,50.00067220573823
67.65,87.09024967618838,0.10649243434614745,8.334020580217553,0.0,76.30918221563465,32.30283597195481,395.666022944945,95.94727896819685,0.0,50.01802893400671
67.7,87.10659840100179,0.09082624896340027,13.722856611378534,0.0,76.30170952349978,32.30674217418517,395.706235417238,93.40865168592362,0.0,49.98915216981064
67.75,87.11327205634024,0.037075862991361855,15.249557279641941,0.0,76.29382915055268,32.31125599143163,395.9108355097456,98.50466183872997,0.0,49.986109729938605
67.8,87.11923384695092,0.033121058948279034,11.437471774914677,0.0,76.28598395173097,32.31571253367277,397.06189313646115,98.0649852714482,0.0,50.004193652686176
67.85000000000001,87.12334287021608,0.02282790702864732,13.72890271945676,0.0,76.27806453703921,32.320275943176725,396.47807955229064,98.99268364689514,0.0,49.98788720496683
67.9,87.13433599999682,0.061072943226348014,13.78809941349099,0.0,76.2704338904359,32.32440163713852,395.433512432866,95.38308254142521,0.0,49.995901154672765
67.95,87.17018994020965,0.19918855673794192,11.157274975727816,0.0,76.26295678450472,32.32829289439815,395.9340103273914,93.46382413972712,0.0,49.985002099372394
68.0,87.18240214306422,0.06784557141424484,15.768955321997346,0.0,76.25539722755117,32.33230393693408,396.3678332844671,94.49446191938979,0.0,49.9976101617912
68.05,87.14292601335934,-0.21931183169379043,13.40286566676809,5.482795792344761,76.24821967109246,32.33573796768521,395.88073910117697,89.71945573384562,0.0,49.969612012948836
68.10000000000001,87.13483445968583,-0.044953075963923665,12.151410661698762,1.1238268990980915,76.240536798623,32.339926538421714,396.3025633741061,96.03590586822668,0.0,50.005130964437086
68.15,87.11819114696188,-0.092462848466455,12.397832164010968,2.311571211661375,76.23310293395203,32.343737408889744,396.2731913895739,92.92330838709138,0.0,49.99059771488462
68.2,87.17584132822874,0.3202787848159418,10.047080434209663,0.0,76.22574822194375,32.347425739493275,396.55165497873685,91.93390010349943,0.0,50.01636055507448
68.25,87.15167928620775,-0.1342335667832612,9.80604936860367,3.35583916958153,76.21789471509074,32.35185857403329,395.6762124302916,98.16883566254026,0.0,50.02358724625386
68.3,87.20595446637084,0.3015287786838275,11.314252648314497,0.0,76.21038265381524,32.355774807372484,396.4429644159553,93.90076594360889,0.0,49.98978174676466
68.35000000000001,87.21240862154411,0.03585641762930683,11.257484317930826,0.0,76.20280532378015,32.35978502761774,394.8787595896489,94.71662543857656,0.0,49.993961735711665
68.4,87.19399752623333,-0.10228386283766941,11.412041988459134,2.5570965709417353,76.19515398740458,32.36390224715348,395.85395603982903,95.6417046946728,0.0,50.0351237613617
68.45,87.26762412585212,0.4090366645488174,14.481025426297673,0.0,76.18779706215405,32.367573732782134,395.89421898744985,91.96156563167493,0.0,49.98190254780028
68.5,87.25118618763906,-0.091321878961447,12.801893495656289,2.283046974036175,76.18029788983759,32.37145491752404,396.6340673938703,93.7396539557438,0.0,50.02956063588654
68.55,87.23547439708832,-0.08728772528190964,7.759269172329674,2.182193132047741,76.17283297605447,32.3752808332812,395.769814012994,93.31142228905853,0.0,49.97685742702812
68.60000000000001,87.26988192229148,0.19115291779527818,13.43292465284312,0.0,76.1648833528935,32.37982998718937,396.49714127436147,99.37028951206419,0.0,49.997880364000224
68.65,87.30469639576914,0.19341374154261115,9.969298023234835,0.0,76.15757925576598,32.383406302893455,395.54078779184204,91.30121409395184,0.0,50.003412589007695
68.7,87.30645118338917,0.00974882011124498,12.200485725151289,0.0,76.149808100187,32.387679629959024,394.97344617591864,97.13944473717139,0.0,49.99357380178924
68.75,87.32326351574707,0.09340184643275751,9.701325532232378,0.0,76.14177892361587,32.392335715185745,395.79375266059776,100.36470713902051,0.0,50.02979276181581
68.8,87.28563920496215,-0.2090239488050783,10.499801419758125,5.225598720126958,76.13398565911449,32.39663327622264,395.45395296494036,97.4158062672944,0.0,49.99414657413296
68.85000000000001,87.32120171237686,0.1975694856373094,7.656216326599685,0.0,76.12637594058191,32.40065122074529,395.5924943969785,95.12148165727808,0.0,49.98060263954378
68.9,87.34455740027072,0.12975382163255345,10.489797744984163,0.0,76.11837166734728,32.40525697937649,395.42144756303543,100.05341543290177,0.0,50.021568721528176
68.95,87.37071038677556,0.14529436947131424,11.342056249482834,0.0,76.11083148646324,32.40916199372317,396.0821911300907,94.25226105044071,0.0,50.01123688836477
69.0,87.35762343176259,-0.07270530562758076,6.131738230915978,1.8176326406895191,76.10333134849446,32.41300303868262,396.3942301040839,93.75172460977629,0.0,49.95907140600903
69.05,87.34899979368329,-0.0479091004405614,10.907717309562205,1.197727511014035,76.0955827812393,32.417212886526684,394.77586631377136,96.85709068958501,0.0,49.99546306546603
69.10000000000001,87.34022469014494,-0.04875057521306019,7.501530006709967,1.2187643803265047,76.08773549326244,32.421566605605456,396.2810060116098,98.09109971080152,0.0,49.97403179042076
69.15,87.29698620870167,-0.24021378579594255,12.15151001530906,6.005344644898564,76.08037772642425,32.42518168925715,395.8205950172015,91.9720854774869,0.0,50.00372431724716
69.2,87.32560760114184,0.15900773577871308,9.939146749857489,0.0,76.07322439972475,32.42848649761713,396.23937997225244,89.41658374361778,0.0,50.006228587476
69.25,87.3578057181746,0.17887842795982906,9.30255176157052,0.0,76.06564852064783,32.432421829734906,396.3388737053188,94.69848846164052,0.0,50.004474483166526
69.3,87.35698858762119,-0.00453961418565952,7.568127536053365,0.11349035464148799,76.05813478116866,32.436260017123914,395.1322230063227,93.92174348951397,0.0,50.00266826163141
69.35000000000001,87.3512314524886,-0.03198408406987815,12.908499801918062,0.7996021017469537,76.05072028650423,32.439945499103445,395.8501028504446,92.68118330546946,0.0,50.009582484359264
69.4,87.3720799942613,0.11582523207048613,6.451724453710512,0.0,76.04273506949271,32.44448337912162,395.8911566406194,99.81521264402633,0.0,50.01108129672892
69.45,87.39029968721543,0.10122051641187706,5.094942912281195,0.0,76.03543509331195,32.44798886001363,396.3063148275268,91.2497022594332,0.0,49.99880188124646
69.5,87.4364086714324,0.25616102342761243,5.529051390548613,0.0,76.02748939293384,32.45245942172077,395.65423955003877,99.32125472625773,0.0,49.99516724765675
69.55,87.45501030007031,0.10334238132174971,8.714913291333335,0.0,76.01958296406048,32.4568666056091,395.8933698508615,98.83036091710026,0.0,49.97782317237426
69.60000000000001,87.47030395806321,0.08496476662723326,6.501033369729382,0.0,76.01131692047855,32.461808804376375,395.2554178776114,103.325544774002,0.0,49.99870599836901
69.65,87.47536287873176,0.028105114825241664,5.925821793364617,0.0,76.00357962106922,32.465952944686,396.13924695288836,96.71624261668968,0.0,49.99620512591987
69.7,87.46451375362213,-0.06027291727571324,4.863932327568273,1.506822931892831,75.9959708186047,32.469900195438086,395.9386101629102,95.11003080644527,0.0,49.977681322828175
69.75,87.5092820699281,0.24871286836653383,5.267716038868957,0.0,75.98779770381212,32.474689967431516,395.7195383944925,102.16393490725204,0.0,50.01193861985646
69.8,87.49248203202542,-0.0933335439038212,4.171890385055745,2.33333859759553,75.98022242832016,32.478578190702024,395.8905302098708,94.69094364948299,0.0,49.990891126746604
69.85000000000001,87.52675970211602,0.1904315005033124,6.273313394807915,0.0,75.97293579983534,32.48202955523855,396.1023316159961,91.08285606022163,0.0,49.99185984691361
69.9,87.54614775260926,0.10771139162903733,4.1227035059353065,0.0,75.96499434602478,32.486459706399145,395.32156785158713,99.2681726319707,0.0,49.9884570564489
69.95,87.56571320953044,0.10869698289547886,3.064414392603809,0.0,75.95754797183096,32.49014280798347,396.8384703166638,93.07967742266167,0.0,49.98261183110291
70.0,87.56261221179834,-0.01722776517838835,6.003195799401527,0.4306941294597087,75.94975129129969,32.494347685972386,396.4613836533263,97.45850664083282,0.0,49.997077541771695
70.05,87.59015419922297,0.1530110412479427,1.8101919342799466,0.0,75.94241758744748,32.497853894064725,395.47868328848045,91.6712981525787,0.0,50.01719528129592
70.10000000000001,87.57074359720143,-0.10783667789743463,3.7003311790409015,2.6959169474358657,75.93505768994724,32.50139588642102,396.3455600744274,91.99871875303948,0.0,50.00228698219641
70.15,87.6212124789427,0.2803826763403551,-0.6406813326023886,0.0,75.9273003220591,32.50553054236681,396.225575280872,96.96709860177664,0.0,49.981326584311645
70.2,87.63213655600062,0.06068931698844088,0.14460831905109162,0.0,75.91986663687341,32.50917553960298,396.47597615646293,92.92106482108146,0.0,49.98741310778871
70.25,87.61832039017142,-0.07675647682886269,1.8729254925598986,1.9189119207215672,75.91286006947735,32.51217621515746,396.61303669746616,87.58209245073454,0.0,49.979274774238625
70.3,87.61040178138708,-0.04399227102410459,1.2382371176194518,1.0998067756026149,75.90508204671077,32.516331073092154,396.67571002270216,97.22528458210788,0.0,50.00033524914524
70.35000000000001,87.61410275598476,0.020560969987101396,0.9384422310714007,0.0,75.89717682892002,32.52067256870518,396.0045294068609,98.81522238434891,0.0,50.03174858656282
70.4,87.57808948178983,-0.2000737455273609,3.2710134022127537,5.001843638184022,75.88976865179647,32.524264161821804,396.1215985255494,92.60221404443631,0.0,50.01346323210083
70.45,87.60221422496674,0.1340263509828405,3.099259123193,0.0,75.88214915687347,32.52816914004448,396.6165264448128,95.24368653752722,0.0,49.99135920920978
70.5,87.56419446554291,-0.21122088568794944,1.7118179889337215,5.280522142198736,75.87399064078134,32.53287874504263,396.8850913793638,101.98145115157423,0.0,50.005641439924545
70.55,87.58636814445981,0.12318710509389294,-1.247796850316608,0.0,75.86619420928542,32.53704051354148,396.56388254037074,97.45539369906678,0.0,49.97625605202065
70.60000000000001,87.5903385088606,0.022057580004328798,0.282373766685581,0.0,75.85884493466939,32.54052738495198,396.7743841039851,91.86593270033289,0.0,50.00547976945746
70.65,87.6437635300622,0.29680567334220964,4.063992946117676,0.0,75.85123046661954,32.544408559641795,396.04489747816444,95.18085062306616,0.0,49.95227917055272
70.7,87.60203203567173,-0.23184163550264023,4.902862700852528,5.796040887566005,75.84361102377189,32.54829331535363,395.66006059371995,95.24303559564494,0.0,50.0183614326723
70.75,87.58090265287954,-0.11738545995658489,1.5763970907464593,2.9346364989146223,75.83570888740294,32.552598226591684,396.21105645822956,98.776704611739,0.0,50.007909172975985
70.8,87.61087797448695,0.1665295644855824,-2.6761341642303753,0.0,75.82840229879987,32.5560055112697,396.45552632864855,91.33235753843431,0.0,50.012587958910466
70.85000000000001,87.62769830315023,0.09344627035151717,-1.1993515193629682,0.0,75.82043602896144,32.56039891051608,396.9546405737392,99.57837298037674,0.0,49.96614878652857
70.9,87.64601592854694,0.10176458553734732,-0.8220760458649473,0.0,75.81286023700584,32.56420219953896,395.6798359228819,94.69739944499358,0.0,50.0034501437677
70.95,87.68150295129502,0.19715012637818982,-1.431244832981229,0.0,75.80518488905163,32.568151019270736,395.89333827068083,95.94184942763303,0.0,50.020552087228026
71.0,87.67983682485885,-0.009256257978697488,0.3120940746678711,0.23140644946743721,75.79777724274014,32.571694337718704,395.59615846598103,92.59557889364702,0.0,49.97951549457804
71.05,87.6983889844863,0.10306755348584784,-0.7136460862880096,0.0,75.79019011232498,32.575503339003724,395.42987173721247,94.83913018950393,0.0,49.99902857022401
71.10000000000001,87.68315964347494,-0.08460745006310452,-4.564166041089975,2.115186251577613,75.78255755350288,32.57937667389786,395.63197466951374,95.40698527615811,0.0,50.01747532508112
71.15,87.67068270881585,-0.06931630366165209,-4.010661429807563,1.7329075915413021,75.77490064889265,32.58328265413931,396.54605190281217,95.7113076279071,0.0,49.99609900297591
71.2,87.69487394469013,0.13439575485714483,-1.111321167468017,0.0,75.76723315419567,32.58720061353065,395.7283342342848,95.84368371231076,0.0,49.99985906918929
71.25,87.69343156137055,-0.008013240664366556,-0.49449656515324136,0.20033101660916391,75.75938904342057,32.59137957907976,395.7326274781703,98.05138468864516,0.0,50.010368239250695
71.3,87.73313935094987,0.2205988309962422,-3.1612396156561045,0.0,75.75190745299801,32.59501058513451,396.46207985903806,93.51988028196418,0.0,49.98840188345376
71.35000000000001,87.71335001895966,-0.10994073327894947,-0.7875278289018066,2.7485183319737367,75.74402813170178,32.59923455649373,395.9531625658934,98.49151620292427,0.0,50.03041907466782
71.4,87.71428240031125,0.005179896397755821,-3.9746191542852993,0.0,75.73663010824606,32.60273235712082,395.37636524187815,92.4752931965778,0.0,49.98767565508049
71.45,87.70768452301706,-0.03665487385654769,-6.2935078956556705,0.9163718464136923,75.72928799247782,32.60614279841605,395.4447150447394,91.77644710294696,0.0,50.012431015209195
71.5,87.6706620976914,-0.20568014069814702,-3.5333627811483956,5.142003517453675,75.7216178124547,32.61004192565233,395.7642492836418,95.87725028911198,0.0,49.992260748053894
71.55,87.65247431035698,-0.10104326296906332,1.0367104203131445,2.526081574226583,75.71409155799198,32.61372126542076,396.8860919546215,94.07818078397392,0.0,49.98528988584714
71.60000000000001,87.62627805483324,-0.1455347529097208,-7.8783367240094915,3.6383688227430198,75.70674157079772,32.617132524946726,396.5287045881198,91.87483992822395,0.0,49.995684887533045
71.65,87.6434152976613,0.09520690460035439,-2.584019195282128,0.0,75.69858346627386,32.62175254920757,395.54351371768564,101.97630654827071,0.0,50.016919683595134
71.7,87.64836848071982,0.027517683658417932,-4.774978708785129,0.0,75.69065450667246,32.62602423606047,395.63681369400354,99.11199501758523,0.0,49.985141584641816
71.75,87.60175738412197,-0.25895053665479767,-7.548936329991635,6.473763416369942,75.68281142493393,32.63016283443221,396.2184944060367,98.03852173167611,0.0,49.97178779798578
71.8,87.57635394297816,-0.1411302285767334,-10.255977145241253,3.5282557144183353,75.67541931851663,32.63362083122372,394.8424843624587,92.4013302162182,0.0,50.011907737079575
71.85000000000001,87.58332522381001,0.038729337954675105,-11.220926627336315,0.0,75.6678186160859,32.6373882640386,395.94542567882866,95.00878038413495,0.0,49.96617111804596
71.9,87.55137600571136,-0.17749565610361767,-8.076350892160965,4.437391402590442,75.66042141525014,32.6408466770282,395.8681823509379,92.46501044697881,0.0,49.98655348799704
71.95,87.53296890408927,-0.10226167567822951,-6.473037527775288,2.556541891955738,75.65273399981291,32.64473695350702,396.28204128840434,96.09269296540054,0.0,50.04539225138571
72.0,87.54542284913384,0.06918858358090835,-5.739242023437697,0.0,75.64507857940082,32.64857534717165,396.56004102465187,95.69275515114737,0.0,49.9834005444604
72.05,87.56982840427489,0.13558641745020958,-5.503188284255437,0.0,75.63781820653104,32.65181733112915,395.98348184938607,90.75466087224959,0.0,49.96804556564251
72.10000000000001,87.57364815183617,0.021220819784897545,-7.432740587265389,0.0,75.63015199075762,32.65566483745813,395.60630182745894,95.82769716757811,0.0,49.96091457226491
72.15,87.59129618842147,0.09804464769607034,-8.008005757475875,0.0,75.62207110630614,32.660130499297914,395.5610724734806,101.01105564366651,0.0,49.96724761394112
72.2,87.5842502763579,-0.03914395590863441,-9.204532567185213,0.9785988977158603,75.61419192317723,32.66428914349197,395.54543875948684,98.48978911128833,0.0,50.02180332067381
72.25,87.56591794711578,-0.10184627356739012,-7.941326439794847,2.546156839184753,75.60670591999718,32.66785385911855,395.79582047484837,93.57503975062373,0.0,50.00689663418954
72.3,87.56728627589143,0.007601826531437745,-10.352306495082889,0.0,75.59890140979667,32.6718927705602,396.3223279294462,97.55637750636858,0.0,49.998205177225415
72.35000000000001,87.55330008928665,-0.07770103669326058,-11.684545080316777,1.9425259173315144,75.59111362802568,32.67590255044612,396.31681295787,97.34727213732101,0.0,50.00401138277134
72.4,87.58374910469648,0.1691611967212474,-9.340595541094556,0.0,75.5834842879262,32.67967065804489,395.28396491488604,95.36675124346888,0.0,50.0119834831356
72.45,87.56419976222573,-0.10860745817081452,-8.111019630645018,2.7151864542703628,75.5758122987592,32.68349897113733,395.7819776369051,95.89986458735783,0.0,50.02555532727183
72.5,87.55298984650125,-0.06227730958044225,-12.76750951721898,1.5569327395110564,75.56849409221954,32.6867927819757,396.9515849510366,91.47758174587078,0.0,49.99955453442731
72.55,87.58458593969165,0.17553385105780753,-11.251113705091925,0.0,75.56075423658697,32.69071577264257,395.76261111336805,96.74819540704642,0.0,49.96665854174953
72.60000000000001,87.57728439079878,-0.04056416051590089,-10.3129005158266,1.0141040128975223,75.5531247305784,32.69446931588277,396.17088252307894,95.36882510703882,0.0,50.01352450892805
72.65,87.61193874029692,0.1925241638785782,-10.569368839736642,0.0,75.54550621390625,32.69820262157511,394.91087403192813,95.23145840188305,0.0,49.96916677310835
72.7,87.58305512922833,-0.16046450593663059,-9.73162864227795,4.011612648415765,75.53735021187273,32.702738422003804,395.24506621589694,101.95002541888336,0.0,50.02854098916478
72.75,87.57371291051021,-0.05190121510067498,-7.249146327672731,1.2975303775168745,75.52991169281005,32.70619346217583,395.9863555893413,92.98148828361774,0.0,50.012504165192
72.8,87.57751926182168,0.02114639617480598,-15.696267036048024,0.0,75.52244550654181,32.709686548116004,396.8618776112417,93.32732835287484,0.0,50.001514567161365
72.85000000000001,87.59097044271348,0.07472878273226721,-7.533711896513778,0.0,75.51467069242497,32.713639082743164,395.8077379184932,97.18517646061687,0.0,50.013174405740344
72.9,87.63720155651978,0.25683952114613423,-7.953141333615639,0.0,75.50662352703121,32.71799619175106,395.7661532263877,100.5895674219931,0.0,50.03459425581499
72.95,87.61293321750581,-0.13482410563320874,-9.978241684170559,3.3706026408302185,75.49910417836868,32.721557218553095,396.42421897250443,93.99185828150964,0.0,50.009782286724864
73.0,87.59692296597537,-0.08894584183579737,-11.536743381060358,2.2236460458949345,75.4916959073066,32.72494806792766,396.19276601821775,92.60338827598845,0.0,50.00014731875701
73.05,87.56618094370562,-0.17078901260972817,-13.452215444359934,4.269725315243204,75.48423863259634,32.72840903192514,396.24451519624955,93.21593387834749,0.0,50.00292579092217
73.10000000000001,87.55182665438345,-0.07974605178982318,-10.53930992961898,1.9936512947455793,75.47659526863144,32.73214566884057,395.95602520637186,95.54204956131024,0.0,49.99819979482153
73.15,87.57747963077908,0.14251653553127597,-11.950963202839702,0.0,75.46902048707285,32.73577569550962,396.0869064727772,94.68476948242562,0.0,49.98712171575272
73.2,87.54482093581457,-0.18143719424726185,-13.29106202665913,4.535929856181546,75.46072268096302,32.74048662897887,395.022283201429,103.72257637295718,0.0,49.988305278455314
73.25,87.52877240235279,-0.08915851923213741,-11.086545198267071,2.2289629808034355,75.45318529148291,32.744052226570055,397.0506094442676,94.21736850134253,0.0,49.97359730700045
73.3,87.56482444175768,0.2002891078049384,-10.866108904815665,0.0,75.44542114799275,32.74795438957874,396.0630817512544,97.05179362713079,0.0,50.00667204609349
73.35000000000001,87.5483500974576,-0.09152413500043703,-18.605738307696445,2.288103375010926,75.43746394500019,32.75214223967799,396.4687798773519,99.46503740692707,0.0,49.990980863469595
73.4,87.50470697533098,-0.24246178959238815,-10.425959599387834,6.061544739809704,75.42976071895197,32.75594493651064,395.02963463653117,96.29032560275022,0.0,50.00198186017044
73.45,87.49833072919137,-0.03542358966452237,-14.907896776015514,0.8855897416130594,75.42229517247584,32.759387311288314,395.9628197138175,93.3193309515573,0.0,49.966292562703664
73.5,87.54719758055143,0.2714825075558668,-11.00799923217615,0.0,75.41453762333873,32.76326424768269,395.0901497597018,96.96936421388533,0.0,50.00296569213583
73.55,87.55193291781829,0.02630742926039669,-14.251581741807495,0.0,75.40717119055074,32.76655063261698,395.6693234862937,92.08040984979608,0.0,50.0230946420509
73.60000000000001,87.55239878881197,0.002588172187116645,-13.331440671402069,0.0,75.3993692553497,32.770486984785926,396.49376441395407,97.52419001300395,0.0,50.03119454265003
73.65,87.5996284763083,0.26238715275734265,-13.056308005500494,0.0,75.39188976914774,32.77393572710408,396.79688032734987,93.4935775245429,0.0,49.97068988687642
73.7,87.62283460391357,0.12892293114045636,-11.672618909838397,0.0,75.38404370703961,32.777930884539174,395.6533106701507,98.07577635166517,0.0,49.981393997147215
73.75,87.59464784045069,-0.15659313034934155,-12.605747340196217,3.914828258733539,75.37623170258541,32.78187096033592,396.3852971511662,97.65005567740626,0.0,50.01830536773293
73.8,87.59034265351077,-0.023917705221776227,-19.246327513609113,0.5979426305444057,75.36851598122989,32.785662671408865,396.0165417065809,96.44651694396178,0.0,50.010537331714
73.85000000000001,87.53656899199557,-0.2987425639734105,-16.34335287669071,7.468564099335262,75.36078362806497,32.789475538484844,396.21381501663,96.65441456154672,0.0,50.00407998922221
73.9,87.5550828982396,0.10285503468910892,-14.166776398260078,0.0,75.35292029019348,32.793481069753575,395.0763529771531,98.29172339346867,0.0,49.99737453049827
73.95,87.5640650532492,0.0499008611643694,-10.573988880565476,0.0,75.34559055765985,32.79668218748428,396.2410170511139,91.62165667045454,0.0,50.03283860351707
74.0,87.53372304816874,-0.16856669489143156,-14.606452713975226,4.214167372285789,75.3380451372408,32.800203635925364,396.07926236125365,94.31775523809364,0.0,50.015129734298434
74.05,87.54613929985119,0.0689791760136354,-16.094021957969687,0.0,75.33088110355568,32.803149482817105,395.90641939523823,89.55042106391265,0.0,50.00729031318546
74.10000000000001,87.55098886826977,0.02694204676988159,-17.885415717007398,0.0,75.32391567076387,32.80579448252201,395.7578142038126,87.06790989769821,0.0,50.02201715946762
74.15,87.59309743632177,0.23393648917776572,-16.10691346683001,0.0,75.31601055548208,32.80984636096217,396.05671405651873,98.8139410223291,0.0,50.01764395279886
74.2,87.6516073638439,0.32505515290068693,-14.860903045369621,0.0,75.30828941482149,32.8136182255921,396.2200701309643,96.51425825746865,0.0,49.99368692582319
74.25,88.04250034383507,2.171627666617683,-14.948911986800336,0.0,75.3005579009975,32.81740187810249,395.62126506729714,96.64392279983588,0.0,50.025269666883645
74.3,88.40128775726953,1.9932634079691671,-16.05078004194061,0.0,75.29245761406047,32.82173490662995,396.479087386938,101.25358671302016,0.0,49.99183782476644
74.35000000000001,88.76089251354699,1.9978042015414654,-14.281186223230511,0.0,75.28491994173498,32.82521968021155,396.65190989435354,94.22090406859675,0.0,50.01087814405183
74.4,89.09286950118435,1.8443165979853735,-15.195768005788686,0.0,75.27704545541167,32.82920619001632,395.56109397374087,98.43107904149132,0.0,50.008513276252735
74.45,89.42656100629016,1.8538416950322154,-10.368868524452992,0.0,75.26948109805794,32.832723519856906,396.3182363463527,94.55446692164405,0.0,50.027577733992125
74.5,89.77129922644593,1.9152123341987495,-11.894262770811125,0.0,75.26123465844509,32.83726045575633,396.0818096477587,103.0804951606491,0.0,49.97235956900758
74.55,90.11007573047611,1.8820916890565502,-14.476688510620013,0.0,75.25330266758725,32.84132118158734,396.9223747956501,99.14988572304631,0.0,49.98262776819116
74.60000000000001,90.4154082189674,1.6962916027294042,-15.893947791327856,0.0,75.24540552294559,32.84532557736824,396.5724448715306,98.71430802076495,0.0,50.01234267844147
74.65,90.759353981108,1.9108097896700171,-11.826334038526353,0.0,75.23686884195436,32.85028527327771,395.24257979609183,106.70851239029217,0.0,49.980204884285186
74.7,91.10051333027529,1.8953297175960404,-12.223440934209094,0.0,75.22860375693337,32.85483261553593,395.1188870531577,103.31356276249412,0.0,49.99606464022365
74.75,91.44990839627829,1.9410837000166736,-11.722622781027846,0.0,75.22061764511946,32.85895695064126,396.34561177564166,99.82639767385064,0.0,50.012285359360504
74.8,91.77726508084454,1.8186482475903274,-10.177533071528096,0.0,75.21247743884548,32.86330830310158,395.56394979534315,101.7525784247043,0.0,50.024300080381636
74.85000000000001,92.09016399763826,1.7383273155206544,-16.46547220214145,0.0,75.20345335172543,32.868981125478555,395.75635153661483,112.80108900059864,0.0,50.00199344415093
74.9,92.38068109471791,1.6139838726647322,-10.239096411228871,0.0,75.19568152924268,32.8727698780772,395.5920984351658,97.14778103437122,0.0,49.99572579532106
74.95,92.72338004932614,1.903883081156789,-15.532024182082086,0.0,75.18769653754603,32.8768745957441,395.8167340578304,99.81239620814905,0.0,50.035560321536146
75.0,93.07459324169778,1.9511844020647175,-13.445089991157364,0.0,75.17925319057721,32.88166274160158,395.5611701732967,105.54183711021464,0.0,49.97583440110668
75.05,93.44200734424965,2.0411894586214494,-17.86690368080334,0.0,75.17075604670029,32.886526794675355,395.59369091717195,106.21429846148028,0.0,49.96546999148795
75.10000000000001,93.74586455522692,1.6880956165403795,-15.641136138880844,0.0,75.16238230032327,32.89120088744621,396.1795830213408,104.67182971275855,0.0,49.951481831901305
75.15,94.00086234196684,1.416654370777364,-12.534408075971033,0.0,75.15435511798246,32.89535046006998,395.7493355698203,100.33977926012751,0.0,50.01469021822617
75.2,94.29955387388245,1.6593973995311544,-13.10890736049655,0.0,75.14622768619881,32.89964625728539,395.3475791041709,101.59289729568638,0.0,50.01454338499361
75.25,94.6665717312444,2.0389880964553195,-15.221929365662296,0.0,75.13805675854192,32.904003002513434,396.01646193837314,102.13659571110608,0.0,49.97776968690051
75.3,94.95520145513146,1.6034984660392066,-14.199579870840335,0.0,75.13007273833921,32.90807502981498,396.1970337715362,99.80025253384082,0.0,50.00505039820634
75.35000000000001,95.27926032056583,1.8003270301909386,-15.486025918395299,0.0,75.12151441368518,32.913004441766205,395.32252507929735,106.97905817532748,0.0,49.984097893950405
75.4,95.55671101455816,1.5413927444018893,-12.148172136197282,0.0,75.1128266289384,32.91812311444461,394.77468938218317,108.59730933479572,0.0,50.02502921418361
75.45,95.85892387717077,1.6789603478477975,-18.256253181488802,0.0,75.10412205196934,32.92326185678374,395.9586261747107,108.8072121131027,0.0,49.98624384965979
75.5,96.11510798369056,1.4232450362210955,-11.062904376849797,0.0,75.09590794574159,32.927659754268596,395.6189204169715,102.67632784698549,0.0,49.97409920646337
75.55,96.41292407548048,1.6545338432772936,-15.48272145269782,0.0,75.08770262144468,32.93204008095968,396.0490076891375,102.56655371129595,0.0,50.01298698228448
75.60000000000001,96.69260669805581,1.553792347640729,-13.819226585411394,0.0,75.07949391631696,32.936421098570285,396.06252830819716,102.60881409639367,0.0,50.0090860661148
75.65,96.99423803850087,1.675729669139234,-16.444058965758217,0.0,75.0706445477875,32.94175873026592,395.75188526392554,110.61710661834162,0.0,50.021171621074686
75.7,97.25058426941025,1.424145727274388,-13.057962081500664,0.0,75.0620206230421,32.946752858653745,396.0465967189942,107.79905931745809,0.0,49.974257656868645
75.75,97.52463347731218,1.5224955994551699,-12.3310552730869,0.0,75.05351643628255,32.95156238593443,395.5841855556912,106.30233449447746,0.0,49.9951250010613
75.8,97.76571507628766,1.3393422165304514,-12.626026603156465,0.0,75.0448554034221,32.95660237283917,395.85726222340963,108.26291075563981,0.0,50.007845141541424
75.85000000000001,98.06729639832426,1.6754517890922378,-12.226821243025128,0.0,75.03631698151874,32.96145340332137,395.22039789688523,106.73027379200313,0.0,50.021943721483126
75.9,98.3404467477129,1.517501941048026,-13.247119916749064,0.0,75.02762825655232,32.96652503736767,395.0179659098907,108.60906208015248,0.0,49.996126249167006
75.95,98.58484174585865,1.3577499896986296,-13.049022303774525,0.0,75.01942047482221,32.97087018492547,395.7365146626108,102.59727162641082,0.0,49.99603240114803
76.0,98.8835902281737,1.6597137906391282,-12.987592701390144,0.0,75.01090603274532,32.97567097785586,396.3876138674243,106.43052596099896,0.0,49.97687691760916
76.05,99.12161320840774,1.3223498901890536,-13.573440790731906,0.0,75.00206335728119,32.98095932007421,396.5564902305383,110.53344330174298,0.0,50.021545358074334
76.10000000000001,99.38694164755852,1.4740468841710028,-13.170350121779174,0.0,74.99337456919473,32.98601154288382,394.9567879026247,108.60985108072383,0.0,49.97275875646831
76.15,99.6575623613732,1.5034484100815455,-11.207040956926882,0.0,74.9847533048949,32.99095742779068,395.2064692436004,107.76580374787936,0.0,49.98560906182084
76.2,99.93664684599176,1.5504693589920375,-9.230114956878506,0.0,74.97608716352518,32.995965682417456,395.4800286220252,108.32676712138975,0.0,50.00970423895291
76.25,100.21610520993589,1.5525464663562663,-13.765386720155197,0.0,74.96761532541198,33.00067747390484,395.2669043891953,105.89797641498008,0.0,49.99680655834355
76.3,100.44176483298891,1.2536645725167648,-11.863367630416219,0.0,74.95887358743552,33.00578940339563,396.41740402186434,109.27172470581179,0.0,50.00464493185448
76.35000000000001,100.67760721484655,1.3102354547646424,-13.798709643340331,0.0,74.95045155835909,33.01041665760688,395.83532420605775,105.27536345536015,0.0,50.01091327445488
76.4,100.91158307147026,1.2998658701317238,-12.276704899727966,0.0,74.94165182556712,33.01560584013724,394.86757372856215,109.99665989968639,0.0,50.03516109390627
76.45,101.13723893485347,1.2536436854623063,-11.760349927292085,0.0,74.93305908929958,33.020479338698415,395.88659750512187,107.4092033442522,0.0,50.00400101058128
76.5,101.41082195739838,1.5199056808050762,-10.526935434975423,0.0,74.92404144784653,33.025985321539274,396.2387765256525,112.72051816299378,0.0,50.01123277744282
76.55,101.7168634048353,1.7002302635384012,-10.376665688989652,0.0,74.9152753017131,33.03110855541788,396.03806521436223,109.57682666790801,0.0,49.987378010999116
76.60000000000001,101.94557985829547,1.2706469636676476,-10.49739990935038,0.0,74.90631580955277,33.03651668510297,394.7602929128131,111.99365200419648,0.0,49.97933437545326
76.65,102.18699492298879,1.3411948038517574,-9.418939247752956,0.0,74.8973621146961,33.041910710702865,395.5923016230936,111.92118570832753,0.0,49.96595218754618
76.7,102.47538317448009,1.6021569527294142,-11.759753937811151,0.0,74.8882761697,33.047497717486294,394.94473513023604,113.57431245108958,0.0,50.02559376031342
76.75,102.72829896948056,1.405087750002656,-9.429250147438609,0.0,74.87937191500309,33.052806601814176,394.86442417796064,111.30318371139585,0.0,50.00151609115918
76.80000000000001,102.91332463970583,1.0279203901403793,-8.075054344012704,0.0,74.87058689549738,33.057931324470935,396.10752345798016,109.81274382144207,0.0,50.00001060415066
76.85000000000001,103.17333055409019,1.4444773021352941,-11.098658828746792,0.0,74.86159563146344,33.06336028919738,395.6855544590357,112.39080042425628,0.0,49.979901051216
76.9,103.39652936467029,1.2399933921116952,-12.59911506091102,0.0,74.85285783202131,33.06840362807137,395.694341796071,109.22249302662259,0.0,49.97800658583982
76.95,103.58397282597677,1.0413525628138351,-6.812788656727156,0.0,74.84405823683593,33.07353461722136,395.8829457651448,109.99493981716371,0.0,50.01050128219968
77.0,103.79112382488078,1.1508388828000462,-10.883331616562055,0.0,74.83527743259144,33.07863228897087,395.1616380239931,109.76005305610461,0.0,49.98192536888107
77.05000000000001,104.01519914029724,1.2448628634247252,-9.463962209547134,0.0,74.82574978603513,33.08484512651636,395.62452156986654,119.09558195382182,0.0,49.9915831030799
77.10000000000001,104.21835016327462,1.1286167943188077,-6.6905294326493845,0.0,74.8164923936704,33.09064636993694,394.60059920051003,115.71740455911208,0.0,49.98654707697621
77.15,104.40101821111392,1.014822487996117,-9.72668848300433,0.0,74.8073321373931,33.09629610798295,395.54274607739285,114.50320346623151,0.0,49.998050817489734
77.2,104.61756920700192,1.2030610882666342,-5.720748772107372,0.0,74.79811857684491,33.10202015269724,395.3335558683874,115.16950685230103,0.0,49.996728451959555
77.25,104.86144141227913,1.3548455848733814,-8.730238365074873,0.0,74.78901427566346,33.107574584316716,395.12404851864807,113.80376476810763,0.0,50.004638750172575
77.30000000000001,105.09499761767545,1.2975344744239905,-8.70598613473748,0.0,74.7797198676305,33.11340862178183,395.3593883572407,116.18010041193088,0.0,49.97642805899998
77.35000000000001,105.35045029148286,1.4191815211522476,-9.13997523663012,0.0,74.77074144591427,33.118762845734395,395.5851463610733,112.2302714528798,0.0,50.029433466013415
77.4,105.5901651667509,1.331749307044617,-7.917388155779015,0.0,74.76146572675141,33.124557661632956,395.06002470129073,115.94648953581006,0.0,50.004486809108855
77.45,105.84621133452958,1.4224787098816454,-5.1511155624683544,0.0,74.75247702040105,33.12991616349687,396.0342367401611,112.35882937960145,0.0,50.00373188289016
77.5,106.0181629862248,0.9552869538622875,-7.105041638930989,0.0,74.74336110087093,33.13546012662856,395.244570564991,113.94899412655171,0.0,49.989459275358726
77.55000000000001,106.2370914118898,1.2162690314723217,-3.679659359222018,0.0,74.73375055457795,33.1417404859414,395.0280364935437,120.13182866220497,0.0,50.00310731492231
77.60000000000001,106.43104826820624,1.0775380906468404,-5.417701244987207,0.0,74.72430014350489,33.14777436206505,394.8218822832425,118.13013841330444,0.0,50.0038741893227
77.65,106.64564436567377,1.192200541486298,-4.963287831656609,0.0,74.71490278508624,33.153722625330964,394.4355075005379,117.46698023313832,0.0,50.00505392977555
77.7,106.80290893518057,0.873692052815555,-6.570608929539363,0.0,74.70556851344999,33.15957031016,395.30183134290627,116.67839545302432,0.0,50.000712594269814
77.75,107.00003099322903,1.0951225447137214,-2.229494443420196,0.0,74.69614380996858,33.165547795071966,395.8684046012687,117.80879351769448,0.0,49.9764098517583
77.80000000000001,107.23266223974234,1.2923958139628555,-2.8153347094573284,0.0,74.68684306858312,33.17133335935508,395.5816970671568,116.2592673182169,0.0,50.00961851735456
77.85000000000001,107.42732513013264,1.0814605021683377,-2.5889503545239894,0.0,74.67733292030142,33.17742724841826,396.5404625871913,118.87685352110883,0.0,50.01228271048233
77.9,107.59447693100587,0.9286211159623395,-4.103590045730472,0.0,74.66764697849887,33.18377873387369,394.93885194739795,121.07427253205273,0.0,49.98014175252205
77.95,107.75587510915065,0.8966565452487849,-6.0036445447321825,0.0,74.65829377560983,33.18962475947337,395.58052830761886,116.9150361129326,0.0,50.008136557096584
78.0,107.94707805648247,1.0622385962878982,-2.842761491268828,0.0,74.64875162595095,33.19574835920222,395.0408431056421,119.27687073607434,0.0,49.99252394762374
78.05000000000001,108.14612097105586,1.1057939698522286,-1.8279077513830864,0.0,74.63933200610461,33.201682040612525,395.55832298715825,117.7452480792125,0.0,50.01681454856341
78.10000000000001,108.33135727764211,1.0290905921457862,-1.512073376911889,0.0,74.63009451033874,33.20733660222072,395.6491824244006,115.46869707340738,0.0,49.98698557538488
78.15,108.50722261854519,0.9770296716837729,-1.5036491252415287,0.0,74.62048758716317,33.21353965038185,395.0232966172593,120.08653969455695,0.0,50.03131577098478
78.2,108.66305171610574,0.8657172086697869,-1.2932135301198062,0.0,74.61107990804896,33.21943762940277,395.28734226557077,117.5959889275472,0.0,50.01213186315119
78.25,108.85513152816351,1.0671100669876143,-3.0743686802029604,0.0,74.60176483416429,33.225190802600395,395.19771840182904,116.43842355856019,0.0,49.99466830230754
78.30000000000001,109.02883481108285,0.9650182384407515,-2.68389730678124,0.0,74.59234812635434,33.231090673512725,394.97269018791286,117.70884762440394,0.0,50.02224029196274
78.35000000000001,109.18535961697717,0.8695822549684405,-3.3876628034314296,0.0,74.5829380595642,33.23697468302443,395.477471031235,117.62583487678776,0.0,50.00629190004062
78.4,109.38886730340387,1.130598257926125,1.2929095569751479,0.0,74.57370180890294,33.242592084333296,395.52245463559876,115.45313326577246,0.0,49.97172973580484
78.45,109.57087821173738,1.011171712963907,3.4056097853225102,0.0,74.56396361502065,33.248956783072394,394.807522987022,121.72742352858323,0.0,50.00016734506513
78.5,109.7316306740244,0.8930692349278723,5.824636891219795,0.0,74.5546727245246,33.25464416203342,395.3003022358281,116.13613120083517,0.0,50.01853900835941
78.55000000000001,109.88990270374337,0.8792890539942969,0.5714884960646202,0.0,74.54525102974074,33.260522060047165,394.8822636463612,117.77118479815144,0.0,50.00909242047135
78.60000000000001,110.0421535757333,0.8458381777218001,1.105718204324917,0.0,74.53550723290519,33.26687723324044,393.83894233986547,121.7974604443991,0.0,50.04030812727566
78.65,110.22633579660463,1.023234560396272,0.4330551677303408,0.0,74.52573557568694,33.27326784183458,395.39237000149336,122.1457152281813,0.0,49.99712919106676
78.7,110.43427021030736,1.1551911872374117,1.438743046365819,0.0,74.51651786188559,33.278821144694774,395.6019272962739,115.22142251686692,0.0,49.988696239435384
78.75,110.59966488383957,0.9188592974011619,-0.5583785536512325,0.0,74.50670984760166,33.28525434497599,394.91806473605277,122.60017854924952,0.0,50.00476078758233
78.80000000000001,110.76756737489787,0.9327916169905794,1.290230922095293,0.0,74.49720368458789,33.29122833515166,395.57944963429213,118.8270376720668,0.0,49.976232419210845
78.85000000000001,110.90623679583167,0.7703856718545138,0.3033817823864937,0.0,74.48696045220618,33.29830195538908,395.9703774100275,128.04040477145847,0.0,50.03265399170933
78.9,111.13221827592263,1.255452667171919,1.626678825805672,0.0,74.47693026815045,33.305048929517284,394.89334522540656,125.3773006966139,0.0,50.023330934114945
78.95,111.24468970507823,0.6248412730866786,1.053631709563329,0.0,74.46721944016085,33.31131012257218,394.2856319770502,121.38534987010092,0.0,50.03006402828061
79.0,111.39409516606666,0.8300303388246565,3.8388699999417897,0.0,74.45720153896272,33.318025664246804,394.9228901208157,125.2237649766529,0.0,49.97549631485338
79.05000000000001,111.55852781565865,0.913514719955464,4.393128166174991,0.0,74.44758085594123,33.324138663114795,394.1859120845539,120.25853776863973,0.0,50.01890161705236
79.10000000000001,111.68908983703851,0.7253445632214681,4.01392715844455,0.0,74.43819285473253,33.32989652626472,395.3320342370692,117.3500151086683,0.0,49.98312613304441
79.15,111.81223442297417,0.6841365885314878,2.3855743401644016,0.0,74.42875169304732,33.33572837226627,395.28558804185985,118.01452106512957,0.0,49.99332401229376
79.2,111.93314617085589,0.6717319326762525,1.538446735955202,0.0,74.41875637737206,33.342385617406876,394.30994673327206,124.94144594064971,0.0,49.98485370709052
79.25,112.10648151151736,0.9629741147859068,5.581245948493068,0.0,74.40952009436984,33.3478976562928,394.154265467385,115.45353752774942,0.0,50.03596384819957
79.30000000000001,112.27589314290312,0.9411757299208516,4.56976522700176,0.0,74.39919589014126,33.35503606497939,394.85660100019095,129.05255285734927,0.0,49.98352342468187
79.35000000000001,112.43838391248634,0.9027264976846163,1.253880438328978,0.0,74.38942915929103,33.36133112518974,395.46903767708227,122.0841356278116,0.0,49.98971221960356
79.4,112.6017418202612,0.9075439320824861,5.414108540271256,0.0,74.37951947475366,33.3678343208706,394.9677001072896,123.87105671703574,0.0,49.98862374659834
79.45,112.75725810308288,0.8639793490093151,6.101301230917463,0.0,74.36977950092869,33.3740764472872,395.18764885594294,121.74967281227127,0.0,49.98046223727225
79.5,112.86779229098263,0.6140788216653232,2.624424403959837,0.0,74.35979515406028,33.38067889114253,394.7064512882172,124.80433585513279,0.0,50.00254734609297
79.55000000000001,112.98475669787685,0.6498022605234238,7.027339712566604,0.0,74.34957683683334,33.3876256880918,394.7635347702919,127.72896533680847,0.0,50.01839608680384
79.60000000000001,113.1385263558057,0.854275877382467,3.43626286710825,0.0,74.34010730366262,33.39344236215979,394.9110159552576,118.36916463401099,0.0,50.00055377242152
79.65,113.2457899356818,0.5959087770894831,4.997849545166945,0.0,74.32973669768023,33.4006048287712,393.80475523518544,129.63257477977132,0.0,49.998075802762145
79.7,113.36893058963346,0.6841147441758878,3.989815108076282,0.0,74.31946731092943,33.407608304068646,394.43168182813434,128.36733438516038,0.0,49.995743223791486
79.75,113.46221481664098,0.518245705597307,5.337156552509271,0.0,74.30945974977655,33.41421203749388,395.02017579069127,125.09451441086769,0.0,50.03131540950909
79.80000000000001,113.59538373686928,0.7398273346017018,4.883756603578469,0.0,74.29941251998515,33.42086867014348,395.5749357831982,125.59037239242046,0.0,49.992799832853805
79.85000000000001,113.72189858846822,0.7028602866607712,9.623271171614899,0.0,74.28963957995737,33.42710721151502,394.90692635036953,122.1617503473862,0.0,49.97681793813265
79.9,113.81525344826184,0.5186381099645625,7.3514919126211495,0.0,74.27956470247355,33.43379242052923,394.7050664203444,125.93596854766666,0.0,49.98656422200045
79.95,113.97058459903876,0.8629508376495238,7.182958888977524,0.0,74.26947259830283,33.44049678436479,394.31824770255315,126.15130213406164,0.0,50.01541004427712
80.0,114.08136025599423,0.6154203164192993,10.598391847238307,0.0,74.25960528025367,33.44685726465417,395.5585815304078,123.3414756145196,0.0,49.992145248435406
80.05000000000001,114.19836055755805,0.6500016753545566,10.72898636815317,0.0,74.24946126538491,33.453626429692655,394.95712136592084,126.8001858595029,0.0,50.01487803747429
80.10000000000001,114.33415737810046,0.7544267807911774,8.079495226110287,0.0,74.23943063936021,33.46021874230001,394.0799939478847,125.38282530874025,0.0,50.02017587078484
80.15,114.47010160602369,0.7552457106846068,9.647765816864847,0.0,74.22943554937108,33.46675115854141,395.31966559795967,124.93862486421469,0.0,50.01380492953738
80.2,114.61943452773654,0.8296273428491867,8.148255344059748,0.0,74.21959194000534,33.473049821431474,394.5271177451192,123.04511707167781,0.0,50.01310710202898
80.25,114.74097218079002,0.6752091836304158,9.356296835894,0.0,74.20962488470659,33.479527354558186,395.40235500869966,124.58819123450755,0.0,49.99643598114274
80.30000000000001,114.87931543098719,0.7685736122064666,7.659559976639645,0.0,74.19932732625979,33.486494164873825,395.0125615960109,128.71948058498708,0.0,50.00575949987428
80.35000000000001,115.02485997241072,0.808580785686319,10.869282242411275,0.0,74.18935241369991,33.49297003954879,395.0451840244454,124.6864069986034,0.0,50.02385705429906
80.4,115.10607925567093,0.45121824033452196,12.575882164181223,0.0,74.17929364347512,33.49956522484643,395.16000849627267,125.73462780990012,0.0,50.000927201524995
80.45,115.28244505555143,0.9798099993361129,12.381692660319729,0.0,74.1691765245625,33.50624133799051,395.73177546587755,126.46398640774564,0.0,50.024034600620794
80.5,115.43543163876659,0.8499254623063986,10.763284620910193,0.0,74.15905686737847,33.51291458242858,394.97526985709027,126.4957148004881,0.0,49.98596258992898
80.55000000000001,115.50365212118474,0.3790026801008941,7.114581216342918,0.0,74.14899181098897,33.5194992524304,395.0435755190732,125.81320486875096,0.0,50.01701227179138
80.60000000000001,115.62300646727851,0.6630797005209266,9.824823779379269,0.0,74.13869498490783,33.52642499229969,394.2405095380803,128.71032601431864,0.0,50.019539654613574
80.65,115.70970584955818,0.4816632348869716,11.084843937286925,0.0,74.12859169132905,33.53305350767557,394.3780460597798,126.2911697348216,0.0,50.02672769474864
80.7,115.8369392996844,0.7068525007012845,8.501894136632185,0.0,74.11810477218111,33.540250832889804,394.84891630921265,131.08648934924366,0.0,50.0141758720381
80.75,115.93428715023967,0.5408213919737221,14.619659709733941,0.0,74.10777633424537,33.54720323896053,395.4772885355328,129.10547419680793,0.0,50.01456137050864
80.80000000000001,116.01384577962153,0.44199238545481045,13.527310018486238,0.0,74.09794376792624,33.553404885200266,395.98167172362554,122.90707898914533,0.0,50.0213131377896
80.85000000000001,116.10863343704311,0.5265980967865742,13.062529506629991,0.0,74.08790654830976,33.55990730973978,394.37909027206194,125.46524520594761,0.0,50.01009626860808
80.9,116.2452835788042,0.7591674542282746,13.631871646489486,0.0,74.07780186840583,33.566504422285945,395.03090590226515,126.30849879921436,0.0,50.01486813682556
80.95,116.37562333585474,0.7241097613918712,10.019627610036554,0.0,74.06775494741706,33.57300829934681,394.3299531028923,125.58651235960073,0.0,50.00771636935744
81.0,115.68569214793675,-3.832951043988805,10.786006050347057,95.82377609972012,74.05776046243938,33.57942701851398,394.98102994803895,124.9310622209749,0.0,49.97313347126075
81.05000000000001,114.97269977560718,-3.961068735164269,13.171465866013268,99.02671837910673,74.04776087506288,33.585846972560205,395.2624170824296,124.99484220614643,0.0,50.012118650152935
81.10000000000001,114.26579808469666,-3.927231616169563,13.487406235875177,98.18079040423908,74.03795182364348,33.59197470271675,394.39604242994477,122.61314274251716,0.0,50.00031527379504
81.15,113.54579808469666,-4.0,10.267152224590195,100.0,74.02788191843979,33.598487585819576,395.07741368046203,125.87381504619518,0.0,49.989756803112776
81.2,112.84935149905563,-3.869147698005735,13.486763787716137,96.72869245014337,74.01793612231742,33.604807792417304,395.6746528989241,124.3224515295519,0.0,50.00410289374618
81.25,112.16038467376148,-3.8275934738563273,13.168590484811723,95.68983684640818,74.00851404416306,33.610336101856426,395.23362031172354,117.77597692947074,0.0,50.040879139424256
81.30000000000001,111.44038467376149,-4.0,15.327974389935326,100.0,73.99907198429926,33.61588885555028,395.1379455838219,118.02574829757982,0.0,49.99547329133936
81.35000000000001,110.72038467376149,-4.0,14.212022510104745,100.0,73.98936093873009,33.6218395350485,395.11164394277785,121.38806961475181,0.0,50.02279943972126
81.4,110.00038467376149,-4.0,16.94350855719875,100.0,73.9797155570824,33.627685767984985,395.6784486752381,120.56727059612906,0.0,49.99764688682427
81.45,109.28038467376149,-4.0,13.101473389995926,100.0,73.9702375562492,33.6332750834668,394.77123193082554,118.47501041500271,0.0,49.9636582594176
81.5,108.56328578873432,-3.9838826945954025,11.707885656034012,99.59706736488506,73.96067208120382,33.6389900209514,396.0968773342057,119.56843806720568,0.0,50.009164709545715
81.55000000000001,107.85220981600618,-3.950422070711861,17.22643196224597,98.76055176779653,73.95107019347992,33.644753862516296,394.847836267281,120.02359654874179,0.0,49.995113332174526
81.60000000000001,107.13220981600618,-4.0,14.897656484773615,100.0,73.94145981116382,33.65052468212793,396.0543398748211,120.12977895125654,0.0,50.02975895871594
81.65,106.41220981600618,-4.0,14.128629524896734,100.0,73.93195548409379,33.656130648050855,395.1090400100905,118.80408837544081,0.0,50.00419437828535
81.7,105.69220981600618,-4.0,12.662927394448833,100.0,73.92288825749155,33.66107535730616,394.5413144242027,113.340332527972,0.0,49.9774640328448
81.75,105.00140897868616,-3.83778242955572,13.735150131048549,95.944560738893,73.91368868219763,33.66621364488974,395.0655426199383,114.99469117400379,0.0,49.97061116590561
81.80000000000001,104.28140897868616,-4.0,13.715211776579528,100.0,73.90457301652297,33.67122092975684,395.0849758695541,113.94582093328876,0.0,49.97654302289432
81.85000000000001,103.56140897868616,-4.0,12.28179703178017,100.0,73.89560023619988,33.676008879311716,395.1399713940273,112.15975403857776,0.0,49.98766725720151
81.9,102.8673585028114,-3.8558359770819677,10.396222889926786,96.39589942704919,73.88637694149133,33.68116781249522,394.24786902968555,115.29118385677779,0.0,49.96028402018578
81.95,102.1473585028114,-4.0,13.881192088065447,100.0,73.87743825903407,33.68589466836862,395.360334437694,111.73353071579724,0.0,50.00808430272038
82.0,101.47443629322827,-3.738456719906265,16.27647569145483,93.46141799765662,73.86868859950039,33.69033326300075,394.92804314393567,109.37074417088112,0.0,49.9998536773461
82.05000000000001,100.75443629322827,-4.0,17.401036003767103,100.0,73.85997856507721,33.69470798137251,396.17751978956596,108.87543028967443,0.0,49.99351545500149
82.10000000000001,100.03443629322827,-4.0,16.857032059858255,100.0,73.85123831633797,33.699123646500006,396.6267334057346,109.2531092405672,0.0,49.996104795465385
82.15,99.31443629322827,-4.0,17.02623662369029,100.0,73.84241482551467,33.70365975908847,395.6779998699226,110.29363529131568,0.0,50.01462803287436
82.2,98.59443629322827,-4.0,12.857649295960774,100.0,73.8337183353953,33.70800083450841,395.5016961830023,108.70612649195219,0.0,50.002006685796744
82.25,97.87443629322827,-4.0,15.498317290763385,100.0,73.82529256075618,33.711931495632584,395.6749788018467,105.3221829890171,0.0,50.040572916748495
82.30000000000001,97.15443629322827,-4.0,16.074529844466454,100.0,73.81650098392237,33.71640692938767,395.51697837598107,109.89471042260908,0.0,50.01711659596212
82.35000000000001,96.43443629322827,-4.0,16.224375071910682,100.0,73.8082715729648,33.720034638894624,395.4588066971718,102.86763696952647,0.0,50.01895699688368
82.4,95.72637628890327,-3.93366669069451,14.87279837386972,98.34166726736275,73.79953859491309,33.72441407133329,395.00132955276,109.16222564636251,0.0,49.99032823381154
82.45,95.00637628890327,-4.0,15.302742616186354,100.0,73.79070200679728,33.72894453943567,395.3925655792403,110.45735144762357,0.0,50.036467239454005
82.5,94.30123313996518,-3.917461938544945,19.122276207072225,97.93654846362362,73.78240100314139,33.73266710038008,395.6809287791196,103.76254569866427,0.0,49.9938901822468
82.55000000000001,93.60659749135372,-3.859086936730273,16.943675407012933,96.47717341825683,73.77398421262693,33.736559619051384,396.1895709906323,105.20988143069883,0.0,49.97929995539718
82.60000000000001,92.96998732061495,-3.5367231707709577,16.010633588372844,88.41807926927395,73.76593392686891,33.739898488069365,396.11401835166566,100.62857197526128,0.0,49.997409027244316
82.65,92.26307269542036,-3.927303473303245,16.36777662399599,98.18258683258112,73.7579793205205,33.7430904991039,396.1987264696262,99.4325793550164,0.0,50.022069064094254
82.7,91.54307269542036,-4.0,14.046989343901187,100.0,73.75007721576142,33.74620056574343,395.8203490819349,98.7763094885996,0.0,49.97583050408191
82.75,90.82307269542036,-4.0,16.199092994645046,100.0,73.74234511231909,33.74905252034119,395.84347575036486,96.65129302917991,0.0,50.0006281357516
82.80000000000001,90.10307269542037,-4.0,15.143422967321236,100.0,73.73469314372025,33.7517814207191,395.45469491247565,95.64960748542411,0.0,49.978699112600886
82.85000000000001,89.41243397016437,-3.8368818069777304,16.550442077724757,95.92204517444326,73.7267603413822,33.754928842805455,394.71573550057286,99.16002922560692,0.0,49.979768455408795
82.9,88.69243397016437,-4.0,13.435385431916327,100.0,73.71944685938129,33.757144136964016,396.15606218750327,91.4185250113703,0.0,49.9639453289989
82.95,88.00308638791901,-3.8297087902520217,16.26848305960093,95.74271975630054,73.7117389743147,33.75994882042694,396.60778187866856,96.34856333239303,0.0,50.033468679625415
83.0,87.28308638791901,-4.0,14.033829808067319,100.0,73.70453512207236,33.76199464997003,396.13811741608674,90.04815302924995,0.0,49.98022057407239
83.05000000000001,86.56755530539347,-3.9751726806974856,16.151370248620193,99.37931701743715,73.69724681363171,33.76416511798104,395.89766632790753,91.10385550814333,0.0,50.024565823138666
83.10000000000001,85.87212804575684,-3.8634847757590345,15.089258655477767,96.58711939397587,73.6895890842979,33.76688754686378,395.4482967106617,95.72161667270761,0.0,50.0141006799482
83.15,85.16792972910353,-3.912212870296172,14.5716477115873,97.8053217574043,73.68267538044624,33.76849121509438,395.72631309817007,86.42129814556196,0.0,49.983522169105974
83.2,84.44792972910354,-4.0,13.83699562138565,100.0,73.67526738962893,33.770834710105255,395.80291643020735,92.59988521642377,0.0,49.9971705781276
83.25,83.72844249114281,-3.9971513220039836,14.200572581764561,99.9287830500996,73.66798308359817,33.772990334441275,395.96427951655454,91.05382538436902,0.0,50.01080261933917
83.30000000000001,83.00844249114282,-4.0,13.379663308106917,100.0,73.66068400543394,33.775165961353196,395.80426122654524,91.2384770529946,0.0,50.008034965596096
83.35000000000001,82.28996004377622,-3.9915691520366274,13.510919227319777,99.78922880091568,73.65328536427963,33.7774887571233,395.62785912934385,92.48301442883854,0.0,49.99881194538655
83.4,81.56996004377622,-4.0,14.943041909867624,100.0,73.64586913520067,33.77983561198462,395.3467149433017,92.70286348701998,0.0,50.03609404392512
83.45,80.84996004377622,-4.0,10.59878806004093,100.0,73.63911616089078,33.78118523783748,395.9900395865295,84.4121788736615,0.0,49.98099620006248
83.5,80.12996004377622,-4.0,15.265372854365864,100.0,73.6315796869077,33.78370876357426,395.59689336103554,94.20592478848837,0.0,49.98998317686943
83.55000000000001,79.45552397584237,-3.746867044077004,15.178177402512791,93.6716761019251,73.6247163082574,33.785220122786136,396.1649215746524,85.79223312875783,0.0,49.99343116442191
83.60000000000001,78.73552397584237,-4.0,13.020517939677637,100.0,73.61785884274263,33.786721100935516,394.35419470185167,85.71831893471038,0.0,50.00114319672004
83.65,78.033833388349,-3.898281041629889,13.706372225219779,97.45702604074722,73.611026608732,33.78818273085054,396.6474934553245,85.40292513296666,0.0,50.02618121896559
83.7,77.34609011078331,-3.820795986476019,11.377689373409432,95.51989966190048,73.60430387578205,33.78947864754463,396.57945174843144,84.03416187449385,0.0,49.9779686243911
83.75,76.65172876315013,-3.857563042406554,13.907745662089903,96.43907606016386,73.59741268735303,33.79102595154062,395.8170279975589,86.13985536278376,0.0,49.9763060506374
83.80000000000001,75.98415632002099,-3.708735795161958,11.305749739743362,92.71839487904894,73.5908086149578,33.792141034181924,396.91768812700155,82.55090494041079,0.0,50.003620110734616
83.85000000000001,75.29097967772523,-3.850981346087484,7.354470081051287,96.2745336521871,73.58386149708055,33.79376956996361,395.70517264190266,86.83897346554711,0.0,50.02095702209096
83.9,74.5965813875011,-3.857768279022928,11.553090351467503,96.4442069755732,73.57749081461807,33.79453182408735,396.4221404322186,79.6335307808685,0.0,50.00433365657319
83.95,73.89768337329308,-3.882766745600172,12.767918534054967,97.0691686400043,73.57086600930677,33.79567450023022,396.33253478636436,82.8100663913118,0.0,49.98521630924356
84.0,73.23109369626822,-3.703275983471444,7.748066062741405,92.5818995867861,73.56424701493984,33.796807317280376,397.07465525188644,82.73742958657104,0.0,49.98832393155488
84.05000000000001,72.57783256817295,-3.6292284894181477,10.234738706649505,90.7307122354537,73.55833691028847,33.796875666940146,396.74145161465844,73.87630814210407,0.0,49.993376392118954
84.10000000000001,71.93774567695753,-3.55603828453007,9.347741229530152,88.90095711325175,73.55207382222717,33.79747342336516,396.6280610355664,78.2886007663064,0.0,49.99087215140349
84.15,71.29111614240524,-3.5923863030682357,11.160409405301532,89.80965757670589,73.54590037403783,33.797936122225806,396.3351510032003,77.16810236672472,0.0,50.0293950787597
84.2,70.65767984801725,-3.519090524377713,11.78673241839353,87.97726310944283,73.53971061034613,33.79842283164111,395.7602287939516,77.37204614610962,0.0,49.976082430377176
84.25,70.01487129665952,-3.571158618654081,8.270780253702455,89.27896546635202,73.53355089392647,33.798863983438956,395.8247545211848,76.99645524570015,0.0,49.968753930261514
84.30000000000001,69.34485283997614,-3.722324759352131,9.977000843596283,93.05811898380327,73.52733069066515,33.7993954243475,396.706900965972,77.75254076652594,0.0,49.992637269322124
84.35000000000001,68.72052560755026,-3.4684846245882452,9.725270906078496,86.71211561470614,73.52124716644461,33.79972131525396,396.5127758505274,76.04405275671321,0.0,50.01204838771938
84.4,68.11892159920795,-3.3422444907905935,10.175940479917532,83.55611226976484,73.51514162082773,33.80007991236402,395.1064016215687,76.3193202109531,0.0,49.99519002083035
84.45,67.47979596124603,-3.550697988677324,9.96651164042503,88.7674497169331,73.50911284167596,33.800323001179315,396.23417132793935,75.35973939714724,0.0,50.000724052785195
84.5,66.87857601317536,-3.3401108226148186,10.956586630720334,83.50277056537047,73.5030807982792,33.80057074327327,396.4779533377518,75.40054245944478,0.0,50.030158388344695
84.55000000000001,66.3273850656206,-3.0621719308597988,8.748988890279733,76.55429827149497,73.4970066753854,33.80088135687068,396.3607694335371,75.9265361723659,0.0,49.996039076585504
84.60000000000001,65.72845467616708,-3.3273910525195904,10.715011252601691,83.18477631298975,73.49193951338648,33.799681218512184,396.6590780533269,63.33952498645365,0.0,49.972934622145786
84.65,65.13626616418316,-3.2899361776884763,8.633537881820052,82.2484044422119,73.48618699500703,33.79951031486284,396.62404670328226,71.9064797430772,0.0,50.013917115120535
84.7,64.50820982494422,-3.4892018846607944,8.38126208931819,87.23004711651986,73.48020732573409,33.799680308457404,396.4430183085573,74.74586591187732,0.0,50.045608326238465
84.75,63.89864597137634,-3.3864658531548812,5.7141138316913835,84.66164632887202,73.47456040586474,33.79935100795297,395.9335798959889,70.58649836685257,0.0,49.9887585624978
84.80000000000001,63.30207482890884,-3.3142841248194053,6.833872930272491,82.85710312048514,73.46911093352529,33.7987258654542,396.96318573314693,68.11840424319557,0.0,49.981055001995415
84.85000000000001,62.74811839217157,-3.0775357596515,9.887398120990976,76.9383939912875,73.46369198737784,33.79805555880991,396.5982705993634,67.73682684300945,0.0,49.99103758384689
84.9,62.15898058582334,-3.27298781304571,7.918441289415898,81.82469532614274,73.45805833688497,33.79770797899039,396.9130063307761,70.42063116078343,0.0,50.02333134270208
84.95,61.549377208673896,-3.3866854286080477,7.2005273076534335,84.6671357152012,73.45275221242268,33.79686945770484,397.3240892201493,66.32655577865347,0.0,49.97272005828046
85.0,61.00620532511479,-3.0176215753283433,9.586116071028563,75.44053938320859,73.44774738168897,33.7955798343477,396.2359416016393,62.56038417137473,0.0,50.00018423385264
85.05000000000001,60.43789720598309,-3.157267328509437,9.783808706335249,78.93168321273592,73.44217049493547,33.7951495846436,396.3123913077728,69.71108441877728,0.0,49.99046613190071
85.10000000000001,59.85303244924838,-3.2492486485261756,4.92563014327841,81.23121621315438,73.43698519890543,33.79413237910401,397.0559941695704,64.8162003754374,0.0,49.99044749393291
85.15,59.33351602757737,-2.886202342616738,10.50094669962538,72.15505856541846,73.43192153632292,33.79293374059868,396.14502948894824,63.29578228141324,0.0,49.988565577776455
85.2,58.81283704701013,-2.8926610031513142,6.812974584114965,72.31652507878286,73.4264928222606,33.792283877951554,396.71662666153816,67.85892577897333,0.0,49.98520290979504
85.25,58.224251552430935,-3.2699194143288377,2.5809629879513984,81.74798535822094,73.4211015256963,33.79157853892004,396.3929847758224,67.39120705365814,0.0,50.02839911158965
85.30000000000001,57.703727345955244,-2.8918011470871665,5.63927924925504,72.29502867717916,73.41571558387884,33.79086587310732,396.7152006445884,67.32427271833885,0.0,49.97002900945257
85.35000000000001,57.15453624992354,-3.0510616446205803,6.213475161318663,76.2765411155145,73.41016508180928,33.79040076033854,396.8144537084927,69.38127586939113,0.0,49.99352225950559
85.4,56.64325397059694,-2.8404571073700056,7.695814265098136,71.01142768425014,73.4049793263873,33.78938899271116,397.11734715736014,64.82194277466556,0.0,50.02621876699773
85.45,56.13715294650291,-2.811672356077942,7.9860210774596805,70.29180890194854,73.40022628897377,33.787729159838754,397.09804436987025,59.41296766919787,0.0,49.9762825953951
85.5,55.6321344087822,-2.8056585428928233,5.018600544735261,70.14146357232059,73.39519855695802,33.786483028702534,396.81695436458364,62.84665019682923,0.0,50.005620185109734
85.55000000000001,55.16018162813183,-2.6219598925020327,3.010327329601785,65.54899731255081,73.39040716499929,33.78488363361194,396.79698952270985,59.892399484247775,0.0,49.9826353765197
85.60000000000001,54.73973007471683,-2.3358419634166676,5.433675783945444,58.39604908541669,73.38542773536622,33.78356789442792,397.5916229386826,62.242870413274225,0.0,49.9888666328218
85.65,54.257354893870996,-2.6798621158101907,5.447431311594854,66.99655289525477,73.38054736709181,33.7821048789451,397.1019992392766,61.00460343008468,0.0,50.000161956226975
85.7,53.81972138466011,-2.431297273393804,5.694573885916074,60.7824318348451,73.37620452444666,33.779837038033875,396.44968471882925,54.285533064377844,0.0,49.98438036097697
85.75,53.292007380765064,-2.931744466083594,6.6271757621954315,73.29361165208985,73.3720548349345,33.77728173526408,397.88134504358237,51.871118901996,0.0,50.007354064583595
85.80000000000001,52.80317510669316,-2.715734855955006,3.7436930253674596,67.89337139887515,73.36744174776429,33.77542408428415,395.8963913970545,57.66358962774828,0.0,49.96352258289959
85.85000000000001,52.29340667348419,-2.8320468511609485,4.289523096870825,70.8011712790237,73.36286663661352,33.77351132692601,397.9914871860973,57.18888938456245,0.0,49.98602711608254
85.9,51.805178907591014,-2.7123764771843426,3.143899713081069,67.80941192960856,73.35812637193564,33.77184821261589,396.69975556220675,59.253308473414975,0.0,50.001104785185774
85.95,51.33126162427795,-2.6328737961836683,6.498850032108921,65.82184490459171,73.35334336241978,33.77025087867707,396.7491547148153,59.7876189482328,0.0,49.986197901838956
86.0,50.92280129776338,-2.2692240361920595,2.446055266155633,56.730600904801484,73.34854728037324,33.76867475086821,396.9392008199764,59.95102558180298,0.0,50.021824101811724
86.05000000000001,50.46622348429047,-2.536543408182841,1.3094063099189586,63.41358520457102,73.34429594555277,33.76628307834803,397.83723277085056,53.14168525578864,0.0,50.00547254549069
86.10000000000001,50.04188964280243,-2.3574102304891054,1.1008933293629952,58.935255762227634,73.33981293117874,33.76424131683074,397.10659019921775,56.03767967545914,0.0,49.98989050036007
86.15,49.58013652960177,-2.5652950733369764,3.4176561549927835,64.13237683342442,73.33547507310692,33.76198386262164,396.87710915958746,54.22322589776702,0.0,50.01919092125289
86.2,49.119381225261805,-2.559751690777586,1.0861135477005126,63.99379226943965,73.33122586096981,33.75959569696469,396.3851841173544,53.115151713924114,0.0,49.96641152530022
86.25,48.634611403133654,-2.693165678489739,2.2706928618202022,67.32914196224348,73.32738474482859,33.75659777547955,397.6052773967729,48.01395176521616,0.0,49.97696991377253
86.30000000000001,48.249303307863364,-2.1406005292794026,2.0051065587783534,53.515013231985066,73.32309091020295,33.75428192964253,397.1830624995103,53.672932820491255,0.0,49.998705828101805
86.35000000000001,47.85452815561637,-2.1931952902610727,-1.4294298723941785,54.829882256526815,73.31879842174052,33.75196638040653,397.19403622574805,53.65610578035251,0.0,49.945805405144384
86.4,47.43021815783059,-2.3572777654765886,-1.9235319682530612,58.931944136914716,73.31472594770952,33.749323125072635,397.41503454940005,50.90592538758173,0.0,50.0328056562151
86.45,46.99719652467942,-2.4056757397287307,1.20723920006772,60.14189349321827,73.31020894318563,33.7473493087334,396.3426438279702,56.4625565486156,0.0,49.993005494013744
86.5,46.576970912511094,-2.334586734268476,-3.462302565956716,58.3646683567119,73.30650932578607,33.744151385524,398.11074651031174,46.24521749443502,0.0,50.020257124162974
86.55000000000001,46.12227238844898,-2.526102911456218,-3.6989303501378887,63.15257278640545,73.30238948585924,33.74158699402873,397.2653504084815,51.49799908545558,0.0,50.02761262200699
86.60000000000001,45.72044115688131,-2.2323957309315103,2.8919792462618163,55.809893273287756,73.29809822921126,33.739282292006656,397.69232951206135,53.64070809961934,0.0,50.00913359719564
86.65,45.34574355905738,-2.081653321244034,-5.326493253786052,52.04133303110085,73.29421429144173,33.73636891636895,397.65940873733933,48.54922211917653,0.0,50.0163208381051
86.7,44.97600091735375,-2.054125787242402,0.040178736775239976,51.353144681060044,73.29032464435417,33.733467018083935,397.0975491699918,48.62058859457978,0.0,50.022666265391166
86.75,44.52949381056829,-2.480595037697001,-2.736391548031021,62.01487594242503,73.28602892577965,33.73117712892765,396.73561757230885,53.69648218161789,0.0,49.994732466491044
86.80000000000001,44.158307471383566,-2.062146328804043,-1.325635543169942,51.55365822010107,73.28208084993756,33.72836806556186,397.49227724703,49.350948026189855,0.0,49.98955267281517
86.85000000000001,43.72553713772664,-2.4042796314273764,-1.5005619352036363,60.10699078568441,73.27780282048673,33.72605674167255,397.32761613448776,53.475368135420645,0.0,50.01062766816941
86.9,43.274294787392925,-2.50690194629842,-3.4621454978616026,62.6725486574605,73.27359418751327,33.72364363439107,396.91937541674514,52.607912168246266,0.0,49.99823136247115
86.95,42.91555096708019,-1.9930212239596392,-3.2729610545167405,49.82553059899098,73.27013987413861,33.720101460818654,397.35911340142536,43.17891718317907,0.0,49.97022144952129
87.0,42.5158396945275,-2.2206181808483016,-1.8229814617620226,55.515454521207545,73.26624025432032,33.71723078908525,397.476774473156,48.74524772846897,0.0,49.99445861385923
87.05000000000001,42.15951543628409,-1.979579212463388,-1.2720784456540146,49.4894803115847,73.26257539840952,33.71401084216236,397.7410483831161,45.810698884982166,0.0,49.9772840782622
87.10000000000001,41.80368704292558,-1.9768244075472465,-2.018335294357109,49.42061018868117,73.25886857550508,33.71085706567686,397.69291259900206,46.335286305557425,0.0,49.964354518451856
87.15,41.44724239059006,-1.980248068530649,-3.9372822566360055,49.50620171326622,73.25507755667454,33.707832736857,396.4720689918186,47.38773538181394,0.0,49.99764811032297
87.2,41.07663395206838,-2.0589357695649313,-5.228326389456522,51.47339423912328,73.25176256506872,33.704097391528876,398.21480290382266,41.43739507278911,0.0,49.976857578916956
87.25,40.67421030258715,-2.2356869415623777,-6.947995905896747,55.89217353905944,73.24859961724131,33.700137715878455,397.6263569015604,39.536847842558544,0.0,49.99172594039958
87.30000000000001,40.300528018851615,-2.076012687419639,-4.836019624056554,51.90031718549098,73.24543442629454,33.69618536458273,397.82137466349883,39.56488683462715,0.0,49.96017001875101
87.35000000000001,39.976725206828064,-1.7989045112419413,-5.681941955357359,44.97261278104853,73.24218516067236,33.692363077651414,397.2369031319858,40.615820277218816,0.0,50.0160444478431
87.4,39.64402853982031,-1.8483148167097538,-3.716900478730907,46.20787041774385,73.23840539576705,33.68934036193174,397.8633257011135,47.24706131646792,0.0,49.996934524190756
87.45,39.28098321942433,-2.0169184466443344,-4.960985526466335,50.42296116610836,73.2355508637141,33.684932819649234,397.8771687758011,35.68165066185989,0.0,50.029411474784496
87.5,38.92087911332294,-2.0005783672299455,-3.778468254285312,50.01445918074864,73.2318491770938,33.68180041676002,397.57398477446486,46.271082753637664,0.0,49.97620994471323
87.55000000000001,38.587758971436216,-1.8506674549262572,-9.07351263467305,46.26668637315643,73.22859882186468,33.67799414918695,398.4896249899074,40.62944036412311,0.0,49.971665409306716
87.60000000000001,38.244830306301445,-1.9051592507487338,-3.6634489556851837,47.62898126871835,73.22552788110764,33.67392256617333,398.0654522608753,38.38675946306605,0.0,49.99137681510389
87.65,37.89573359561197,-1.9394261704970774,-6.328587596662179,48.485654262426934,73.22249562564735,33.66979702679759,398.3733329678114,37.90319325358672,0.0,50.0092211195629
87.7,37.56941072187042,-1.812904854119727,-9.558718321957006,45.322621352993174,73.21929993448865,33.66592076650886,396.97076611201385,39.94613948391424,0.0,50.0409481312772
87.75,37.24507514000235,-1.8018643437114938,-10.531603605268156,45.046608592787344,73.21604685885039,33.66213445919973,398.21903846181937,40.663445478137746,0.0,50.01787267089219
87.80000000000001,36.89297761286949,-1.956097372960327,-5.847850673712118,48.902434324008176,73.21294373968406,33.658127003490016,397.32357614994277,38.7889895790863,0.0,50.02892629795868
87.85000000000001,36.57057323419199,-1.7911354370972208,-8.860415919707629,44.77838592743052,73.20939281036624,33.654795270463254,396.46210956584804,44.38661647275742,0.0,50.01099560521964
87.9,36.25349252265788,-1.7615595085228213,-8.620508021135228,44.03898771307053,73.20624972132364,33.65085510875669,397.04672777362356,39.28861303248619,0.0,50.00523492189434
87.95,35.927550709517455,-1.8107878507801192,-7.432149677520878,45.26969626950298,73.2034299638664,33.6464338898338,397.45921233616514,35.24696821557553,0.0,49.9840305253446
88.0,35.584563824134,-1.9054826965747427,-8.907078927104596,47.637067414368566,73.20043626443518,33.64227800509079,397.5868246071268,37.42124289017856,0.0,49.97968866676189
88.05000000000001,35.25587150846241,-1.826068420397698,-12.397328513807038,45.65171050994245,73.19697381271126,33.638829404671576,397.68135830840015,43.28064654900065,0.0,50.03589126056764
88.10000000000001,34.91371635946752,-1.9008619388605157,-6.324388571178966,47.521548471512894,73.19395728172239,33.63471537175022,397.33838835147384,37.70663736093354,0.0,50.03516831228986
88.15,34.60988044172611,-1.687977320785591,-12.338873574365648,42.19943301963978,73.19106765152131,33.63041510168009,397.57410867372505,36.120377513515976,0.0,50.014400948209946
88.2,34.25680194960267,-1.9615471784635672,-10.143043728472632,49.03867946158918,73.1883672355447,33.62583531054331,398.09431767531174,33.755199707486085,0.0,50.01166694132329
88.25,33.990642768452005,-1.4786621175036612,-10.515283800425248,36.96655293759153,73.18508841622614,33.62212770421062,397.9520033657002,40.985241482107874,0.0,50.02599956705755
88.30000000000001,33.72001597147784,-1.5034822054119978,-9.656901019953665,37.58705513529995,73.18216441608476,33.617891576718485,397.21728122570204,36.55000176727865,0.0,50.042199708281665
88.35000000000001,33.42925959009638,-1.6153132298970083,-13.247054444091654,40.38283074742521,73.17960576281835,33.61311166504138,397.0812427302817,31.983165830102013,0.0,50.01130256081018
88.4,33.15370937267276,-1.5308345412423554,-11.456098259557299,38.270863531058886,73.17631481659669,33.60943497270885,397.5960284159481,41.13682777089288,0.0,50.01998607399405
88.45,32.8786294845662,-1.5282216005920017,-12.620880558650484,38.20554001480004,73.17391692917138,33.6044223688741,397.60846424170404,29.9735928163284,0.0,49.96252104385714
88.5,32.58750215158787,-1.617374072101823,-10.49044422679848,40.43435180254558,73.17087822410315,33.60037600410758,396.8279901318203,37.98381335298521,0.0,49.974443623079345
88.55000000000001,32.29005573267603,-1.6524801050657736,-10.582791657700463,41.31200262664434,73.16792947817734,33.59619874699217,398.1682067535067,36.85932407249862,0.0,49.99682063783541
88.60000000000001,31.99225251005175,-1.6544623479126779,-12.882876858226483,41.361558697816946,73.16499331468172,33.5920067934886,397.91092801665843,36.702043695194625,0.0,49.99569146281115
88.65,31.74767028879672,-1.358790118083493,-9.675093179212773,33.969752952087326,73.16247812284735,33.58718757444668,398.09261678197623,31.439897929712668,0.0,50.0122619138155
88.7,31.44139790808125,-1.7015132261970625,-10.819642817944613,42.53783065492656,73.15951243467364,33.58304891913278,397.7857091860273,37.07110217123464,0.0,49.97663000173041
88.75,31.13837299783159,-1.6834717236092356,-14.504650780503246,42.08679309023089,73.1566221453976,33.5788013041277,397.65885596401006,36.12861595048584,0.0,49.99034525111353
88.80000000000001,30.886040495768878,-1.4018472336817331,-15.717376857722552,35.04618084204333,73.15399032945516,33.57417022673725,397.417544066769,32.89769928066607,0.0,50.01777687557709
88.85000000000001,30.633091240973524,-1.4052736377519628,-12.98359483790055,35.13184094379907,73.15165028150763,33.569106128431805,397.38240288173716,29.250599344074725,0.0,49.99342454230656
88.9,30.35168166152159,-1.5633865525107555,-11.822629286122623,39.08466381276889,73.14860720915867,33.56510163082682,398.1247720558781,38.03840436200624,0.0,49.967183183935056
88.95,30.09420889449174,-1.4304042612769416,-14.453742907511092,35.76010653192354,73.1456496425791,33.560972879065346,398.30624844092233,36.96958224460779,0.0,49.97651983347955
89.0,29.842739605877565,-1.3970516034120777,-12.728120054343893,34.92629008530194,73.14364355284853,33.555421040782136,397.9758176518828,25.076121632139248,0.0,50.022448488185994
89.05000000000001,29.54024147001723,-1.680545199224084,-13.44323290237185,42.013629980602104,73.14067687884715,33.551315630743424,397.1919844551527,37.083425017231946,0.0,50.03503958209326
89.10000000000001,29.311673830207166,-1.2698202211670226,-9.893675924675769,31.745505529175567,73.138646811162,33.5458094166404,397.81781230014275,25.375846064338987,0.0,49.99165578661569
89.15,29.067237174090735,-1.3579814228690568,-15.765635513872741,33.94953557172642,73.13582686702328,33.54149352343183,398.3347562641863,35.249301733934644,0.0,50.01908447310867
89.2,28.818878425890226,-1.3797708233361536,-11.815955945234995,34.49427058340384,73.13362934717271,33.53624830968425,398.36566451039016,27.468998132079747,0.0,50.01018083937187
89.25,28.57910263560682,-1.332087723796703,-12.075091500127087,33.30219309491758,73.13152977194457,33.53086142421679,396.93981597153424,26.24469035185619,0.0,50.020759785800415
89.30000000000001,28.33169881502604,-1.3744656698932114,-13.911689261613416,34.36164174733028,73.12909397213049,33.52598426251369,397.1959984253537,30.447497675996992,0.0,49.995836561425826
89.35000000000001,28.060287603301397,-1.5078400651369048,-17.679093565126937,37.69600162842262,73.12655132710573,33.52127224578831,397.7541715594744,31.78306280945051,0.0,49.96896027693748
89.4,27.816915342572944,-1.3520681151580671,-13.62192168108706,33.80170287895168,73.1236648133564,33.51708074416652,398.15986996609735,36.08142186663149,0.0,49.99329245096653
89.45,27.581617652246056,-1.307209390704925,-16.77432217088194,32.680234767623126,73.12132224452924,33.51207751666308,398.0548483909475,29.282110339437263,0.0,49.97740757208519
89.5,27.35079854398735,-1.282328379215044,-10.089712505032887,32.0582094803761,73.11885160731187,33.50727139497247,397.1582640553537,30.882965217097066,0.0,49.9985893156631
89.55000000000001,27.106759510622467,-1.355772407582681,-14.416021910902911,33.89431018956702,73.11676022301465,33.50190120002332,397.4160803122526,26.142303715172748,0.0,50.032914452272365
89.60000000000001,26.871141738641178,-1.3089876221182684,-10.316188915342254,32.72469055295671,73.1143947838979,33.496947457498436,397.9689670743866,29.567988959492453,0.0,49.95977240277838
89.65,26.601662973427512,-1.4971042511870427,-14.05686863680457,37.42760627967607,73.11221041880977,33.49172705767313,398.1680810659812,27.304563601623194,0.0,50.00388272531895
89.7,26.340657256264628,-1.4500317620160224,-15.633926363951606,36.25079405040056,73.11042257845696,33.48591709114466,398.1994750750549,22.348004409978316,0.0,50.00733117607099
89.75,26.102252402645433,-1.3244714089955225,-11.916089084797779,33.11178522488806,73.10783052849216,33.48131924900071,397.44634750746036,32.40062455998954,0.0,49.955158625597285
89.80000000000001,25.91595887724022,-1.0349640300289613,-13.779425825114789,25.874100750724033,73.10580210707083,33.4758805618837,397.4506791227427,25.355267766566023,0.0,50.0147341775556
89.85000000000001,25.672547189823426,-1.352287152315534,-9.749336839062225,33.80717880788835,73.10420777597294,33.469796177968654,397.9485101084031,19.929138723683415,0.0,50.028515909471544
89.9,25.429950294119116,-1.3477605316905994,-15.930297129662456,33.694013292264984,73.10198092433112,33.46466665925341,398.3676158437951,27.835645522693685,0.0,49.96716403332898
89.95,25.15315727926842,-1.537738971392765,-12.043137878107878,38.443474284819125,73.10016450055235,33.458926628262304,398.8020681674713,22.70529723458087,0.0,50.002024307315146
90.0,0.0,0.0,0.0,100.0,73.12213794873468,33.45925708090697,401.5006647578572,-109.86724091163005,1.0,49.93291083031358
90.05000000000001,0.0,0.0,0.0,100.0,73.14410447528083,33.45958443444452,401.500784497541,-109.83263273074289,1.0,49.93124374589959
90.10000000000001,0.0,0.0,0.0,100.0,73.16606408237111,33.45990869284619,402.04519448352437,-109.7980354514327,1.0,50.16366984259209
90.15,0.0,0.0,0.0,100.0,73.18801677218516,33.46022986007897,401.69509498173755,-109.76344907026551,1.0,49.96190321687231
90.2,0.0,0.0,0.0,100.0,73.20996254690192,33.46054794010559,400.1876600554543,-109.72887358380837,1.0,49.89893215312746
90.25,0.0,0.0,0.0,100.0,73.23190140869964,33.460862936884574,402.2332844721106,-109.69430898862947,1.0,49.93824848940373
90.30000000000001,0.0,0.0,0.0,100.0,73.2538333597559,33.46117485437019,401.27180002188345,-109.65975528129806,1.0,50.03931955847475
90.35000000000001,0.0,0.0,0.0,100.0,73.27575840224758,33.461483696512495,402.1997258389069,-109.62521245838445,1.0,49.98802478473017
90.4,0.0,0.0,0.0,100.0,73.29767653835087,33.4617894672573,401.2576105513971,-109.59068051646005,1.0,50.00429726171064
90.45,0.0,0.0,0.0,100.0,73.31958777024128,33.46209217054621,401.14748769555484,-109.55615945209738,1.0,49.965570847802425
90.5,0.0,0.0,0.0,100.0,73.34149210009366,33.46239181031661,401.66860885106115,-109.52164926186997,1.0,50.01111749107007
90.55000000000001,0.0,0.0,0.0,100.0,73.36338953008213,33.46268839050168,402.52983320490404,-109.48714994235247,1.0,50.02633092899813
90.60000000000001,0.0,0.0,0.0,100.0,73.38528006238016,33.46298191503039,402.04096465604783,-109.45266149012065,1.0,49.935722889396615
90.65,0.0,0.0,0.0,100.0,73.4071636991605,33.4632723878275,401.72933142857323,-109.41818390175125,1.0,49.95662111920394
90.7,0.0,0.0,0.0,100.0,73.42904044259527,33.46355981281358,401.6658398880795,-109.38371717382219,1.0,50.04131087588689
90.75,0.0,0.0,0.0,100.0,73.45091029485584,33.463844193905,401.4944077227562,-109.34926130291245,1.0,50.144439543288485
90.80000000000001,0.0,0.0,0.0,100.0,73.47277325811297,33.46412553501394,402.18482280122,-109.31481628560205,1.0,50.070634719969746
90.85000000000001,0.0,0.0,0.0,100.0,73.49462933453665,33.464403840048405,401.854335200482,-109.28038211847208,1.0,50.1058016490638
90.9,0.0,0.0,0.0,100.0,73.51647852629627,33.46467911291221,400.75506621504957,-109.24595879810477,1.0,50.082216987079434
90.95,0.0,0.0,0.0,100.0,73.53832083556048,33.46495135750498,400.9792870392623,-109.21154632108338,1.0,49.96613965285599
91.0,0.0,0.0,0.0,100.0,73.56015626449728,33.46522057772219,401.7569633208964,-109.17714468399222,1.0,50.07399320993064
91.05000000000001,0.0,0.0,0.0,100.0,73.58198481527397,33.46548677745514,400.9008362588884,-109.14275388341677,1.0,49.96924730733934
91.10000000000001,0.0,0.0,0.0,100.0,73.60380649005715,33.46574996059096,401.527747659239,-109.10837391594349,1.0,49.988818039718254
91.15,0.0,0.0,0.0,100.0,73.62562129101279,33.466010131012624,401.9073542743947,-109.07400477815997,1.0,50.20615565695907
91.2,0.0,0.0,0.0,100.0,73.64742922030612,33.46626729259894,401.69135479149327,-109.03964646665484,1.0,49.95588821371026
91.25,0.0,0.0,0.0,100.0,73.66923028010173,33.46652144922459,400.8347960381631,-109.00529897801785,1.0,49.98048476518486
91.30000000000001,0.0,0.0,0.0,100.0,73.6910244725635,33.46677260476007,401.0142805996541,-108.97096230883977,1.0,50.02805298751853
91.35000000000001,0.0,0.0,0.0,100.0,73.71281179985463,33.467020763071766,401.7117712728147,-108.93663645571249,1.0,49.972209907728505
91.4,0.0,0.0,0.0,100.0,73.73459226413767,33.46726592802191,402.47959244727116,-108.90232141522894,1.0,49.955873160845606
91.45,0.0,0.0,0.0,100.0,73.75636586757447,33.4675081034686,401.4287534652239,-108.86801718398314,1.0,50.03834975995339
91.5,0.0,0.0,0.0,100.0,73.77813261232619,33.46774729326582,401.9358500783232,-108.8337237585702,1.0,50.076654591292595
91.55000000000001,0.0,0.0,0.0,100.0,73.79989250055331,33.467983501263404,401.70542407680597,-108.79944113558625,1.0,50.06305476204728
91.60000000000001,0.0,0.0,0.0,100.0,73.82164553441564,33.46821673130707,401.1599745309067,-108.76516931162853,1.0,50.05508491762102
91.65,0.0,0.0,0.0,100.0,73.84339171607229,33.46844698723843,401.94624554548454,-108.73090828329536,1.0,50.09077320048521
91.7,0.0,0.0,0.0,100.0,73.86513104768173,33.468674272894965,400.6610149017864,-108.69665804718615,1.0,49.94556901306394
91.75,0.0,0.0,0.0,100.0,73.88686353140172,33.468898592110065,401.9081548842214,-108.66241859990127,1.0,49.84091813120712
91.80000000000001,0.0,0.0,0.0,100.0,73.90858916938933,33.469119948713,401.74393856234616,-108.6281899380423,1.0,50.06358826549588
91.85000000000001,0.0,0.0,0.0,100.0,73.93030796380097,33.46933834652894,401.21109850200196,-108.59397205821179,1.0,49.97418859999328
91.9,0.0,0.0,0.0,100.0,73.95201991679237,33.46955378937898,400.9635676770276,-108.55976495701347,1.0,49.96870717281612
91.95,0.0,0.0,0.0,100.0,73.97372503051858,33.469766281080084,401.25570189921626,-108.52556863105202,1.0,49.95902952353207
92.0,0.0,0.0,0.0,100.0,73.99542330713396,33.46997582544516,401.1344964356676,-108.49138307693325,1.0,49.9837397129067
92.05000000000001,0.0,0.0,0.0,100.0,74.01711474879221,33.47018242628302,401.36313231604146,-108.45720829126401,1.0,50.112447913991666
92.10000000000001,0.0,0.0,0.0,100.0,74.03879935764634,33.47038608739839,401.3089404267017,-108.42304427065227,1.0,50.02064901297151
92.15,0.0,0.0,0.0,100.0,74.06047713584869,33.470586812591925,401.2189396146277,-108.388891011707,1.0,49.964624253449514
92.2,0.0,0.0,0.0,100.0,74.0821480855509,33.470784605660214,400.6565435039537,-108.35474851103832,1.0,49.905718025131335
92.25,0.0,0.0,0.0,100.0,74.10381220890395,33.470979470395775,400.90657688343003,-108.32061676525734,1.0,50.0110218100856
92.30000000000001,0.0,0.0,0.0,100.0,74.12546950805815,33.47117141058706,402.0495096769515,-108.28649577097629,1.0,49.89280012838627
92.35000000000001,0.0,0.0,0.0,100.0,74.1471199851631,33.47136043001846,401.23823085043733,-108.25238552480843,1.0,49.91798655743898
92.4,0.0,0.0,0.0,100.0,74.16876364236778,33.471546532470306,401.3819766817308,-108.21828602336811,1.0,50.06454616962243
92.45,0.0,0.0,0.0,100.0,74.19040048182043,33.471729721718894,401.2920195816966,-108.18419726327075,1.0,49.99714898166802
92.5,0.0,0.0,0.0,100.0,74.21203050566866,33.471910001536465,402.2444201105502,-108.15011924113281,1.0,50.027474055830474
92.55000000000001,0.0,0.0,0.0,100.0,74.23365371605938,33.47208737569122,401.1381046905833,-108.11605195357185,1.0,50.00953491715014
92.60000000000001,0.0,0.0,0.0,100.0,74.25527011513881,33.4722618479473,401.1057203953457,-108.08199539720647,1.0,50.02522892076416
92.65,0.0,0.0,0.0,100.0,74.27687970505255,33.472433422064846,401.7785088371894,-108.04794956865636,1.0,49.917970417970096
92.7,0.0,0.0,0.0,100.0,74.29848248794546,33.47260210179994,401.60975690463647,-108.01391446454222,1.0,49.992945604520244
92.75,0.0,0.0,0.0,100.0,74.32007846596176,33.47276789090466,401.79586390713786,-107.9798900814859,1.0,50.049880823061144
92.80000000000001,0.0,0.0,0.0,100.0,74.34166764124498,33.47293079312705,401.7635926001734,-107.94587641611022,1.0,49.98180839879721
92.85000000000001,0.0,0.0,0.0,100.0,74.363250015938,33.473090812211126,401.99287497518674,-107.91187346503916,1.0,49.947616233421385
92.9,0.0,0.0,0.0,100.0,74.38482559218298,33.47324795189691,400.86729071193105,-107.87788122489765,1.0,49.80828279892635
92.95,0.0,0.0,0.0,100.0,74.40639437212144,33.473402215920395,401.4938225539591,-107.84389969231181,1.0,49.950707213630395
93.0,0.0,0.0,0.0,100.0,74.42795635789422,33.47355360801359,401.72911116656087,-107.80992886390872,1.0,49.88172635635734
93.05000000000001,0.0,0.0,0.0,100.0,74.44951155164148,33.47370213190448,401.207985129386,-107.77596873631661,1.0,50.02821619435187
93.10000000000001,0.0,0.0,0.0,100.0,74.47105995550271,33.47384779131707,401.01799638572373,-107.74201930616468,1.0,50.024555404916775
93.15,0.0,0.0,0.0,100.0,74.49260157161673,33.47399058997136,401.25574279330965,-107.70808057008323,1.0,49.9980315014132
93.2,0.0,0.0,0.0,100.0,74.51413640212168,33.47413053158336,401.83317230401354,-107.67415252470366,1.0,50.05716782138692
93.25,0.0,0.0,0.0,100.0,74.535664449155,33.47426761986511,401.5831782945756,-107.64023516665836,1.0,49.951159382307274
93.30000000000001,0.0,0.0,0.0,100.0,74.55718571485352,33.47440185852465,401.3092510241175,-107.60632849258084,1.0,50.03821732178522
93.35000000000001,0.0,0.0,0.0,100.0,74.57870020135334,33.47453325126605,401.0289816083726,-107.57243249910569,1.0,49.98931600420159
93.4,0.0,0.0,0.0,100.0,74.60020791078992,33.474661801789416,401.34800387428714,-107.53854718286848,1.0,49.993798293000864
93.45,0.0,0.0,0.0,100.0,74.62170884529802,33.474787513790865,401.03764176087725,-107.50467254050588,1.0,49.888883338867274
93.5,0.0,0.0,0.0,100.0,74.64320300701175,33.47491039096256,401.80399101432874,-107.47080856865561,1.0,50.057847885409316
93.55000000000001,0.0,0.0,0.0,100.0,74.66469039806454,33.47503043699272,400.64886848739235,-107.43695526395649,1.0,50.022135569655575
93.60000000000001,0.0,0.0,0.0,100.0,74.68617102058914,33.47514765556557,402.0878832624347,-107.40311262304834,1.0,50.035754662805736
93.65,0.0,0.0,0.0,100.0,74.70764487671765,33.47526205036141,401.33929213375546,-107.3692806425721,1.0,49.94339021781496
93.7,0.0,0.0,0.0,100.0,74.72911196858149,33.475373625056584,401.5894512601932,-107.3354593191697,1.0,50.01486710353081
93.75,0.0,0.0,0.0,100.0,74.75057229831138,33.47548238332349,401.59820055299673,-107.30164864948414,1.0,49.989191922192944
93.80000000000001,0.0,0.0,0.0,100.0,74.77202586803742,33.475588328830575,401.01030509186614,-107.26784863015956,1.0,50.02536129747853
93.85000000000001,0.0,0.0,0.0,100.0,74.79347267988898,33.47569146524237,401.78839193738384,-107.23405925784105,1.0,50.0120493275277
93.9,0.0,0.0,0.0,100.0,74.81491273599481,33.47579179621946,401.60979482883533,-107.20028052917485,1.0,50.10075496926476
93.95,0.0,0.0,0.0,100.0,74.83634603848297,33.47588932541851,401.243441510141,-107.16651244080816,1.0,50.0768861058474
94.0,0.0,0.0,0.0,100.0,74.85777258948085,33.47598405649224,401.1899511440825,-107.13275498938931,1.0,50.06653703437738
94.05000000000001,0.0,0.0,0.0,100.0,74.87919239111515,33.476075993089474,402.17497921026944,-107.09900817156766,1.0,49.98241692779589
94.10000000000001,0.0,0.0,0.0,100.0,74.90060544551196,33.4761651388551,402.39010859919745,-107.06527198399361,1.0,50.02814215320477
94.15,0.0,0.0,0.0,100.0,74.92201175479661,33.47625149743011,401.122322069069,-107.03154642331866,1.0,49.97755060433665
94.2,0.0,0.0,0.0,100.0,74.94341132109385,33.476335072451576,402.1286702408314,-106.99783148619532,1.0,50.0553838821126
94.25,0.0,0.0,0.0,100.0,74.9648041465277,33.47641586755267,401.03459926602574,-106.96412716927719,1.0,49.99164456126857
94.30000000000001,0.0,0.0,0.0,100.0,74.98619023322154,33.476493886362654,401.6667109179716,-106.93043346921887,1.0,49.969543724655466
94.35000000000001,0.0,0.0,0.0,100.0,75.00756958329806,33.4765691325069,402.7451788292014,-106.89675038267607,1.0,50.01401982460432
94.4,0.0,0.0,0.0,100.0,75.02894219887932,33.4766416096069,401.53670199418775,-106.86307790630555,1.0,50.071451062655484
94.45,0.0,0.0,0.0,100.0,75.05030808208667,33.476711321280234,401.3863300256716,-106.82941603676507,1.0,50.060445656637036
94.5,0.0,0.0,0.0,100.0,75.07166723504082,33.47677827114061,400.7363988802097,-106.79576477071348,1.0,49.972780757225266
94.55000000000001,0.0,0.0,0.0,100.0,75.09301965986178,33.476842462797855,402.0961281536903,-106.76212410481071,1.0,50.09421186323538
94.60000000000001,0.0,0.0,0.0,100.0,75.11436535866892,33.476903899857916,401.18627253622117,-106.72849403571769,1.0,49.946610701826884
94.65,0.0,0.0,0.0,100.0,75.13570433358093,33.47696258592286,401.8579706379856,-106.69487456009645,1.0,49.96261796630494
94.7,0.0,0.0,0.0,100.0,75.15703658671585,33.47701852459091,401.4412850759846,-106.66126567461004,1.0,50.05258430148423
94.75,0.0,0.0,0.0,100.0,75.17836212019103,33.47707171945639,401.30484913823426,-106.62766737592254,1.0,49.88207445490786
94.80000000000001,0.0,0.0,0.0,100.0,75.19968093612316,33.47712217410979,400.9276837876662,-106.59407966069914,1.0,50.00059733514322
94.85000000000001,0.0,0.0,0.0,100.0,75.22099303662829,33.477169892137724,400.64783979004096,-106.56050252560603,1.0,49.98217037496216
94.9,0.0,0.0,0.0,100.0,75.24229842382175,33.47721487712297,400.8848280474756,-106.52693596731044,1.0,50.09839634041194
94.95,0.0,0.0,0.0,100.0,75.26359709981824,33.477257132644446,402.66477212694423,-106.49337998248073,1.0,49.93650817385947
95.0,0.0,0.0,0.0,100.0,75.2848890667318,33.477296662277226,401.71190427631905,-106.45983456778627,1.0,49.94237577608019
95.05000000000001,0.0,0.0,0.0,100.0,75.30617432667577,33.47733346959254,401.4301908249178,-106.42629971989743,1.0,50.108208159677346
95.10000000000001,0.0,0.0,0.0,100.0,75.32745288176287,33.47736755815778,401.3528276247647,-106.39277543548565,1.0,49.98283775226577
95.15,0.0,0.0,0.0,100.0,75.3487247341051,33.47739893153652,401.1162301208661,-106.35926171122348,1.0,50.068771362659895
95.2,0.0,0.0,0.0,100.0,75.36998988581387,33.47742759328849,399.9571838423702,-106.32575854378445,1.0,49.9734321607081
95.25,0.0,0.0,0.0,100.0,75.39124833899983,33.477453546969585,401.5671961691485,-106.29226592984315,1.0,49.960335360208944
95.30000000000001,0.0,0.0,0.0,100.0,75.41250009577304,33.4774767961319,402.0232335762287,-106.25878386607526,1.0,50.07212163703823
95.35000000000001,0.0,0.0,0.0,100.0,75.43374515824287,33.4774973443237,400.8867622557643,-106.22531234915745,1.0,50.12560919922625
95.4,0.0,0.0,0.0,100.0,75.45498352851803,33.47751519508944,400.8824733736934,-106.19185137576747,1.0,50.07731784090055
95.45,0.0,0.0,0.0,100.0,75.47621520870655,33.477530351969754,401.67033699276055,-106.15840094258411,1.0,49.96977793417317
95.5,0.0,0.0,0.0,100.0,75.4974402009158,33.47754281850149,401.39205962036453,-106.12496104628717,1.0,49.99798923256038
95.55000000000001,0.0,0.0,0.0,100.0,75.51865850725251,33.47755259821767,401.7022715420626,-106.0915316835576,1.0,49.94479073891771
95.60000000000001,0.0,0.0,0.0,100.0,75.53987012982273,33.47755969464754,401.4824117425689,-106.0581128510773,1.0,49.95375963062435
95.65,0.0,0.0,0.0,100.0,75.56107507073183,33.47756411131653,400.99317565262896,-106.02470454552919,1.0,49.95096129785253
95.7,0.0,0.0,0.0,100.0,75.58227333208455,33.477565851746306,401.027031379187,-105.99130676359736,1.0,49.974790705234966
95.75,0.0,0.0,0.0,100.0,75.60346491598494,33.477564919454714,401.81957401238,-105.95791950196681,1.0,50.007242621250676
95.80000000000001,0.0,0.0,0.0,100.0,75.6246498245364,33.477561317955846,402.5918263969598,-105.9245427573237,1.0,49.86737281917681
95.85000000000001,0.0,0.0,0.0,100.0,75.64582805984168,33.477555050759996,401.8406415257238,-105.89117652635515,1.0,50.000385214311464
95.9,0.0,0.0,0.0,100.0,75.66699962400283,33.4775461213737,402.01512283292425,-105.85782080574936,1.0,50.042987912258624
95.95,0.0,0.0,0.0,100.0,75.68816451912127,33.4775345332997,401.52610799105724,-105.82447559219554,1.0,50.01035907709141
96.0,0.0,0.0,0.0,100.0,75.70932274729775,33.47752029003699,401.23788504944775,-105.791140882384,1.0,50.03682079876127
96.05000000000001,0.0,0.0,0.0,100.0,75.73047431063235,33.477503395080795,400.671797005154,-105.75781667300603,1.0,50.04660958631896
96.10000000000001,0.0,0.0,0.0,100.0,75.7516192112245,33.47748385192258,401.6009632700625,-105.72450296075404,1.0,49.97077627773013
96.15,0.0,0.0,0.0,100.0,75.77275745117296,33.47746166405004,401.49759793920964,-105.69119974232142,1.0,49.990448225924695
96.2,0.0,0.0,0.0,100.0,75.79388903257585,33.47743683494714,402.2638305518435,-105.65790701440257,1.0,50.19400961979491
96.25,0.0,0.0,0.0,100.0,75.81501395753058,33.47740936809409,402.22642780239687,-105.62462477369304,1.0,49.96608045284661
96.30000000000001,0.0,0.0,0.0,100.0,75.83613222813396,33.47737926696735,401.9326966073613,-105.59135301688933,1.0,50.04039974996345
96.35000000000001,0.0,0.0,0.0,100.0,75.8572438464821,33.477346535039636,401.15653822520113,-105.55809174068901,1.0,49.92435204216676
96.4,0.0,0.0,0.0,100.0,75.87834881467046,33.47731117577994,401.58879059961157,-105.52484094179067,1.0,50.048462456162085
96.45,0.0,0.0,0.0,100.0,75.89944713479385,33.47727319265351,400.8158389944841,-105.49160061689402,1.0,49.95674612794073
96.5,0.0,0.0,0.0,100.0,75.92053880894639,33.477232589121876,401.90938063369464,-105.4583707626997,1.0,50.00250341679624
96.55000000000001,0.0,0.0,0.0,100.0,75.94162383922158,33.477189368642826,402.33250282724345,-105.42515137590944,1.0,49.91531795275542
96.60000000000001,0.0,0.0,0.0,100.0,75.96270222771223,33.47714353467044,402.8017593083734,-105.391942453226,1.0,49.90772045338583
96.65,0.0,0.0,0.0,100.0,75.9837739765105,33.47709509065508,400.6124053940294,-105.35874399135324,1.0,49.99646523323016
96.7,0.0,0.0,0.0,100.0,76.00483908770791,33.47704404004338,401.0610677883357,-105.32555598699595,1.0,49.99767466015731
96.75,0.0,0.0,0.0,100.0,76.02589756339528,33.47699038627829,401.59274339934683,-105.29237843686003,1.0,49.98825354727355
96.80000000000001,0.0,0.0,0.0,100.0,76.0469494056628,33.47693413279902,401.2097104965716,-105.25921133765243,1.0,50.02595936915478
96.85000000000001,0.0,0.0,0.0,100.0,76.06799461660002,33.47687528304111,401.47355621674234,-105.22605468608108,1.0,50.066219892245286
96.9,0.0,0.0,0.0,100.0,76.0890331982958,33.47681384043638,401.54334699705794,-105.19290847885496,1.0,49.942121154628005
96.95,0.0,0.0,0.0,100.0,76.11006515283833,33.476749808412954,400.79098578446656,-105.15977271268412,1.0,49.9896734341131
97.0,0.0,0.0,0.0,100.0,76.13109048231519,33.476683190395285,401.00154629977294,-105.12664738427962,1.0,49.919002288759714
97.05000000000001,0.0,0.0,0.0,100.0,76.15210918881326,33.476613989804115,401.90118435322324,-105.09353249035357,1.0,49.893339796330196
97.10000000000001,0.0,0.0,0.0,100.0,76.17312127441878,33.47654221005652,402.34485908927115,-105.06042802761912,1.0,50.00958298306373
97.15,0.0,0.0,0.0,100.0,76.19412674121733,33.47646785456589,401.6181473744362,-105.02733399279043,1.0,49.93791404356696
97.2,0.0,0.0,0.0,100.0,76.21512559129386,33.47639092674193,402.0235607164828,-104.9942503825827,1.0,49.99982570398416
97.25,0.0,0.0,0.0,100.0,76.2361178267326,33.47631142999068,401.29963171395195,-104.96117719371217,1.0,50.0119894817991
97.30000000000001,0.0,0.0,0.0,100.0,76.25710344961718,33.476229367714524,400.80259236339157,-104.92811442289616,1.0,49.90188037210705
97.35000000000001,0.0,0.0,0.0,100.0,76.27808246203055,33.476144743312155,401.085196693157,-104.89506206685294,1.0,50.020971636056586
97.4,0.0,0.0,0.0,100.0,76.29905486605502,33.476057560178624,401.64496480863767,-104.86202012230187,1.0,50.062938755933345
97.45,0.0,0.0,0.0,100.0,76.32002066377221,33.475967821705325,401.187902866356,-104.82898858596334,1.0,50.03448007042888
97.5,0.0,0.0,0.0,100.0,76.34097985726312,33.47587553127998,401.5922659284381,-104.79596745455876,1.0,49.943417288315544
97.55000000000001,0.0,0.0,0.0,100.0,76.36193244860809,33.47578069228668,401.8431580416127,-104.76295672481058,1.0,49.99603928850529
97.60000000000001,0.0,0.0,0.0,100.0,76.38287843988678,33.47568330810587,401.3372472003586,-104.72995639344227,1.0,50.00251994522865
97.65,0.0,0.0,0.0,100.0,76.40381783317822,33.47558338211434,401.5883437853214,-104.69696645717832,1.0,49.99077871588895
97.7,0.0,0.0,0.0,100.0,76.42475063056077,33.47548091768524,401.44811417400655,-104.66398691274429,1.0,49.92170308766638
97.75,0.0,0.0,0.0,100.0,76.44567683411213,33.47537591818811,401.6930948175234,-104.63101775686678,1.0,49.95183713757672
97.80000000000001,0.0,0.0,0.0,100.0,76.46659644590939,33.47526838698882,401.1468486264395,-104.59805898627339,1.0,49.985558009353845
97.85000000000001,0.0,0.0,0.0,100.0,76.48750946802893,33.47515832744965,402.0253268732336,-104.56511059769271,1.0,50.01113681046146
97.9,0.0,0.0,0.0,100.0,76.5084159025465,33.475045742929225,401.39404262818437,-104.53217258785443,1.0,49.96571923652793
97.95,0.0,0.0,0.0,100.0,76.5293157515372,33.474930636782574,401.9788200851319,-104.49924495348925,1.0,49.856195853833164
98.0,0.0,0.0,0.0,100.0,76.55020901707546,33.474813012361096,402.0608952608992,-104.46632769132891,1.0,49.88755905350418
98.05000000000001,0.0,0.0,0.0,100.0,76.57109570123508,33.474692873012586,400.9558077151166,-104.43342079810614,1.0,49.96914405012421
98.10000000000001,0.0,0.0,0.0,100.0,76.5919758060892,33.47457022208122,402.74987223456765,-104.40052427055474,1.0,50.10064516160086
98.15,0.0,0.0,0.0,100.0,76.61284933371027,33.47444506290757,402.0193521257994,-104.36763810540951,1.0,50.021392542697726
98.2,0.0,0.0,0.0,100.0,76.63371628617016,33.47431739882862,400.73626743979656,-104.33476229940631,1.0,50.00940548977284
98.25,0.0,0.0,0.0,100.0,76.65457666554,33.47418723317773,401.39409243165676,-104.301896849282,1.0,49.950999839982636
98.30000000000001,0.0,0.0,0.0,100.0,76.67543047389036,33.4740545692847,401.74740159441893,-104.26904175177448,1.0,49.9717333994332
98.35000000000001,0.0,0.0,0.0,100.0,76.69627771329108,33.4739194104757,402.10594627240044,-104.23619700362268,1.0,49.88384271394324
98.4,0.0,0.0,0.0,100.0,76.71711838581139,33.47378176007335,401.7100982521917,-104.20336260156655,1.0,49.947254166589154
98.45,0.0,0.0,0.0,100.0,76.73795249351986,33.473641621396666,401.46907025991044,-104.17053854234705,1.0,50.018277585168754
98.5,0.0,0.0,0.0,100.0,76.7587800384844,33.473498997761084,401.1165294682883,-104.13772482270622,1.0,50.00985392835875
98.55000000000001,0.0,0.0,0.0,100.0,76.77960102277228,33.47335389247847,401.5703091142179,-104.10492143938707,1.0,49.960364788089386
98.60000000000001,0.0,0.0,0.0,100.0,76.80041544845011,33.47320630885712,401.4424863831788,-104.07212838913364,1.0,49.99072688652878
98.65,0.0,0.0,0.0,100.0,76.82122331758384,33.47305625020176,401.29514837152533,-104.03934566869107,1.0,50.00042566851954
98.7,0.0,0.0,0.0,100.0,76.8420246322388,33.47290371981354,401.54127191098615,-104.00657327480543,1.0,49.96332304777598
98.75,0.0,0.0,0.0,100.0,76.86281939447964,33.47274872099006,402.47657452530086,-103.97381120422389,1.0,50.0249143953537
98.80000000000001,0.0,0.0,0.0,100.0,76.88360760637038,33.472591257025364,401.4915900712142,-103.94105945369455,1.0,50.008751625849484
98.85000000000001,0.0,0.0,0.0,100.0,76.90438926997437,33.47243133120993,401.1708284910899,-103.90831801996666,1.0,49.97379370359329
98.9,0.0,0.0,0.0,100.0,76.92516438735433,33.4722689468307,401.52549179911125,-103.87558689979035,1.0,49.92519236540541
98.95,0.0,0.0,0.0,100.0,76.9459329605723,33.47210410717106,401.8804991062125,-103.84286608991692,1.0,49.96966323784323
99.0,0.0,0.0,0.0,100.0,76.96669499168972,33.47193681551086,401.5103798995356,-103.8101555870986,1.0,49.9658768084526
99.05000000000001,0.0,0.0,0.0,100.0,76.98745048276734,33.471767075126394,403.1689492729124,-103.77745538808868,1.0,49.96024309098956
99.10000000000001,0.0,0.0,0.0,100.0,77.00819943586527,33.47159488929044,400.656355838395,-103.74476548964142,1.0,49.90400408174247
99.15,0.0,0.0,0.0,100.0,77.02894185304297,33.47142026127223,402.0716355579763,-103.7120858885122,1.0,50.08018716150099
99.2,0.0,0.0,0.0,100.0,77.04967773635926,33.471243194337475,401.35237517590446,-103.67941658145732,1.0,50.076736980178126
99.25,0.0,0.0,0.0,100.0,77.0704070878723,33.471063691748355,402.06535789027413,-103.64675756523417,1.0,49.988631192140836
99.30000000000001,0.0,0.0,0.0,100.0,77.09112990963962,33.47088175676353,401.56562846115713,-103.61410883660112,1.0,50.01085221358494
99.35000000000001,0.0,0.0,0.0,100.0,77.11184620371809,33.47069739263815,402.13586782086423,-103.5814703923176,1.0,50.0238376739357
99.4,0.0,0.0,0.0,100.0,77.13255597216391,33.47051060262385,401.36002365981653,-103.54884222914401,1.0,49.98954757717842
99.45,0.0,0.0,0.0,100.0,77.15325921703268,33.47032138996873,402.6903470333164,-103.51622434384183,1.0,50.01507282783777
99.5,0.0,0.0,0.0,100.0,77.17395594037932,33.47012975791742,402.13566510907543,-103.4836167331735,1.0,50.03239309923495
99.55000000000001,0.0,0.0,0.0,100.0,77.1946461442581,33.46993570971102,401.8389679518784,-103.45101939390258,1.0,50.0065219340009
99.60000000000001,0.0,0.0,0.0,100.0,77.21532983072267,33.46973924858713,402.1522706714818,-103.41843232279349,1.0,50.04311853411864
99.65,0.0,0.0,0.0,100.0,77.23600700182598,33.46954037777987,401.83680797158706,-103.3858555166118,1.0,49.95837424846712
99.7,0.0,0.0,0.0,100.0,77.25667765962041,33.46933910051986,401.89892610406724,-103.35328897212408,1.0,49.99597952381192
99.75,0.0,0.0,0.0,100.0,77.27734180615762,33.46913542003423,401.55330380940956,-103.32073268609786,1.0,50.16072655849796
99.80000000000001,0.0,0.0,0.0,100.0,77.29799944348868,33.46892933954662,400.9391907702222,-103.28818665530174,1.0,50.05751077154345
99.85000000000001,0.0,0.0,0.0,100.0,77.31865057366397,33.468720862277195,401.2786652062756,-103.25565087650533,1.0,50.0078717293606
99.9,0.0,0.0,0.0,100.0,77.33929519873327,33.46850999144264,402.9955782877339,-103.22312534647925,1.0,49.942257860310555
99.95,0.0,0.0,0.0,100.0,77.35993332074567,33.46829673025616,401.3506316461488,-103.1906100619951,1.0,49.9989491757709
100.0,0.0,0.0,0.0,100.0,77.38056494174964,33.46808108192749,401.29024253583503,-103.15810501982556,1.0,50.05304338105642
100.05000000000001,0.0,0.0,0.0,100.0,77.401190063793,33.467863049662895,401.4478689335495,-103.12561021674432,1.0,50.03924057840896
100.10000000000001,0.0,0.0,0.0,100.0,77.4218086889229,33.4676426366652,401.0518213185809,-103.09312564952603,1.0,49.89159010987075
100.15,0.0,0.0,0.0,100.0,77.44242081918588,33.46741984613373,401.60320522400076,-103.06065131494643,1.0,49.90588952971775
100.2,0.0,0.0,0.0,100.0,77.46302645662784,33.46719468126438,402.47811359508034,-103.02818720978222,1.0,49.9082117905703
100.25,0.0,0.0,0.0,100.0,77.483625603294,33.46696714524958,401.2014168164335,-102.99573333081113,1.0,50.02481719312848
100.30000000000001,0.0,0.0,0.0,100.0,77.50421826122897,33.46673724127832,401.4283588032873,-102.96328967481195,1.0,49.90889672180794
100.35000000000001,0.0,0.0,0.0,100.0,77.52480443247669,33.46650497253612,402.7428030730092,-102.93085623856437,1.0,49.93990197181043
100.4,0.0,0.0,0.0,100.0,77.54538411908045,33.46627034220509,401.62597190061217,-102.89843301884922,1.0,49.987448448793636
100.45,0.0,0.0,0.0,100.0,77.56595732308294,33.466033353463885,402.0805347885904,-102.86602001244829,1.0,50.02774114764026
100.5,0.0,0.0,0.0,100.0,77.58652404652616,33.465794009487716,401.31325869897455,-102.83361721614436,1.0,49.9804503669534
100.55000000000001,0.0,0.0,0.0,100.0,77.60708429145151,33.46555231344836,401.61447660341554,-102.80122462672128,1.0,50.044937569891914
100.60000000000001,0.0,0.0,0.0,100.0,77.62763805989971,33.46530826851419,401.14505506234383,-102.76884224096386,1.0,50.12108663340535
100.65,0.0,0.0,0.0,100.0,77.64818535391085,33.46506187785013,401.3509021229972,-102.73647005565796,1.0,49.9994750361946
100.7,0.0,0.0,0.0,100.0,77.66872617552437,33.464813144617686,401.151776491328,-102.70410806759041,1.0,49.922110459301564
100.75,0.0,0.0,0.0,100.0,77.68926052677908,33.46456207197495,401.29583399870427,-102.67175627354912,1.0,49.941768606940144
100.80000000000001,0.0,0.0,0.0,100.0,77.70978840971314,33.4643086630766,401.5271962809817,-102.63941467032295,1.0,49.94126209827417
100.85000000000001,0.0,0.0,0.0,100.0,77.73030982636408,33.4640529210739,402.0833771913963,-102.60708325470179,1.0,49.953020966280896
100.9,0.0,0.0,0.0,100.0,77.75082477876877,33.463794849114706,401.28996901971436,-102.57476202347657,1.0,49.97642186815296
100.95,0.0,0.0,0.0,100.0,77.77133326896346,33.46353445034347,402.234571589607,-102.54245097343917,1.0,50.012892570416625
101.0,0.0,0.0,0.0,100.0,77.79183529898374,33.46327172790124,401.68958236738786,-102.51015010138255,1.0,49.91401731380188
101.05000000000001,0.0,0.0,0.0,100.0,77.81233087086456,33.463006684925666,401.169347482853,-102.4778594041006,1.0,49.92329540359762
101.10000000000001,0.0,0.0,0.0,100.0,77.83281998664023,33.46273932455101,402.3954015035815,-102.44557887838832,1.0,50.031833787387896
101.15,0.0,0.0,0.0,100.0,77.85330264834444,33.462469649908144,401.31243941487736,-102.41330852104163,1.0,49.966137701370464
101.2,0.0,0.0,0.0,100.0,77.87377885801021,33.462197664124545,401.331877957575,-102.3810483288575,1.0,49.94684832701716
101.25,0.0,0.0,0.0,100.0,77.89424861766994,33.461923370324314,401.97594653654227,-102.34879829863391,1.0,49.98274782675294
101.30000000000001,0.0,0.0,0.0,100.0,77.91471192935538,33.46164677162816,402.78765246733633,-102.31655842716984,1.0,50.07502158947102
101.35000000000001,0.0,0.0,0.0,100.0,77.93516879509762,33.461367871153435,402.4030809388135,-102.28432871126527,1.0,50.04028141849689
101.4,0.0,0.0,0.0,100.0,77.95561921692718,33.4610866720141,401.5382830059844,-102.25210914772124,1.0,50.03586745307177
101.45,0.0,0.0,0.0,100.0,77.97606319687384,33.46080317732075,401.57646756602315,-102.2198997333397,1.0,50.0978165630437
101.5,0.0,0.0,0.0,100.0,77.99650073696682,33.46051739018062,401.9542945763798,-102.1877004649237,1.0,50.01574162151618
101.55000000000001,0.0,0.0,0.0,100.0,78.01693183923467,33.46022931369758,401.8169617872809,-102.15551133927724,1.0,50.10441598564165
101.60000000000001,0.0,0.0,0.0,100.0,78.03735650570532,33.45993895097214,401.0378204601291,-102.1233323532054,1.0,50.11029726966012
101.65,0.0,0.0,0.0,100.0,78.05777473840602,33.459646305101444,401.66288849419783,-102.09116350351412,1.0,49.91563106145106
101.7,0.0,0.0,0.0,100.0,78.07818653936343,33.4593513791793,401.3811299030031,-102.05900478701051,1.0,49.900951564236586
101.75,0.0,0.0,0.0,100.0,78.09859191060353,33.45905417629616,402.08533211266524,-102.02685620050259,1.0,49.93770242297921
101.80000000000001,0.0,0.0,0.0,100.0,78.11899085415169,33.45875469953913,401.8441061442967,-101.99471774079943,1.0,50.06805302180995
101.85000000000001,0.0,0.0,0.0,100.0,78.13938337203263,33.458452951991966,401.42503201863326,-101.96258940471108,1.0,49.98391377841854
101.9,0.0,0.0,0.0,100.0,78.15976946627043,33.4581489367351,401.11062495020616,-101.9304711890486,1.0,49.976698573462926
101.95,0.0,0.0,0.0,100.0,78.18014913888855,33.457842656845614,403.05058744070055,-101.89836309062407,1.0,50.04667598984663
102.0,0.0,0.0,0.0,100.0,78.2005223919098,33.457534115397266,401.6324773922942,-101.86626510625054,1.0,49.9632987178291
102.05000000000001,0.0,0.0,0.0,100.0,78.22088922735635,33.45722331546049,401.7447924784932,-101.83417723274206,1.0,50.00780304513162
102.10000000000001,0.0,0.0,0.0,100.0,78.24124964724973,33.45691026010238,401.557840498358,-101.80209946691375,1.0,50.031803551746265
102.15,0.0,0.0,0.0,100.0,78.26160365361085,33.45659495238673,401.29191738366484,-101.77003180558167,1.0,49.942496739500946
102.2,0.0,0.0,0.0,100.0,78.28195124845996,33.45627739537399,401.9550042352646,-101.73797424556291,1.0,49.92988149478614
102.25,0.0,0.0,0.0,100.0,78.3022924338167,33.45595759212131,402.1356801126211,-101.70592678367555,1.0,49.999143163256186
102.30000000000001,0.0,0.0,0.0,100.0,78.32262721170005,33.455635545682526,400.8584814578132,-101.6738894167387,1.0,50.006569947533656
102.35000000000001,0.0,0.0,0.0,100.0,78.34295558412836,33.45531125910817,400.93112693751607,-101.64186214157242,1.0,50.04160172057934
102.4,0.0,0.0,0.0,100.0,78.36327755311936,33.454984735445464,401.6506068696066,-101.60984495499783,1.0,50.11106505299041
102.45,0.0,0.0,0.0,100.0,78.38359312069012,33.45465597773833,402.3118838427474,-101.57783785383701,1.0,49.93635844962609
102.5,0.0,0.0,0.0,100.0,78.40390228885711,33.454324989027384,400.76712047700295,-101.54584083491305,1.0,49.95469392459252
102.55000000000001,0.0,0.0,0.0,100.0,78.42420505963612,33.45399177234996,401.1681236980296,-101.51385389505005,1.0,50.10954428521263
102.60000000000001,0.0,0.0,0.0,100.0,78.44450143504234,33.453656330740095,401.77485786260985,-101.4818770310731,1.0,50.05600512825099
102.65,0.0,0.0,0.0,100.0,78.4647914170903,33.45331866722854,401.6387615311891,-101.4499102398083,1.0,49.98921995070316
102.7,0.0,0.0,0.0,100.0,78.48507500779391,33.452978784842756,401.7662248739589,-101.41795351808278,1.0,50.06639235911555
102.75,0.0,0.0,0.0,100.0,78.50535220916646,33.45263668660693,401.93961176345937,-101.3860068627246,1.0,49.9365599693914
102.80000000000001,0.0,0.0,0.0,100.0,78.52562302322058,33.452292375541965,402.59631705785876,-101.35407027056281,1.0,49.98243107006082
102.85000000000001,0.0,0.0,0.0,100.0,78.54588745196826,33.451945854665496,401.55856013298074,-101.3221437384276,1.0,49.830229681865056
102.9,0.0,0.0,0.0,100.0,78.56614549742089,33.451597126991885,402.1047797996383,-101.29022726315,1.0,50.00606075837971
102.95,0.0,0.0,0.0,100.0,78.5863971615892,33.45124619553222,401.83880224465736,-101.25832084156208,1.0,49.97583051973335
103.0,0.0,0.0,0.0,100.0,78.6066424464833,33.45089306329433,401.5024895118738,-101.226424470497,1.0,49.977825174390176
103.05000000000001,0.0,0.0,0.0,100.0,78.62688135411267,33.45053773328278,402.02293748649777,-101.19453814678877,1.0,50.038347066382
103.10000000000001,0.0,0.0,0.0,100.0,78.64711388648612,33.45018020849888,401.6770994792759,-101.16266186727255,1.0,50.056936249659
103.15,0.0,0.0,0.0,100.0,78.66734004561188,33.449820491940685,401.7543860091433,-101.13079562878434,1.0,49.96974641491258
103.2,0.0,0.0,0.0,100.0,78.68755983349752,33.449458586602994,401.8943383170793,-101.09893942816127,1.0,49.91843681489037
103.25,0.0,0.0,0.0,100.0,78.70777325214996,33.44909449547737,401.9127467180484,-101.06709326224141,1.0,49.907469073668416
103.30000000000001,0.0,0.0,0.0,100.0,78.72798030357554,33.44872822155212,401.2837807214344,-101.0352571278638,1.0,49.878878515597
103.35000000000001,0.0,0.0,0.0,100.0,78.74818098977991,33.44835976781232,401.7113419671671,-101.00343102186854,1.0,50.096578022138544
103.4,0.0,0.0,0.0,100.0,78.76837531276813,33.447989137239794,401.7416179593224,-100.97161494109663,1.0,50.03861512276599
103.45,0.0,0.0,0.0,100.0,78.7885632745446,33.44761633281315,402.977568689288,-100.9398088823902,1.0,50.024243350887204
103.5,0.0,0.0,0.0,100.0,78.80874487711311,33.44724135750774,401.42006077363953,-100.90801284259226,1.0,49.96234588383585
103.55000000000001,0.0,0.0,0.0,100.0,78.82892012247682,33.446864214295715,401.80425056000433,-100.87622681854684,1.0,49.96202632128434
103.60000000000001,0.0,0.0,0.0,100.0,78.84908901263823,33.44648490614599,401.5261322207275,-100.84445080709901,1.0,50.05911523455557
103.65,0.0,0.0,0.0,100.0,78.86925154959926,33.44610343602425,402.31950773066825,-100.81268480509478,1.0,49.90118645107708
103.7,0.0,0.0,0.0,100.0,78.88940773536113,33.44571980689298,401.39859830601114,-100.78092880938117,1.0,49.972159736785194
103.75,0.0,0.0,0.0,100.0,78.9095575719245,33.44533402171143,402.1084806178784,-100.74918281680621,1.0,50.068584535310336
103.80000000000001,0.0,0.0,0.0,100.0,78.92970106128934,33.44494608343566,403.16117279704713,-100.71744682421892,1.0,49.97205960222304
103.85000000000001,0.0,0.0,0.0,100.0,78.94983820545502,33.444555995018504,401.6035767632578,-100.68572082846929,1.0,50.03531420093826
103.9,0.0,0.0,0.0,100.0,78.9699690064203,33.4441637594096,401.4715846569984,-100.65400482640833,1.0,49.99154228831057
103.95,0.0,0.0,0.0,100.0,78.99009346618328,33.44376937955538,401.60642546378386,-100.62229881488803,1.0,49.84270076468575
104.0,0.0,0.0,0.0,100.0,79.01021158674143,33.44337285839908,401.8768122407282,-100.59060279076132,1.0,49.98905834244183
104.05000000000001,0.0,0.0,0.0,100.0,79.03032337009161,33.442974198880755,402.4520618641588,-100.55891675088223,1.0,50.00032942445218
104.10000000000001,0.0,0.0,0.0,100.0,79.05042881823003,33.442573403937246,401.19032291927647,-100.52724069210572,1.0,49.98451406762123
104.15,0.0,0.0,0.0,100.0,79.07052793315229,33.44217047650221,400.7734051624178,-100.4955746112877,1.0,49.92734492988802
104.2,0.0,0.0,0.0,100.0,79.09062071685335,33.44176541950613,402.1379490998887,-100.46391850528514,1.0,49.98515957360278
104.25,0.0,0.0,0.0,100.0,79.11070717132755,33.4413582358763,402.28269937378474,-100.43227237095597,1.0,49.88198646494732
104.30000000000001,0.0,0.0,0.0,100.0,79.13078729856858,33.440948928536834,401.7014633001188,-100.4006362051591,1.0,49.97146925009673
104.35000000000001,0.0,0.0,0.0,100.0,79.15086110056953,33.44053750040868,402.30186664147766,-100.36901000475449,1.0,50.04036576609
104.4,0.0,0.0,0.0,100.0,79.17092857932285,33.4401239544096,402.14631638337494,-100.33739376660299,1.0,50.09248460228505
104.45,0.0,0.0,0.0,100.0,79.19098973682036,33.439708293454196,401.64239431874034,-100.30578748756652,1.0,50.08010485011804
104.5,0.0,0.0,0.0,100.0,79.21104457505325,33.4392905204539,401.3055819700137,-100.27419116450794,1.0,49.93514733501406
104.55000000000001,0.0,0.0,0.0,100.0,79.2310930960121,33.43887063831699,402.2053051104134,-100.24260479429113,1.0,49.90971555569547
104.60000000000001,0.0,0.0,0.0,100.0,79.25113530168686,33.438448649948576,402.1165610253489,-100.21102837378093,1.0,50.00607879162328
104.65,0.0,0.0,0.0,100.0,79.27117119406682,33.43802455825062,402.36735056933037,-100.17946189984319,1.0,49.99643336210271
104.7,0.0,0.0,0.0,100.0,79.2912007751407,33.43759836612192,401.8606942795261,-100.14790536934476,1.0,50.030555899575496
104.75,0.0,0.0,0.0,100.0,79.31122404689653,33.43717007645813,401.50259024035944,-100.1163587791534,1.0,49.957627621550586
104.80000000000001,0.0,0.0,0.0,100.0,79.33124101132175,33.43673969215176,402.0723745520812,-100.08482212613796,1.0,49.99824273145216
104.85000000000001,0.0,0.0,0.0,100.0,79.35125167040319,33.43630721609218,401.63274729816027,-100.05329540716825,1.0,49.99503295401814
104.9,0.0,0.0,0.0,100.0,79.37125602612701,33.43587265116562,402.63492804339063,-100.02177861911498,1.0,49.97341889559561
104.95,0.0,0.0,0.0,100.0,79.39125408047879,33.43543600025516,401.6028821236193,-99.99027175884996,1.0,49.89755334652025
105.0,0.0,0.0,0.0,100.0,79.41124583544344,33.434997266240764,401.8189587102237,-99.9587748232459,1.0,50.03941301067442
105.05000000000001,0.0,0.0,0.0,100.0,79.43123129300527,33.434556451999256,402.2594770945612,-99.92728780917658,1.0,50.00649305609783
105.10000000000001,0.0,0.0,0.0,100.0,79.45121045514797,33.43411356040434,402.32053728917964,-99.8958107135167,1.0,50.043873824112815
105.15,0.0,0.0,0.0,100.0,79.4711833238546,33.43366859432659,402.400337692027,-99.86434353314193,1.0,50.05905815932866
105.2,0.0,0.0,0.0,100.0,79.49114990110759,33.433221556633455,402.63009335852274,-99.83288626492899,1.0,49.98981841000602
105.25,0.0,0.0,0.0,100.0,79.51111018888874,33.43277245018928,401.18281653144624,-99.80143890575555,1.0,50.03982312462112
105.30000000000001,0.0,0.0,0.0,100.0,79.53106418917923,33.432321277855294,402.2378630484393,-99.77000145250022,1.0,50.09419972360287
105.35000000000001,0.0,0.0,0.0,100.0,79.55101190395965,33.431868042489604,402.48947214212984,-99.7385739020427,1.0,50.116728347351874
105.4,0.0,0.0,0.0,100.0,79.57095333520991,33.43141274694722,402.1599940737146,-99.70715625126356,1.0,50.013728635516316
105.45,0.0,0.0,0.0,100.0,79.59088848490931,33.43095539408003,401.1588152517571,-99.67574849704438,1.0,50.01848579207085
105.5,0.0,0.0,0.0,100.0,79.61081735503657,33.43049598673685,401.5762944723385,-99.64435063626783,1.0,50.012690600805946
105.55000000000001,0.0,0.0,0.0,100.0,79.63073994756974,33.43003452776338,401.8810416918915,-99.61296266581739,1.0,50.02830401533101
105.60000000000001,0.0,0.0,0.0,100.0,79.65065626448626,33.42957102000223,401.80635830166125,-99.58158458257766,1.0,50.05610121144395
105.65,0.0,0.0,0.0,100.0,79.67056630776294,33.4291054662929,400.4946846675412,-99.55021638343413,1.0,50.01139961450947
105.7,0.0,0.0,0.0,100.0,79.690470079376,33.428637869471835,402.45874449108044,-99.51885806527336,1.0,50.11220291050737
105.75,0.0,0.0,0.0,100.0,79.710367581301,33.428168232372364,402.2247176583222,-99.48750962498279,1.0,50.10109298135495
105.80000000000001,0.0,0.0,0.0,100.0,79.73025881551288,33.427696557824746,401.94444198485746,-99.45617105945092,1.0,50.00017175455562
105.85000000000001,0.0,0.0,0.0,100.0,79.75014378398599,33.427222848656164,402.1259184167861,-99.4248423655672,1.0,49.99980834302654
105.9,0.0,0.0,0.0,100.0,79.77002248869404,33.42674710769072,401.471268079826,-99.39352354022206,1.0,49.96908558535208
105.95,0.0,0.0,0.0,100.0,79.7898949316101,33.42626933774946,401.3076061900503,-99.36221458030688,1.0,50.03170262569191
106.0,0.0,0.0,0.0,100.0,79.80976111470665,33.425789541650325,401.8706139893061,-99.33091548271408,1.0,49.97838283299451
106.05000000000001,0.0,0.0,0.0,100.0,79.82962103995551,33.425307722208224,401.58281125544096,-99.29962624433703,1.0,50.030303380771976
106.10000000000001,0.0,0.0,0.0,100.0,79.84947470932792,33.42482388223498,402.25761188592753,-99.26834686207006,1.0,49.93216916020969
106.15,0.0,0.0,0.0,100.0,79.86932212479448,33.424338024539374,401.22477973357906,-99.23707733280852,1.0,50.05727059733726
106.2,0.0,0.0,0.0,100.0,79.88916328832516,33.42385015192711,401.182289333271,-99.20581765344869,1.0,50.03284921002935
106.25,0.0,0.0,0.0,100.0,79.90899820188935,33.423360267200856,402.67954404726726,-99.17456782088786,1.0,50.09715408820359
106.30000000000001,0.0,0.0,0.0,100.0,79.92882686745575,33.42286837316022,402.2412588500302,-99.14332783202428,1.0,50.04252857091933
106.35000000000001,0.0,0.0,0.0,100.0,79.9486492869925,33.42237447260176,402.99950899820766,-99.11209768375718,1.0,49.85993626022638
106.4,0.0,0.0,0.0,100.0,79.96846546246711,33.421878568318995,401.6426197651581,-99.0808773729868,1.0,50.0509095109446
106.45,0.0,0.0,0.0,100.0,79.98827539584643,33.421380663102404,401.7073760411824,-99.0496668966143,1.0,50.07438669851642
106.5,0.0,0.0,0.0,100.0,80.00807908909674,33.420880759739426,401.85757406879156,-99.01846625154187,1.0,50.00790463162026
106.55000000000001,0.0,0.0,0.0,100.0,80.02787654418367,33.42037886101446,401.74114493272754,-98.98727543467263,1.0,49.968649342471515
106.60000000000001,0.0,0.0,0.0,100.0,80.04766776307225,33.41987496970888,401.60615806136326,-98.95609444291071,1.0,50.016269977810204
106.65,0.0,0.0,0.0,100.0,80.06745274772689,33.41936908860102,401.49366095041717,-98.92492327316118,1.0,50.05719229300948
106.7,0.0,0.0,0.0,100.0,80.08723150011136,33.418861220466205,402.20878639844847,-98.89376192233014,1.0,50.06596498645819
106.75,0.0,0.0,0.0,100.0,80.10700402218882,33.41835136807673,401.31894087351816,-98.86261038732461,1.0,49.89803140719281
106.80000000000001,0.0,0.0,0.0,100.0,80.12677031592183,33.41783953420185,401.8825394017376,-98.83146866505261,1.0,50.17392803681357
106.85000000000001,0.0,0.0,0.0,100.0,80.14653038327232,33.417325721607845,402.5189655094327,-98.8003367524231,1.0,49.9667332214896
106.9,0.0,0.0,0.0,100.0,80.1662842262016,33.41680993305795,402.0993456413481,-98.7692146463461,1.0,50.04365521444662
106.95,0.0,0.0,0.0,100.0,80.18603184667035,33.41629217131239,401.2041235205502,-98.73810234373248,1.0,50.08217755214208
107.0,0.0,0.0,0.0,100.0,80.20577324663864,33.415772439128396,401.80583325744925,-98.7069998414942,1.0,49.99455914932353
107.05000000000001,0.0,0.0,0.0,100.0,80.22550842806595,33.415250739260195,401.9026649438006,-98.67590713654414,1.0,50.06867240835847
107.10000000000001,0.0,0.0,0.0,100.0,80.24523739291111,33.414727074459,401.51440844160953,-98.64482422579611,1.0,49.89758179971293
107.15,0.0,0.0,0.0,100.0,80.26496014313234,33.41420144747303,402.0547036873112,-98.613751106165,1.0,49.87738051482961
107.2,0.0,0.0,0.0,100.0,80.28467668068726,33.41367386104753,401.7439003770906,-98.58268777456657,1.0,50.07121245739153
107.25,0.0,0.0,0.0,100.0,80.30438700753284,33.41314431792471,402.18522487397763,-98.55163422791756,1.0,50.06254136394352
107.30000000000001,0.0,0.0,0.0,100.0,80.32409112562547,33.41261282084384,402.20707896627925,-98.52059046313578,1.0,50.144620069327004
107.35000000000001,0.0,0.0,0.0,100.0,80.3437890369209,33.412079372541164,401.60400844531506,-98.48955647713989,1.0,50.0238879006205
107.4,0.0,0.0,0.0,100.0,80.36348074337427,33.41154397574997,401.68029261313546,-98.45853226684957,1.0,50.05740807619489
107.45,0.0,0.0,0.0,100.0,80.3831662469401,33.41100663320056,401.86978961456924,-98.42751782918552,1.0,50.10313069276664
107.5,0.0,0.0,0.0,100.0,80.40284554957232,33.41046734762024,401.6363928931219,-98.39651316106932,1.0,50.08442759154302
107.55000000000001,0.0,0.0,0.0,100.0,80.4225186532242,33.40992612173338,402.1995940688206,-98.3655182594236,1.0,49.99805233585478
107.60000000000001,0.0,0.0,0.0,100.0,80.44218555984844,33.40938295826134,402.17546851982297,-98.33453312117187,1.0,50.01567586325175
107.65,0.0,0.0,0.0,100.0,80.46184627139709,33.408837859922535,402.08344735310334,-98.30355774323871,1.0,49.98758773561433
107.7,0.0,0.0,0.0,100.0,80.48150078982161,33.40829082943242,401.5558980361459,-98.27259212254958,1.0,49.97989573280225
107.75,0.0,0.0,0.0,100.0,80.50114911707281,33.40774186950347,401.0663416928779,-98.24163625603096,1.0,50.05051689995196
107.80000000000001,0.0,0.0,0.0,100.0,80.52079125510093,33.407190982845215,401.29155370279705,-98.21069014061032,1.0,49.98694117668586
107.85000000000001,0.0,0.0,0.0,100.0,80.54042720585558,33.40663817216423,402.2343793318833,-98.17975377321602,1.0,50.050363803025995
107.9,0.0,0.0,0.0,100.0,80.56005697128573,33.406083440164124,401.0242515803286,-98.14882715077745,1.0,49.994489115486495
107.95,0.0,0.0,0.0,100.0,80.57968055333977,33.405526789545576,402.1426702515438,-98.11791027022497,1.0,50.00312096655574
108.0,0.0,0.0,0.0,100.0,80.59929795396546,33.40496822300631,402.5860553493171,-98.08700312848985,1.0,49.95069158600512
108.05000000000001,0.0,0.0,0.0,100.0,80.61890917510996,33.4044077432411,400.890716889756,-98.0561057225044,1.0,50.04861956100611
108.10000000000001,0.0,0.0,0.0,100.0,80.6385142187198,33.403845352941794,401.64791359524355,-98.0252180492018,1.0,49.89448756414484
108.15,0.0,0.0,0.0,100.0,80.65811308674091,33.40328105479729,401.83841927592323,-97.99434010551629,1.0,50.073833478555905
108.2,0.0,0.0,0.0,100.0,80.67770578111859,33.40271485149356,401.28726759452667,-97.96347188838305,1.0,50.14015975723684
108.25,0.0,0.0,0.0,100.0,80.69729230379754,33.40214674571365,401.50117115458517,-97.93261339473821,1.0,50.00522065124755
108.30000000000001,0.0,0.0,0.0,100.0,80.71687265672185,33.401576740137656,401.31176340766484,-97.90176462151886,1.0,50.00249662092176
108.35000000000001,0.0,0.0,0.0,100.0,80.73644684183498,33.40100483744277,401.85567298688005,-97.87092556566309,1.0,49.910630365860136
108.4,0.0,0.0,0.0,100.0,80.75601486107979,33.40043104030325,403.3366772799621,-97.84009622410991,1.0,49.97027976985888
108.45,0.0,0.0,0.0,100.0,80.77557671639855,33.39985535139046,401.677749031238,-97.80927659379932,1.0,50.05814215276122
108.5,0.0,0.0,0.0,100.0,80.79513240973289,33.3992777733728,402.8333238827677,-97.77846667167228,1.0,50.06758621208026
108.55000000000001,0.0,0.0,0.0,100.0,80.81468194302381,33.398698308915804,401.3268221277012,-97.74766645467069,1.0,50.01283454056968
108.60000000000001,0.0,0.0,0.0,100.0,80.83422531821176,33.39811696068207,400.9879413131824,-97.71687593973749,1.0,50.05410230487934
108.65,0.0,0.0,0.0,100.0,80.85376253723653,33.39753373133129,401.11224846743005,-97.68609512381647,1.0,49.95180792058345
108.7,0.0,0.0,0.0,100.0,80.87329360203731,33.396948623520274,401.92945638428057,-97.65532400385246,1.0,50.02670039366846
108.75,0.0,0.0,0.0,100.0,80.89281851455267,33.3963616399029,401.8018040416006,-97.62456257679125,1.0,50.091145020603975
108.80000000000001,0.0,0.0,0.0,100.0,80.91233727672059,33.39577278313016,402.29510497891806,-97.59381083957955,1.0,50.03868348524385
108.85000000000001,0.0,0.0,0.0,100.0,80.93184989047843,33.395182055850164,401.3199981889955,-97.56306878916506,1.0,50.101962073852725
108.9,0.0,0.0,0.0,100.0,80.95135635776293,33.39458946070811,401.5343791377769,-97.53233642249646,1.0,50.10425254597923
108.95,0.0,0.0,0.0,100.0,80.97085668051024,33.39399500034632,402.9482219261904,-97.50161373652338,1.0,50.03075939194183
109.0,0.0,0.0,0.0,100.0,80.99035086065588,33.393398677404235,402.45434325238205,-97.47090072819636,1.0,49.815024814216585
109.05000000000001,0.0,0.0,0.0,100.0,81.00983890013477,33.39280049451839,401.8420474197355,-97.44019739446698,1.0,50.06612993839517
109.10000000000001,0.0,0.0,0.0,100.0,81.02932080088122,33.392200454322456,402.40301530382004,-97.40950373228773,1.0,49.92681659971401
109.15,0.0,0.0,0.0,100.0,81.04879656482895,33.391598559447225,401.7951103102757,-97.37881973861207,1.0,49.84781806968793
109.2,0.0,0.0,0.0,100.0,81.06826619391103,33.39099481252061,402.1496785293269,-97.34814541039441,1.0,49.88700029592639
109.25,0.0,0.0,0.0,100.0,81.08772969005994,33.390389216167655,402.50963142827,-97.31748074459013,1.0,50.07096349164304
109.30000000000001,0.0,0.0,0.0,100.0,81.10718705520758,33.38978177301054,401.7084191160332,-97.28682573815557,1.0,50.03127655582725
109.35000000000001,0.0,0.0,0.0,100.0,81.12663829128519,33.389172485668574,401.8382627964114,-97.25618038804807,1.0,50.014514503700894
109.4,0.0,0.0,0.0,100.0,81.14608340022343,33.3885613567582,401.3743917009902,-97.22554469122582,1.0,50.03734955739439
109.45,0.0,0.0,0.0,100.0,81.16552238395236,33.387948388893015,401.1286376707546,-97.1949186446481,1.0,49.890204190260235
109.5,0.0,0.0,0.0,100.0,81.18495524440142,33.387333584683745,401.8894746199933,-97.16430224527502,1.0,49.98732540322332
109.55000000000001,0.0,0.0,0.0,100.0,81.20438198349943,33.38671694673827,402.0877977553874,-97.13369549006777,1.0,49.96102955058582
109.60000000000001,0.0,0.0,0.0,100.0,81.22380260317463,33.38609847766161,402.895700454234,-97.1030983759884,1.0,50.00963629936277
109.65,0.0,0.0,0.0,100.0,81.24321710535463,33.38547818005595,402.0705028613936,-97.07251089999995,1.0,50.01183403264442
109.7,0.0,0.0,0.0,100.0,81.26262549196645,33.38485605652062,402.45672387708834,-97.04193305906645,1.0,50.034561044869065
109.75,0.0,0.0,0.0,100.0,81.28202776493647,33.38423210965211,402.1774844827515,-97.01136485015283,1.0,50.04415904629194
109.80000000000001,0.0,0.0,0.0,100.0,81.30142392619052,33.383606342044075,401.04537442458087,-96.98080627022506,1.0,49.89278914096485
109.85000000000001,0.0,0.0,0.0,100.0,81.32081397765377,33.38297875628733,401.92085820070463,-96.95025731624993,1.0,49.988139567039084
109.9,0.0,0.0,0.0,100.0,81.3401979212508,33.382349354969854,402.24999794579384,-96.9197179851953,1.0,50.00120101413101
109.95,0.0,0.0,0.0,100.0,81.3595757589056,33.38171814067681,402.2522305616944,-96.88918827402998,1.0,49.92526428382632
110.0,0.0,0.0,0.0,100.0,81.37894749254156,33.38108511599051,401.9571305003631,-96.85866817972367,1.0,49.91953659572253
110.05000000000001,0.0,0.0,0.0,100.0,81.39831312408141,33.38045028349046,402.1571360643758,-96.82815769924704,1.0,49.8873028974582
110.10000000000001,0.0,0.0,0.0,100.0,81.41767265544732,33.37981364575334,402.1390660787249,-96.79765682957178,1.0,49.91186003714618
110.15,0.0,0.0,0.0,100.0,81.43702608856086,33.379175205353,401.77435068586925,-96.76716556767047,1.0,50.053695661486955
110.2,0.0,0.0,0.0,100.0,81.45637342534296,33.37853496486049,402.0810077506859,-96.73668391051663,1.0,49.90126038657654
110.25,0.0,0.0,0.0,100.0,81.47571466771397,33.37789292684404,401.63232362894644,-96.70621185508483,1.0,49.90991728847139
110.30000000000001,0.0,0.0,0.0,100.0,81.49504981759364,33.37724909386907,401.1223437175172,-96.67574939835049,1.0,50.007059790568036
110.35000000000001,0.0,0.0,0.0,100.0,81.51437887690109,33.37660346849818,402.25107417636514,-96.64529653729002,1.0,50.02643635524294
110.4,0.0,0.0,0.0,100.0,81.53370184755487,33.3759560532912,402.27344007064846,-96.61485326888076,1.0,49.99928534894685
110.45,0.0,0.0,0.0,100.0,81.55301873147289,33.37530685080512,401.8366328339347,-96.58441959010109,1.0,49.93561584037626
110.5,0.0,0.0,0.0,100.0,81.57232953057247,33.37465586359415,401.7544890091323,-96.5539954979302,1.0,49.92071909688043
110.55000000000001,0.0,0.0,0.0,100.0,81.59163424677034,33.374003094209705,401.55314660485794,-96.52358098934836,1.0,50.00533561222628
110.60000000000001,0.0,0.0,0.0,100.0,81.6109328819826,33.3733485452004,401.9180264698999,-96.49317606133671,1.0,50.18388368227369
110.65,0.0,0.0,0.0,100.0,81.63022543812478,33.37269221911207,401.30523148212103,-96.4627807108774,1.0,49.99249407675009
110.7,0.0,0.0,0.0,100.0,81.64951191711177,33.372034118487754,401.26746261454815,-96.43239493495346,1.0,49.9767328474418
110.75,0.0,0.0,0.0,100.0,81.66879232085788,33.37137424586771,401.80698109056135,-96.40201873054896,1.0,50.05069280157399
110.80000000000001,0.0,0.0,0.0,100.0,81.6880666512768,33.370712603789414,401.7568930457903,-96.37165209464884,1.0,49.98852082399663
110.85000000000001,0.0,0.0,0.0,100.0,81.70733491028165,33.37004919478756,401.76776559037376,-96.34129502423905,1.0,49.915936895356566
110.9,0.0,0.0,0.0,100.0,81.72659709978491,33.369384021394076,401.6580712644733,-96.3109475163064,1.0,49.97708379709497
110.95,0.0,0.0,0.0,100.0,81.74585322169848,33.36871708613811,402.02223289350115,-96.28060956783877,1.0,50.03353683723349
111.0,0.0,0.0,0.0,100.0,81.76510327793365,33.36804839154604,401.86921882115763,-96.25028117582488,1.0,49.98486942416112
111.05000000000001,0.0,0.0,0.0,100.0,81.7843472704011,33.36737794014147,401.12730724389064,-96.2199623372545,1.0,50.03238407103538
111.10000000000001,0.0,0.0,0.0,100.0,81.80358520101092,33.36670573444526,401.6409612497049,-96.18965304911826,1.0,50.04482739429378
111.15,0.0,0.0,0.0,100.0,81.8228170716726,33.36603177697549,402.64832616049614,-96.1593533084078,1.0,49.98872509839842
111.2,0.0,0.0,0.0,100.0,81.84204288429503,33.365356070247486,401.4796461627373,-96.12906311211565,1.0,49.99899808321482
111.25,0.0,0.0,0.0,100.0,81.86126264078648,33.364678616773816,402.16684804206164,-96.09878245723533,1.0,49.9810687999252
111.30000000000001,0.0,0.0,0.0,100.0,81.88047634305462,33.3639994190643,401.71167270179404,-96.0685113407613,1.0,50.03381193264185
111.35000000000001,0.0,0.0,0.0,100.0,81.89968399300656,33.36331847962601,402.2436755308803,-96.03824975968897,1.0,49.97922262158037
111.4,0.0,0.0,0.0,100.0,81.91888559254876,33.36263580096327,401.1690474216889,-96.00799771101467,1.0,50.02738269112277
111.45,0.0,0.0,0.0,100.0,81.93808114358711,33.36195138557764,401.6136106422397,-95.9777551917357,1.0,50.01286046452222
111.5,0.0,0.0,0.0,100.0,81.95727064802688,33.36126523596797,402.0740462134146,-95.9475221988503,1.0,49.88666315437744
111.55000000000001,0.0,0.0,0.0,100.0,81.97645410777275,33.36057735463035,402.04020142248766,-95.91729872935767,1.0,50.030871951522464
111.60000000000001,0.0,0.0,0.0,100.0,81.99563152472881,33.35988774405814,402.31942939485435,-95.88708478025792,1.0,50.00704194506578
111.65,0.0,0.0,0.0,100.0,82.01480290079851,33.359196406741965,401.0134523964703,-95.85688034855212,1.0,50.0766248637312
111.7,0.0,0.0,0.0,100.0,82.03396823788476,33.35850334516972,402.20874860790957,-95.82668543124234,1.0,49.92780084023777
111.75,0.0,0.0,0.0,100.0,82.05312753788984,33.35780856182658,401.6105472343178,-95.7965000253315,1.0,50.01387345255767
111.80000000000001,0.0,0.0,0.0,100.0,82.0722808027154,33.35711205919498,402.3455119559884,-95.76632412782351,1.0,49.97072222861914
111.85000000000001,0.0,0.0,0.0,100.0,82.09142803426255,33.356413839754644,402.4195732927731,-95.73615773572324,1.0,49.89243399025399
111.9,0.0,0.0,0.0,100.0,82.11056923443175,33.355713905982576,401.4867714382011,-95.70600084603649,1.0,49.87613815940948
111.95,0.0,0.0,0.0,100.0,82.12970440512291,33.35501226035306,401.56048835201585,-95.67585345577,1.0,50.09048463107265
112.0,0.0,0.0,0.0,100.0,82.14883354823529,33.35430890533766,403.0392816456026,-95.64571556193142,1.0,50.014075428093825
112.05000000000001,0.0,0.0,0.0,100.0,82.16795666566759,33.353603843405246,401.6923551548092,-95.61558716152942,1.0,49.986701605948944
112.10000000000001,0.0,0.0,0.0,100.0,82.1870737593179,33.352897077021964,402.24942855938605,-95.58546825157354,1.0,49.90622114890166
112.15,0.0,0.0,0.0,100.0,82.20618483108372,33.35218860865127,401.72769750701553,-95.55535882907431,1.0,50.086093584467015
112.2,0.0,0.0,0.0,100.0,82.22528988286193,33.3514784407539,401.49228016700704,-95.52525889104315,1.0,49.95505850604431
112.25,0.0,0.0,0.0,100.0,82.24438891654883,33.35076657578791,402.0229197620734,-95.49516843449246,1.0,50.016988535570285
112.30000000000001,0.0,0.0,0.0,100.0,82.26348193404012,33.35005301620863,401.7050082692587,-95.4650874564356,1.0,50.00461786299512
112.35000000000001,0.0,0.0,0.0,100.0,82.28256893723089,33.349337764468736,402.3226670434861,-95.43501595388682,1.0,50.117687109425816
112.4,0.0,0.0,0.0,100.0,82.30164992801566,33.34862082301817,401.95676169725687,-95.40495392386134,1.0,49.997522161079566
112.45,0.0,0.0,0.0,100.0,82.32072490828834,33.347902194304226,402.78479629653964,-95.37490136337533,1.0,49.96705004850212
112.5,0.0,0.0,0.0,100.0,82.33979387994223,33.34718188077148,401.3600794700799,-95.34485826944585,1.0,50.01501493853954
112.55000000000001,0.0,0.0,0.0,100.0,82.35885684487005,33.34645988486184,402.56152898836916,-95.31482463909097,1.0,50.02166282811198
112.60000000000001,0.0,0.0,0.0,100.0,82.37791380496391,33.34573620901452,401.9761187629867,-95.28480046932967,1.0,49.91309639761191
112.65,0.0,0.0,0.0,100.0,82.39696476211535,33.345010855666075,401.9966267117497,-95.25478575718184,1.0,50.07398929557898
112.7,0.0,0.0,0.0,100.0,82.41600971821528,33.34428382725038,401.40993716304394,-95.22478049966833,1.0,49.985315169571805
112.75,0.0,0.0,0.0,100.0,82.43504867515404,33.34355512619863,401.83443733408774,-95.19478469381094,1.0,49.95813772576174
112.80000000000001,0.0,0.0,0.0,100.0,82.45408163482136,33.342824754939365,402.1533248258208,-95.16479833663239,1.0,50.02659831447536
112.85000000000001,0.0,0.0,0.0,100.0,82.4731085991064,33.34209271589844,402.24696002651103,-95.13482142515635,1.0,49.941391414183094
112.9,0.0,0.0,0.0,100.0,82.49212956989768,33.34135901149905,401.2087376047767,-95.10485395640742,1.0,50.015743306191844
112.95,0.0,0.0,0.0,100.0,82.51114454908317,33.340623644161745,401.7799524364248,-95.07489592741115,1.0,50.110298742781204
113.0,0.0,0.0,0.0,100.0,82.53015353855021,33.3398866163044,402.9763489379071,-95.04494733519401,1.0,50.11944138766376
113.05000000000001,0.0,0.0,0.0,100.0,82.54915654018556,33.339147930342236,401.56522039974396,-95.01500817678341,1.0,50.034162145204526
113.10000000000001,0.0,0.0,0.0,100.0,82.56815355587541,33.33840758868783,402.47193349699427,-94.98507844920773,1.0,50.04550125401266
113.15,0.0,0.0,0.0,100.0,82.5871445875053,33.337665593751105,401.86043928224154,-94.95515814949621,1.0,50.07674989417792
113.2,0.0,0.0,0.0,100.0,82.60612963696025,33.33692194793933,402.03905639147155,-94.92524727467914,1.0,50.00768636749613
113.25,0.0,0.0,0.0,100.0,82.6251087061246,33.336176653657134,401.2710824444468,-94.8953458217876,1.0,50.03868589817438
113.30000000000001,0.0,0.0,0.0,100.0,82.64408179688218,33.3354297133065,401.9109732138105,-94.86545378785375,1.0,50.027886731726035
113.35000000000001,0.0,0.0,0.0,100.0,82.66304891111616,33.33468112928679,402.1599154490918,-94.83557116991058,1.0,50.010856194599825
113.4,0.0,0.0,0.0,100.0,82.68201005070917,33.333930903994705,402.0206809699974,-94.80569796499204,1.0,50.04719598407963
113.45,0.0,0.0,0.0,100.0,82.7009652175432,33.33317903982432,401.945270273395,-94.77583417013305,1.0,49.91268815483282
113.5,0.0,0.0,0.0,100.0,82.71991441349968,33.33242553916709,402.33037275931383,-94.74597978236945,1.0,49.9514596685053
113.55000000000001,0.0,0.0,0.0,100.0,82.73885764045943,33.331670404411824,401.38494207787454,-94.716134798738,1.0,49.93866539995145
113.60000000000001,0.0,0.0,0.0,100.0,82.75779490030268,33.33091363794471,402.18991686089936,-94.6862992162764,1.0,49.99420887181431
113.65,0.0,0.0,0.0,100.0,82.77672619490909,33.33015524214933,400.983086457423,-94.65647303202327,1.0,49.97698064341684
113.7,0.0,0.0,0.0,100.0,82.7956515261577,33.32939521940662,402.63522051493555,-94.62665624301819,1.0,49.972922259743996
113.75,0.0,0.0,0.0,100.0,82.81457089592696,33.328633572094915,401.9690431851902,-94.59684884630163,1.0,50.06257948623963
113.80000000000001,0.0,0.0,0.0,100.0,82.83348430609475,33.327870302589936,402.4507022798457,-94.56705083891502,1.0,50.061305065259106
113.85000000000001,0.0,0.0,0.0,100.0,82.85239175853833,33.327105413264775,400.6678566640566,-94.53726221790077,1.0,50.104011382306524
113.9,0.0,0.0,0.0,100.0,82.87129325513439,33.32633890648994,402.37350913475467,-94.50748298030211,1.0,50.14768858484145
113.95,0.0,0.0,0.0,100.0,82.89018879775902,33.3255707846333,401.6653209793447,-94.47771312316333,1.0,49.89419296366106
114.0,0.0,0.0,0.0,100.0,82.90907838828772,33.324801050060145,402.06126793063606,-94.44795264352953,1.0,49.98347766021457
114.05000000000001,0.0,0.0,0.0,100.0,82.92796202859542,33.324029705133164,402.3856650315897,-94.41820153844682,1.0,50.06449570067518
114.10000000000001,0.0,0.0,0.0,100.0,82.94683972055641,33.32325675221243,402.016359934935,-94.38845980496222,1.0,49.98555751725124
114.15,0.0,0.0,0.0,100.0,82.96571146604444,33.322482193655425,402.3225405149255,-94.35872744012364,1.0,49.98462028005845
114.2,0.0,0.0,0.0,100.0,82.98457726693263,33.32170603181705,401.89236278282834,-94.32900444098,1.0,50.06222809632052
114.25,0.0,0.0,0.0,100.0,83.00343712509355,33.3209282690496,402.6934156202711,-94.2992908045811,1.0,50.065037974631785
114.30000000000001,0.0,0.0,0.0,100.0,83.02229104239915,33.320148907702794,401.98058432454866,-94.26958652797764,1.0,49.87161266073481
114.35000000000001,0.0,0.0,0.0,100.0,83.04113902072079,33.31936795012375,401.9917682574729,-94.23989160822134,1.0,49.95452119923938
114.4,0.0,0.0,0.0,100.0,83.05998106192926,33.318585398657014,402.0021805417044,-94.21020604236475,1.0,49.95973454643694
114.45,0.0,0.0,0.0,100.0,83.07881716789475,33.317801255644554,402.05784450491575,-94.1805298274614,1.0,49.93764346224611
114.5,0.0,0.0,0.0,100.0,83.09764734048687,33.31701552342575,401.4290267267431,-94.15086296056576,1.0,50.073361488954255
114.55000000000001,0.0,0.0,0.0,100.0,83.11647158157461,33.31622820433743,401.58572728200323,-94.12120543873317,1.0,50.00001989751538
114.60000000000001,0.0,0.0,0.0,100.0,83.13528989302642,33.31543930071381,402.54898378682054,-94.09155725901998,1.0,50.054858247573776
114.65,0.0,0.0,0.0,100.0,83.15410227671012,33.314648814886574,402.47032037217224,-94.06191841848339,1.0,50.018171990870094
114.7,0.0,0.0,0.0,100.0,83.17290873449295,33.31385674918482,402.436067461658,-94.03228891418156,1.0,50.08238528795637
114.75,0.0,0.0,0.0,100.0,83.19170926824158,33.31306310593509,402.28774627365794,-94.0026687431736,1.0,49.889767859191146
114.80000000000001,0.0,0.0,0.0,100.0,83.21050387982208,33.31226788746136,401.8121371745676,-93.97305790251951,1.0,50.041782204303324
114.85000000000001,0.0,0.0,0.0,100.0,83.22929257109995,33.31147109608504,401.76402424359804,-93.94345638928021,1.0,50.097206368367516
114.9,0.0,0.0,0.0,100.0,83.24807534394004,33.310672734125,402.0471503611232,-93.91386420051758,1.0,50.005114926281564
114.95,0.0,0.0,0.0,100.0,83.2668522002067,33.30987280389754,402.6422800714706,-93.88428133329442,1.0,49.989029006161445
115.0,0.0,0.0,0.0,100.0,83.28562314176364,33.309071307716415,402.1692138188726,-93.85470778467445,1.0,50.05394740903995
115.05000000000001,0.0,0.0,0.0,100.0,83.30438817047398,33.30826824789283,401.34610695437186,-93.82514355172226,1.0,49.982882110256746
115.10000000000001,0.0,0.0,0.0,100.0,83.32314728820029,33.30746362673546,402.4979855036657,-93.79558863150348,1.0,50.00393600890055
115.15,0.0,0.0,0.0,100.0,83.34190049680451,33.30665744655041,402.8182419882252,-93.76604302108454,1.0,49.90544459850879
115.2,0.0,0.0,0.0,100.0,83.36064779814802,33.305849709641265,401.24074005706257,-93.73650671753288,1.0,50.046181190997366
115.25,0.0,0.0,0.0,100.0,83.3793891940916,33.305040418309055,402.5198100401056,-93.70697971791687,1.0,49.98840499959009
115.30000000000001,0.0,0.0,0.0,100.0,83.39812468649546,33.30422957485229,402.2882687571357,-93.67746201930572,1.0,50.04471241865789
115.35000000000001,0.0,0.0,0.0,100.0,83.41685427721922,33.30341718156694,401.68230471164657,-93.64795361876965,1.0,49.95758909749704
115.4,0.0,0.0,0.0,100.0,83.43557796812189,33.30260324074644,402.18526379473263,-93.61845451337973,1.0,50.05424533759362
115.45,0.0,0.0,0.0,100.0,83.45429576106193,33.30178775468171,401.50858626573216,-93.58896470020802,1.0,49.9881231420839
115.5,0.0,0.0,0.0,100.0,83.4730076578972,33.30097072566114,401.97061007016936,-93.55948417632746,1.0,50.02507754630257
115.55000000000001,0.0,0.0,0.0,100.0,83.49171366048496,33.30015215597058,402.08954249157557,-93.53001293881191,1.0,49.96724698497183
115.60000000000001,0.0,0.0,0.0,100.0,83.51041377068191,33.29933204789339,402.7193374910806,-93.50055098473618,1.0,49.96764455110275
115.65,0.0,0.0,0.0,100.0,83.52910799034414,33.29851040371039,401.95016897699196,-93.471098311176,1.0,49.904510141844824
115.7,0.0,0.0,0.0,100.0,83.54779632132718,33.297687225699896,401.74056641167476,-93.44165491520796,1.0,50.030964564580344
115.75,0.0,0.0,0.0,100.0,83.56647876548597,33.29686251613771,402.2588421537799,-93.41222079390968,1.0,50.035971019403945
115.80000000000001,0.0,0.0,0.0,100.0,83.58515532467484,33.29603627729712,402.375193778105,-93.3827959443596,1.0,50.12526284217771
115.85000000000001,0.0,0.0,0.0,100.0,83.60382600074757,33.29520851144891,401.72693431507867,-93.35338036363713,1.0,49.90283457539391
115.9,0.0,0.0,0.0,100.0,83.62249079555734,33.294379220861366,401.5767479586917,-93.32397404882256,1.0,49.957780889850106
115.95,0.0,0.0,0.0,100.0,83.64114971095674,33.293548407800266,401.61602135071513,-93.29457699699718,1.0,50.00561965085869
116.0,0.0,0.0,0.0,100.0,83.65980274879779,33.29271607452888,402.73067226858416,-93.26518920524313,1.0,50.0923795443782
116.05000000000001,0.0,0.0,0.0,100.0,83.67844991093192,33.29188222330801,402.35765869811195,-93.23581067064347,1.0,50.12847633292724
116.10000000000001,0.0,0.0,0.0,100.0,83.69709119920998,33.29104685639592,401.9284771850045,-93.20644139028222,1.0,49.902048857479855
116.15,0.0,0.0,0.0,100.0,83.71572661548223,33.29020997604842,402.6344116481622,-93.17708136124428,1.0,49.88968433649506
116.2,0.0,0.0,0.0,100.0,83.73435616159834,33.289371584518825,401.7314796387447,-93.14773058061549,1.0,50.03120673394537
116.25,0.0,0.0,0.0,100.0,83.75297983940744,33.28853168405794,402.058948581008,-93.1183890454826,1.0,49.98854283422771
116.30000000000001,0.0,0.0,0.0,100.0,83.77159765075803,33.28769027691412,401.5209021107362,-93.08905675293326,1.0,49.999351856634
116.35000000000001,0.0,0.0,0.0,100.0,83.79020959749803,33.28684736533321,402.61428581292006,-93.05973370005611,1.0,50.00119807499216
116.4,0.0,0.0,0.0,100.0,83.80881568147483,33.286002951558594,401.6984987055415,-93.03041988394058,1.0,49.92514769236416
116.45,0.0,0.0,0.0,100.0,83.82741590453516,33.28515703783117,401.709971066216,-93.00111530167713,1.0,50.02354002514486
116.5,0.0,0.0,0.0,100.0,83.84601026852523,33.284309626389366,402.28772583684093,-92.97181995035712,1.0,49.95196957396426
116.55000000000001,0.0,0.0,0.0,100.0,83.86459877529064,33.28346071946914,401.0117009783878,-92.94253382707275,1.0,50.02520076582033
116.60000000000001,0.0,0.0,0.0,100.0,83.88318142667643,33.282610319303984,401.669382609474,-92.91325692891724,1.0,50.041343748740914
116.65,0.0,0.0,0.0,100.0,83.90175822452703,33.28175842812492,401.74133674346047,-92.88398925298462,1.0,49.94072597277981
116.7,0.0,0.0,0.0,100.0,83.9203291706863,33.2809050481605,402.1971324098113,-92.85473079636992,1.0,50.14146195380158
116.75,0.0,0.0,0.0,100.0,83.93889426699754,33.28005018163683,402.49621597960606,-92.82548155616907,1.0,50.00817315795235
116.80000000000001,0.0,0.0,0.0,100.0,83.95745351530343,33.27919383077755,402.30228091642834,-92.79624152947888,1.0,49.89493304831086
116.85000000000001,0.0,0.0,0.0,100.0,83.97600691744611,33.27833599780384,401.5628387634899,-92.7670107133971,1.0,49.84934426809717
116.9,0.0,0.0,0.0,100.0,83.99455447526712,33.27747668493444,402.99009933333554,-92.73778910502236,1.0,50.091643161749346
116.95,0.0,0.0,0.0,100.0,84.01309619060741,33.27661589438562,402.3227247230031,-92.70857670145428,1.0,50.008106906185056
117.0,0.0,0.0,0.0,100.0,84.03163206530738,33.27575362837122,401.351673169277,-92.67937349979331,1.0,49.98684200238496
117.05000000000001,0.0,0.0,0.0,100.0,84.05016210120681,33.27488988910262,403.024816457254,-92.65017949714088,1.0,50.00788495989174
117.10000000000001,0.0,0.0,0.0,100.0,84.06868630014493,33.27402467878876,401.8474492694829,-92.62099469059928,1.0,49.894515760399784
117.15,0.0,0.0,0.0,100.0,84.08720466396039,33.273157999636155,402.821076988116,-92.59181907727172,1.0,49.99579497193834
117.2,0.0,0.0,0.0,100.0,84.10571719449125,33.27228985384886,401.25370845647006,-92.5626526542624,1.0,49.94454405907571
117.25,0.0,0.0,0.0,100.0,84.12422389357498,33.271420243628505,401.4944572707267,-92.53349541867628,1.0,49.99209538845728
117.30000000000001,0.0,0.0,0.0,100.0,84.1427247630485,33.27054917117429,402.23804629793415,-92.5043473676194,1.0,49.96980697614329
117.35000000000001,0.0,0.0,0.0,100.0,84.16121980474814,33.26967663868297,402.52405028267503,-92.4752084981986,1.0,50.00472813442835
117.4,0.0,0.0,0.0,100.0,84.17970902050965,33.26880264834889,402.66783298606754,-92.44607880752167,1.0,49.978568355315154
117.45,0.0,0.0,0.0,100.0,84.19819241216818,33.26792720236396,403.66048903624716,-92.41695829269729,1.0,49.96613067659156
117.5,0.0,0.0,0.0,100.0,84.21666998155835,33.26705030291766,401.68731032909795,-92.38784695083511,1.0,49.938421966994255
117.55000000000001,0.0,0.0,0.0,100.0,84.23514173051416,33.26617195219707,402.0346536844713,-92.3587447790456,1.0,49.896827834548056
117.60000000000001,0.0,0.0,0.0,100.0,84.25360766086905,33.26529215238683,402.2885538305874,-92.3296517744402,1.0,49.885681773826114
117.65,0.0,0.0,0.0,100.0,84.27206777445588,33.26441090566917,402.22325586989336,-92.30056793413124,1.0,49.918924895354216
117.7,0.0,0.0,0.0,100.0,84.29052207310693,33.263528214223925,401.9529213417462,-92.27149325523199,1.0,50.03627242394794
117.75,0.0,0.0,0.0,100.0,84.3089705586539,33.26264408022849,403.29673416344014,-92.24242773485659,1.0,49.93531996875313
117.80000000000001,0.0,0.0,0.0,100.0,84.32741323292792,33.26175850585787,402.07070351146245,-92.21337137012011,1.0,49.95657447951347
117.85000000000001,0.0,0.0,0.0,100.0,84.34585009775955,33.26087149328466,401.71207362829085,-92.18432415813851,1.0,49.957101600201824
117.9,0.0,0.0,0.0,100.0,84.36428115497876,33.25998304467906,402.56018821962107,-92.1552860960287,1.0,49.97071664814618
117.95,0.0,0.0,0.0,100.0,84.38270640641494,33.259093162208856,403.27395716211873,-92.12625718090847,1.0,50.02495875535369
118.0,0.0,0.0,0.0,100.0,84.40112585389691,33.25820184803944,401.6454409526402,-92.09723740989647,1.0,49.977997689071294
118.05000000000001,0.0,0.0,0.0,100.0,84.41953949925293,33.257309104333814,401.750667897628,-92.06822678011235,1.0,50.0480041191768
118.10000000000001,0.0,0.0,0.0,100.0,84.43794734431067,33.25641493325257,401.33334631307673,-92.03922528867662,1.0,49.91954291717385
118.15,0.0,0.0,0.0,100.0,84.45634939089722,33.25551933695394,401.85810747010015,-92.0102329327107,1.0,50.0409768075883
118.2,0.0,0.0,0.0,100.0,84.47474564083909,33.25462231759373,402.77155469451935,-91.98124970933688,1.0,50.08283253144637
118.25,0.0,0.0,0.0,100.0,84.49313609596223,33.25372387732539,402.4210689843463,-91.95227561567843,1.0,49.99502662781852
118.30000000000001,0.0,0.0,0.0,100.0,84.511520758092,33.252824018299975,402.5546244375388,-91.92331064885948,1.0,49.931329962954095
118.35000000000001,0.0,0.0,0.0,100.0,84.5298996290532,33.25192274266615,401.23612586724136,-91.89435480600508,1.0,50.02619825466119
118.4,0.0,0.0,0.0,100.0,84.54827271067005,33.251020052570226,401.6567578565144,-91.86540808424121,1.0,49.99608159607007
118.45,0.0,0.0,0.0,100.0,84.56664000476619,33.250115950156115,402.2205527999497,-91.83647048069467,1.0,50.0148871735507
118.5,0.0,0.0,0.0,100.0,84.58500151316468,33.24921043756536,402.6307769283988,-91.80754199249326,1.0,50.049924511297505
118.55000000000001,0.0,0.0,0.0,100.0,84.60335723768804,33.248303516937135,402.26052270015504,-91.77862261676562,1.0,49.97347908317184
118.60000000000001,0.0,0.0,0.0,100.0,84.62170718015817,33.24739519040825,402.21804485876936,-91.74971235064132,1.0,49.9642273749995
118.65,0.0,0.0,0.0,100.0,84.64005134239642,33.24648546011314,402.0670901418266,-91.72081119125087,1.0,50.15709040541483
118.7,0.0,0.0,0.0,100.0,84.65838972622356,33.245574328183885,402.25753988232157,-91.69191913572564,1.0,50.02701470102225
118.75,0.0,0.0,0.0,100.0,84.67672233345981,33.244661796750194,401.81484477717953,-91.6630361811979,1.0,50.061204404985794
118.80000000000001,0.0,0.0,0.0,100.0,84.69504916592477,33.243747867939426,402.54886102371944,-91.6341623248008,1.0,50.046041153279305
118.85000000000001,0.0,0.0,0.0,100.0,84.7133702254375,33.24283254387658,402.27730978744853,-91.60529756366849,1.0,50.062051405746004
118.9,0.0,0.0,0.0,100.0,84.73168551381649,33.2419158266843,402.8068457551775,-91.57644189493593,1.0,50.01698593516096
118.95,0.0,0.0,0.0,100.0,84.74999503287964,33.24099771848287,402.1148356113655,-91.54759531573903,1.0,50.05367425940688
119.0,0.0,0.0,0.0,100.0,84.76829878444428,33.24007822139025,401.7212174129217,-91.51875782321456,1.0,49.95692238316308
119.05000000000001,0.0,0.0,0.0,100.0,84.78659677032718,33.239157337522016,402.1477678115383,-91.48992941450025,1.0,49.89551857589371
119.10000000000001,0.0,0.0,0.0,100.0,84.80488899234453,33.238235068991436,402.58935317809784,-91.46111008673469,1.0,49.94222516675205
119.15,0.0,0.0,0.0,100.0,84.82317545231194,33.23731141790941,401.9409472305697,-91.43229983705736,1.0,49.98720322425921
119.2,0.0,0.0,0.0,100.0,84.84145615204447,33.23638638638451,402.1974729938923,-91.40349866260868,1.0,49.97938080341462
119.25,0.0,0.0,0.0,100.0,84.85973109335657,33.23545997652297,402.14528054317316,-91.37470656052994,1.0,49.996422342056576
119.30000000000001,0.0,0.0,0.0,100.0,84.87800027806216,33.23453219042868,401.95658671366374,-91.34592352796341,1.0,49.95360833254168
119.35000000000001,0.0,0.0,0.0,100.0,84.89626370797457,33.23360303020321,402.7219749224645,-91.3171495620521,1.0,49.873735657863996
119.4,0.0,0.0,0.0,100.0,84.91452138490656,33.232672497945806,402.0795157908245,-91.28838465994005,1.0,49.97186603168695
119.45,0.0,0.0,0.0,100.0,84.93277331067031,33.231740595753365,402.3929041660808,-91.25962881877216,1.0,49.91274243220886
119.5,0.0,0.0,0.0,100.0,84.95101948707745,33.23080732572047,401.9347504469426,-91.23088203569425,1.0,49.99385841596062
119.55000000000001,0.0,0.0,0.0,100.0,84.96925991593902,33.22987268993938,402.72081426016763,-91.20214430785303,1.0,50.019931098007724
119.60000000000001,0.0,0.0,0.0,100.0,84.9874945990655,33.22893669050003,401.5951673296496,-91.17341563239604,1.0,49.97075139687676
119.65,0.0,0.0,0.0,100.0,85.00572353826679,33.227999329490046,402.63107073431235,-91.14469600647183,1.0,49.92795350804462
119.7,0.0,0.0,0.0,100.0,85.02394673535224,33.227060608994734,402.14985618960253,-91.1159854272298,1.0,49.99945277284842
119.75,0.0,0.0,0.0,100.0,85.0421641921306,33.22612053109709,401.9974197026564,-91.08728389182022,1.0,50.161745106967935
119.80000000000001,0.0,0.0,0.0,100.0,85.06037591041007,33.225179097877785,401.98507805485474,-91.0585913973943,1.0,50.026985909562065
119.85000000000001,0.0,0.0,0.0,100.0,85.0785818919983,33.2242363114152,401.8094254196767,-91.02990794110413,1.0,50.031664879519965
119.9,0.0,0.0,0.0,100.0,85.09678213870232,33.22329217378539,402.6291016167787,-91.00123352010267,1.0,49.96472215779524
119.95,0.0,0.0,0.0,100.0,85.11497665232864,33.22234668706213,402.1674883927806,-90.97256813154384,1.0,49.946283213806545
